Residence,Gurdaspur - Rural,Gurdaspur - Total,Kapurthala - Urban,Kapurthala - Rural,Kapurthala - Total,Jalandhar - Urban,Jalandhar - Rural,Jalandhar - Total,Hoshiarpur - Rural,Hoshiarpur - Total,Shahid Bhagat Singh Nagar - Urban,Shahid Bhagat Singh Nagar - Rural,Shahid Bhagat Singh Nagar - Total,Fatehgarh Sahib - Urban,Fatehgarh Sahib - Rural,Fatehgarh Sahib - Total,Ludhiana - Urban,Ludhiana - Rural,Ludhiana - Total,Moga - Rural,Moga - Total,Firozpur - Rural,Firozpur - Total,Muktsar - Rural,Muktsar - Total,Faridkot - Urban,Faridkot - Rural,Faridkot - Total,Bathinda - Urban,Bathinda - Rural,Bathinda - Total,Mansa - Rural,Mansa - Total,Patiala - Urban,Patiala - Rural,Patiala - Total,Amritsar - Urban,Amritsar - Rural,Amritsar - Total,Tarn Taran - Rural,Tarn Taran - Total,Rupnagar - Rural,Rupnagar - Total,Sahibzada Ajit Singh Nagar - Urban,Sahibzada Ajit Singh Nagar - Rural,Sahibzada Ajit Singh Nagar - Total,Sangrur - Rural,Sangrur - Total,Barnala - Urban,Barnala - Rural,Barnala - Total,Note of Gurdaspur - Rural,Note of Gurdaspur - Total,Note of Kapurthala - Urban,Note of Kapurthala - Rural,Note of Kapurthala - Total,Note of Jalandhar - Urban,Note of Jalandhar - Rural,Note of Jalandhar - Total,Note of Hoshiarpur - Rural,Note of Hoshiarpur - Total,Note of Shahid Bhagat Singh Nagar - Urban,Note of Shahid Bhagat Singh Nagar - Rural,Note of Shahid Bhagat Singh Nagar - Total,Note of Fatehgarh Sahib - Urban,Note of Fatehgarh Sahib - Rural,Note of Fatehgarh Sahib - Total,Note of Ludhiana - Urban,Note of Ludhiana - Rural,Note of Ludhiana - Total,Note of Moga - Rural,Note of Moga - Total,Note of Firozpur - Rural,Note of Firozpur - Total,Note of Muktsar - Rural,Note of Muktsar - Total,Note of Faridkot - Urban,Note of Faridkot - Rural,Note of Faridkot - Total,Note of Bathinda - Urban,Note of Bathinda - Rural,Note of Bathinda - Total,Note of Mansa - Rural,Note of Mansa - Total,Note of Patiala - Urban,Note of Patiala - Rural,Note of Patiala - Total,Note of Amritsar - Urban,Note of Amritsar - Rural,Note of Amritsar - Total,Note of Tarn Taran - Rural,Note of Tarn Taran - Total,Note of Rupnagar - Rural,Note of Rupnagar - Total,Note of Sahibzada Ajit Singh Nagar - Urban,Note of Sahibzada Ajit Singh Nagar - Rural,Note of Sahibzada Ajit Singh Nagar - Total,Note of Sangrur - Rural,Note of Sangrur - Total,Note of Barnala - Urban,Note of Barnala - Rural,Note of Barnala - Total
Households surveyed,855.82,1261.19,172.42,288.23,460.65,774.2,645.23,1419.43,784.48,1007.1,77.6,282.19,359.78,111.84,226.29,338.13,1344.99,786.17,2131.15,420.07,564.37,777.35,1093.18,353.92,556.09,156.62,453.69,610.31,370.33,424.67,795,346.02,452.56,584.35,622.28,1206.64,744.98,605.71,1350.69,526,630.43,273.11,391.93,317.24,224.28,541.52,604.17,928.92,118.01,231.92,349.93,NA,NA,NA,NA,NA,NA,NA,NA,NA,NA,NA,NA,NA,NA,NA,NA,NA,NA,NA,NA,NA,NA,NA,NA,NA,NA,NA,NA,NA,NA,NA,NA,NA,NA,NA,NA,NA,NA,NA,NA,NA,NA,NA,NA,NA,NA,NA,NA,NA,NA,NA
Women age 15-49 years interviewed,1012.22,1463.59,190.64,343.05,533.69,912.81,782.41,1695.22,893.9,1133.01,81.82,330.55,412.37,123.68,285.37,409.06,1443.46,917.39,2360.84,504.89,665.58,964.66,1321.17,410.94,642.88,189.4,524.79,714.19,430.02,530.74,960.76,407.59,533.75,700.85,774.59,1475.43,894.57,783.9,1678.48,637.97,774.11,334.9,480.36,367.29,291.29,658.59,770.26,1171.71,133.94,265.26,399.21,NA,NA,NA,NA,NA,NA,NA,NA,NA,NA,NA,NA,NA,NA,NA,NA,NA,NA,NA,NA,NA,NA,NA,NA,NA,NA,NA,NA,NA,NA,NA,NA,NA,NA,NA,NA,NA,NA,NA,NA,NA,NA,NA,NA,NA,NA,NA,NA,NA,NA,NA
Men age 15-49 years interviewed,177.97,266.56,27.5,52.86,80.35,137.2,113.28,250.48,124.34,181.74,11.52,44.3,55.82,16.96,43.84,60.8,240.66,130.7,371.36,74.98,103.82,139.43,169.91,70.28,118.77,27.8,107.64,135.44,62.01,92.83,154.83,59.29,77.35,129.36,104.5,233.87,116.25,122,238.26,81.18,107.1,45.62,62.48,63.9,54.99,118.89,121.11,179.27,22.17,49.32,71.5,NA,NA,NA,NA,NA,NA,NA,NA,NA,NA,NA,NA,NA,NA,NA,NA,NA,NA,NA,NA,NA,NA,NA,NA,NA,NA,NA,NA,NA,NA,NA,NA,NA,NA,NA,NA,NA,NA,NA,NA,NA,NA,NA,NA,NA,NA,NA,NA,NA,NA,NA
1. Population (female) age 6+ years who ever attended school (%),77.02,79.42,82.04,77.03,78.79,86.1,76.21,81.46,82.12,83.39,81.51,73.6,75.22,83.17,77.73,79.46,83.94,79.14,82.01,67.69,71.72,62.98,67.42,66.01,71.5,79.7,67.26,70.49,79.28,64.52,71.09,59.01,61.95,86.88,67.47,76.76,84.94,68.56,77.35,69.12,70.26,80.3,81.31,84.55,78.47,81.88,64.56,68.49,75.59,65.79,68.96,NA,NA,NA,NA,NA,NA,NA,NA,NA,NA,NA,NA,NA,NA,NA,NA,NA,NA,NA,NA,NA,NA,NA,NA,NA,NA,NA,NA,NA,NA,NA,NA,NA,NA,NA,NA,NA,NA,NA,NA,NA,NA,NA,NA,NA,NA,NA,NA,NA,NA,NA
2. Population below age 15 years (%),23.11,23.06,21.8,22.68,22.36,19.99,19.9,19.95,22.5,22.72,22.19,22.31,22.28,22.04,20.93,21.29,24.51,20.65,23.03,24.25,23.29,26.56,25.99,24.56,23.39,22.56,23.1,22.96,24.05,21.45,22.61,22.22,23.21,20.78,24.11,22.56,25.41,27.35,26.3,26.43,25.54,22.84,23.28,23.66,25.94,24.68,21.12,21.66,22.46,20.98,21.45,NA,NA,NA,NA,NA,NA,NA,NA,NA,NA,NA,NA,NA,NA,NA,NA,NA,NA,NA,NA,NA,NA,NA,NA,NA,NA,NA,NA,NA,NA,NA,NA,NA,NA,NA,NA,NA,NA,NA,NA,NA,NA,NA,NA,NA,NA,NA,NA,NA,NA,NA
3. Sex ratio of the total population (females per 1000 males),892.68,897.98,910.57,985.48,957.76,933.35,976.51,952.85,945.42,943.24,952.13,1026.63,1010.53,883.43,948.35,927.03,822.91,928.87,862.14,881.76,897.43,906.85,889.59,839.15,860.48,923.97,876.29,888.33,916.22,912.48,914.15,909.57,907.68,944.31,867.55,902.52,883.41,955.84,916.04,914.92,914.02,961.34,949.58,881.44,842.21,863.69,874,892.56,884.39,867.34,872.77,NA,NA,NA,NA,NA,NA,NA,NA,NA,NA,NA,NA,NA,NA,NA,NA,NA,NA,NA,NA,NA,NA,NA,NA,NA,NA,NA,NA,NA,NA,NA,NA,NA,NA,NA,NA,NA,NA,NA,NA,NA,NA,NA,NA,NA,NA,NA,NA,NA,NA,NA
4. Sex ratio at birth for children born in the last five years (females per 1000 males),703.01,828.95,800.39,762.07,776.38,634.19,849.15,711.39,828.96,894.12,NA,1148.39,1153.5,607.47,1032.67,871.79,751.48,978.54,827.27,984.3,1057.03,1136.26,1014.36,741.95,748.4,965.55,969,968.05,1146.95,857.27,990.89,1006.77,883.53,927.03,893.03,908.64,593.1,973.54,772.14,998.04,961.68,967.22,827.23,739.84,923.54,815.21,719.86,736.18,956.57,1059.64,1025.52,NA,NA,NA,NA,NA,NA,NA,NA,NA,NA,*,NA,NA,NA,NA,NA,NA,NA,NA,NA,NA,NA,NA,NA,NA,NA,NA,NA,NA,NA,NA,NA,NA,NA,NA,NA,NA,NA,NA,NA,NA,NA,NA,NA,NA,NA,NA,NA,NA,NA,NA
5. Children under age 5 years whose birth was registered (%),100,100,94.56,98.98,97.33,98.7,100,99.2,98.39,98.76,97.81,98.89,98.69,96.93,100,99.13,97.26,100,98.24,99.6,99.33,98.22,98.35,99.62,98.69,100,100,100,96.79,100,98.43,98.54,96.82,95.07,100,97.74,98.11,96.91,97.46,99.62,99.67,98.43,98.27,96.44,96.81,96.59,97.68,96.27,96.13,100,98.72,NA,NA,NA,NA,NA,NA,NA,NA,NA,NA,NA,NA,NA,NA,NA,NA,NA,NA,NA,NA,NA,NA,NA,NA,NA,NA,NA,NA,NA,NA,NA,NA,NA,NA,NA,NA,NA,NA,NA,NA,NA,NA,NA,NA,NA,NA,NA,NA,NA,NA,NA
6. Households with electricity (%),100,99.64,93.88,98.89,97.02,100,99.47,99.76,99.69,99.76,99.39,99.84,99.74,99.85,100,99.95,100,99.72,99.89,99.55,99.43,99.52,99.66,99.66,99.62,100,98.56,98.93,99.79,99.17,99.46,99.69,99.76,100,99.76,99.88,99.5,99.26,99.39,99.5,99.58,100,100,99.2,100,99.53,99.42,99.52,99.56,100,99.85,NA,NA,NA,NA,NA,NA,NA,NA,NA,NA,NA,NA,NA,NA,NA,NA,NA,NA,NA,NA,NA,NA,NA,NA,NA,NA,NA,NA,NA,NA,NA,NA,NA,NA,NA,NA,NA,NA,NA,NA,NA,NA,NA,NA,NA,NA,NA,NA,NA,NA,NA
7. Households with an improved drinking-water source1 (%),99.79,99.57,99.08,98.7,98.84,100,99.58,99.81,100,99.8,100,99.84,99.87,99.03,99.77,99.52,100,100,100,98.78,99.09,96.77,96.77,99.08,98.74,96.16,97.65,97.27,96.6,96.84,96.73,98.4,98.38,99.21,99.53,99.37,100,100,100,100,100,99.66,99.76,99.31,99.51,99.39,97.79,98.56,100,98.3,98.87,NA,NA,NA,NA,NA,NA,NA,NA,NA,NA,NA,NA,NA,NA,NA,NA,NA,NA,NA,NA,NA,NA,NA,NA,NA,NA,NA,NA,NA,NA,NA,NA,NA,NA,NA,NA,NA,NA,NA,NA,NA,NA,NA,NA,NA,NA,NA,NA,NA,NA,NA
8. Households using improved sanitation facility2 (%),70.21,74.67,76.99,84.72,81.83,91.71,86.2,89.2,72.36,76.19,80.04,82.06,81.62,80.48,84.2,82.97,75.29,90.09,80.75,85.38,86.88,73.43,77.12,75.02,79.57,86.03,82.87,83.68,91.52,79.23,84.96,73.31,74.98,91.95,83.22,87.45,83.68,71.68,78.3,75.4,77.9,77.56,80.85,86.35,69.48,79.36,87.1,87.67,85.53,85.54,85.54,NA,NA,NA,NA,NA,NA,NA,NA,NA,NA,NA,NA,NA,NA,NA,NA,NA,NA,NA,NA,NA,NA,NA,NA,NA,NA,NA,NA,NA,NA,NA,NA,NA,NA,NA,NA,NA,NA,NA,NA,NA,NA,NA,NA,NA,NA,NA,NA,NA,NA,NA
9. Households using clean fuel for cooking3 (%),59.7,69.77,89.2,68.26,76.1,91.89,62.91,78.72,55.8,62.71,75.63,49.46,55.1,91.16,58.68,69.42,92.35,50.14,76.78,43.33,55.35,37.01,49.58,43.26,59.26,87.69,56.05,64.17,88.35,40.25,62.66,28.09,40.57,93.58,45.07,68.57,92.02,49.14,72.79,48.58,55.08,57.63,67.57,94.03,61.83,80.7,34.74,51.8,76.32,43.23,54.39,NA,NA,NA,NA,NA,NA,NA,NA,NA,NA,NA,NA,NA,NA,NA,NA,NA,NA,NA,NA,NA,NA,NA,NA,NA,NA,NA,NA,NA,NA,NA,NA,NA,NA,NA,NA,NA,NA,NA,NA,NA,NA,NA,NA,NA,NA,NA,NA,NA,NA,NA
10. Households using iodized salt (%),98.44,98.61,98.73,98.44,98.55,99.02,97.89,98.5,98.55,98.87,100,98.69,98.97,97.08,98.36,97.94,98.4,99,98.62,98.59,98.6,98.59,98.87,99.13,99.07,99.02,97.61,97.97,99.61,97.91,98.7,95.83,96.11,98.85,97.45,98.13,99.32,99.78,99.53,98.9,98.84,97.48,97.74,98.68,98.7,98.69,94.05,95.64,97.74,97.88,97.83,NA,NA,NA,NA,NA,NA,NA,NA,NA,NA,NA,NA,NA,NA,NA,NA,NA,NA,NA,NA,NA,NA,NA,NA,NA,NA,NA,NA,NA,NA,NA,NA,NA,NA,NA,NA,NA,NA,NA,NA,NA,NA,NA,NA,NA,NA,NA,NA,NA,NA,NA
11. Households with any usual member covered by a health scheme or health insurance (%),24.31,22.37,29.2,22.35,24.92,15.87,17.04,16.4,16.89,15.97,23.07,29.69,28.26,30.2,44.87,40.02,18.43,33.47,23.98,15.45,18.52,21.69,20.1,21.01,23.04,21.58,26.12,24.96,16.82,18.67,17.81,23.27,22.64,18.83,10.49,14.53,22.73,16.07,19.74,18.24,16.44,45.41,41.8,26.78,32.32,29.08,13.49,15.29,18.69,29.3,25.72,NA,NA,NA,NA,NA,NA,NA,NA,NA,NA,NA,NA,NA,NA,NA,NA,NA,NA,NA,NA,NA,NA,NA,NA,NA,NA,NA,NA,NA,NA,NA,NA,NA,NA,NA,NA,NA,NA,NA,NA,NA,NA,NA,NA,NA,NA,NA,NA,NA,NA,NA
12. Women who are literate (%),86.73,88.21,86.72,87.35,87.13,90.86,87.14,89.14,90.12,90.38,84.5,87.26,86.72,87.41,88.87,88.42,83.92,86.58,84.95,74.73,77.89,62.61,67.68,70.4,77.42,83.33,74.55,76.88,82.67,70.86,76.15,65.88,68.35,90.82,77.13,83.63,84.98,71.17,78.53,74.16,75.48,89.96,88.64,87.15,80.77,84.33,71.49,74.29,81.14,75.04,77.08,NA,NA,NA,NA,NA,NA,NA,NA,NA,NA,NA,NA,NA,NA,NA,NA,NA,NA,NA,NA,NA,NA,NA,NA,NA,NA,NA,NA,NA,NA,NA,NA,NA,NA,NA,NA,NA,NA,NA,NA,NA,NA,NA,NA,NA,NA,NA,NA,NA,NA,NA
13. Men who are literate (%),90.68,90.4,82.89,89.55,87.27,91.17,89.66,90.49,75.98,81.73,NA,97.87,96.27,94.94,95.3,95.2,89.3,83.25,87.17,83.09,85.55,84.44,82.44,83.64,88.99,97.52,80.35,83.87,90.22,87.57,88.63,85.6,87.03,95.41,92.61,94.16,93.6,76.71,84.95,76.84,76.27,95.1,95.19,95.18,86.23,91.04,85.16,86.04,77.92,81.74,80.55,NA,NA,NA,NA,NA,NA,NA,NA,NA,NA,*,NA,NA,NA,NA,NA,NA,NA,NA,NA,NA,NA,NA,NA,NA,NA,NA,NA,NA,NA,NA,NA,NA,NA,NA,NA,NA,NA,NA,NA,NA,NA,NA,NA,NA,NA,NA,NA,NA,NA,NA
14. Women with 10 or more years of schooling (%),57.58,62.72,66.39,56.06,59.75,75.07,61.14,68.64,62.22,64.26,60.43,57.91,58.41,65.59,55.43,58.5,67.92,53.98,62.5,40.95,47.12,26.98,34.51,40.49,47.64,59.65,46.94,50.31,65,39.27,50.79,34.13,38.18,74.68,42.46,57.76,63.04,41.67,53.06,43.78,46.01,59.3,61.18,70.11,46.18,59.53,41.38,47.77,55.87,41.08,46.04,NA,NA,NA,NA,NA,NA,NA,NA,NA,NA,NA,NA,NA,NA,NA,NA,NA,NA,NA,NA,NA,NA,NA,NA,NA,NA,NA,NA,NA,NA,NA,NA,NA,NA,NA,NA,NA,NA,NA,NA,NA,NA,NA,NA,NA,NA,NA,NA,NA,NA,NA
15. Women age 20-24 years married before age 18 years (%),9.23,7.49,9.85,4.99,6.71,8.92,0,4.55,7.07,6.71,12.88,2.78,5.06,6.58,8.95,8.25,3.3,10.15,6.37,11.51,10.77,8.73,7.53,10.44,8.59,8.61,10.58,9.92,3.78,6.88,5.71,11.31,13.29,3.11,8.22,5.59,12.65,8.61,10.28,8.09,7.67,4.17,4.49,11.94,12.24,12.09,7.6,8.4,6.78,13.3,11.11,NA,NA,NA,NA,NA,NA,NA,NA,NA,NA,NA,NA,NA,NA,NA,NA,NA,NA,NA,NA,NA,NA,NA,NA,NA,NA,NA,NA,NA,NA,NA,NA,NA,NA,NA,NA,NA,NA,NA,NA,NA,NA,NA,NA,NA,NA,NA,NA,NA,NA,NA
16. Men age 25-29 years married before age 21 years (%),NA,3.43,NA,NA,NA,NA,NA,11.42,NA,NA,NA,NA,NA,NA,NA,1.64,NA,NA,NA,NA,0.01,NA,7.51,NA,12.67,NA,NA,34.53,NA,NA,22.48,NA,10.6,NA,NA,8.28,NA,NA,9.88,NA,6.94,NA,NA,NA,NA,14.08,NA,13.27,NA,NA,18.19,*,NA,*,*,*,*,*,NA,*,*,*,*,*,*,*,NA,*,*,*,*,NA,*,NA,*,NA,*,*,NA,*,*,NA,*,NA,*,*,NA,*,*,NA,*,NA,*,*,*,*,NA,*,NA,*,*,NA
17. Women age 15-19 years who were already mothers or pregnant at the time of the survey (%),4.17,4.06,3.86,0,1.64,2.63,1.57,2.15,1.83,1.53,NA,1.01,0.81,2.12,0,0.53,2.38,1.54,2.02,6.28,5.52,2.23,1.89,2.69,3.48,4.85,3.75,4.04,3.43,4.69,4.17,3.92,3.19,5.02,0.82,2.47,0,1.3,0.65,2.44,1.98,1.21,1.66,2,3.41,2.67,3.68,3.34,3.82,4.57,4.34,NA,NA,NA,NA,NA,NA,NA,NA,NA,NA,*,NA,NA,NA,NA,NA,NA,NA,NA,NA,NA,NA,NA,NA,NA,NA,NA,NA,NA,NA,NA,NA,NA,NA,NA,NA,NA,NA,NA,NA,NA,NA,NA,NA,NA,NA,NA,NA,NA,NA,NA
18. Any method (%),76.57,74.45,71.68,69.08,70.02,75.28,64.56,70.56,69.73,70.32,60.15,65.81,64.65,70.14,75.48,73.84,72.29,73.53,72.75,74.19,76.64,82.3,80.85,83.7,84.81,84.95,80.28,81.48,81.38,83.61,82.61,77.05,78.33,79.42,78.88,79.13,84.52,76.63,80.96,80.31,80.84,73.54,75,75.3,75.63,75.45,66.78,65.58,82.6,76.69,78.61,NA,NA,NA,NA,NA,NA,NA,NA,NA,NA,NA,NA,NA,NA,NA,NA,NA,NA,NA,NA,NA,NA,NA,NA,NA,NA,NA,NA,NA,NA,NA,NA,NA,NA,NA,NA,NA,NA,NA,NA,NA,NA,NA,NA,NA,NA,NA,NA,NA,NA,NA
19. Any modern method (%),70.71,68.51,67.62,63.45,64.95,61.42,48.41,55.69,63.75,63.47,44.27,51.29,49.86,55.79,57.59,57.04,60.13,64.27,61.65,66.38,67.39,76.85,75.05,78.51,79.15,80.09,71.69,73.85,74.73,79.34,77.27,69.7,70.17,69.1,67.93,68.46,72.87,70.05,71.6,76.94,76.79,60.72,61.47,50.31,61.71,55.43,57.63,56.63,67.27,68.88,68.35,NA,NA,NA,NA,NA,NA,NA,NA,NA,NA,NA,NA,NA,NA,NA,NA,NA,NA,NA,NA,NA,NA,NA,NA,NA,NA,NA,NA,NA,NA,NA,NA,NA,NA,NA,NA,NA,NA,NA,NA,NA,NA,NA,NA,NA,NA,NA,NA,NA,NA,NA
20. Female sterilization (%),44.73,42.09,37.77,41.94,40.44,25.52,28.87,27,38.78,37.41,20.64,24.29,23.55,21.73,27.83,25.95,30.36,40.71,34.17,38.87,37.47,52.97,49.72,51.22,48.99,46.59,48.65,48.12,37.59,47.7,43.16,42.83,42.89,31.04,37.34,34.48,33.14,41.53,36.92,50.21,49.55,31.65,30.27,17.54,38.37,26.89,32.26,29.4,40.72,44.83,43.49,NA,NA,NA,NA,NA,NA,NA,NA,NA,NA,NA,NA,NA,NA,NA,NA,NA,NA,NA,NA,NA,NA,NA,NA,NA,NA,NA,NA,NA,NA,NA,NA,NA,NA,NA,NA,NA,NA,NA,NA,NA,NA,NA,NA,NA,NA,NA,NA,NA,NA,NA
21. Male sterilization (%),0,0.4,1.36,0.31,0.68,0.24,0,0.14,0.78,1,1.01,0.46,0.57,0.46,0.34,0.37,0.22,1.25,0.6,0.19,0.15,0.35,0.25,0.8,0.53,0,0.15,0.11,0.38,1.3,0.89,0.71,0.53,0.64,0.22,0.41,0.27,2.27,1.17,0.92,0.77,0.95,0.83,0.69,1.33,0.98,0.35,0.33,0.53,0.25,0.34,NA,NA,NA,NA,NA,NA,NA,NA,NA,NA,NA,NA,NA,NA,NA,NA,NA,NA,NA,NA,NA,NA,NA,NA,NA,NA,NA,NA,NA,NA,NA,NA,NA,NA,NA,NA,NA,NA,NA,NA,NA,NA,NA,NA,NA,NA,NA,NA,NA,NA,NA
22. IUD/PPIUD (%),3.82,4.1,5.96,3.41,4.33,9.88,4.15,7.35,3.77,4.11,3.69,1.84,2.21,2.7,5.42,4.58,9.16,3.75,7.17,4.77,5.57,5.9,6.55,11.49,12.51,11.76,10.91,11.13,12.06,9.15,10.46,8.77,7.55,3.87,7.59,5.91,10.63,7.62,9.27,8.08,7.13,2.91,3.3,5.93,3.32,4.76,5.65,4.66,6.2,10.65,9.2,NA,NA,NA,NA,NA,NA,NA,NA,NA,NA,NA,NA,NA,NA,NA,NA,NA,NA,NA,NA,NA,NA,NA,NA,NA,NA,NA,NA,NA,NA,NA,NA,NA,NA,NA,NA,NA,NA,NA,NA,NA,NA,NA,NA,NA,NA,NA,NA,NA,NA,NA
23. Pill (%),2.63,1.81,1.92,1.9,1.91,2.45,2.34,2.4,3.13,2.62,0.96,1.55,1.43,3.08,1.29,1.84,2.1,1.17,1.76,2.16,2.57,3.56,3.47,2.44,2.25,2.16,2.45,2.37,2.42,2.31,2.36,4.41,3.63,6.66,3.92,5.17,2.56,1.67,2.16,1.74,1.94,3.18,2.62,1.26,1.13,1.2,2.96,2.65,2.56,2.84,2.75,NA,NA,NA,NA,NA,NA,NA,NA,NA,NA,NA,NA,NA,NA,NA,NA,NA,NA,NA,NA,NA,NA,NA,NA,NA,NA,NA,NA,NA,NA,NA,NA,NA,NA,NA,NA,NA,NA,NA,NA,NA,NA,NA,NA,NA,NA,NA,NA,NA,NA,NA
24. Condom (%),19.52,20.12,20.61,15.9,17.59,22.66,13.05,18.42,17.29,18.18,17.97,22.9,21.9,27.14,22.71,24.08,18.29,17.38,17.95,20.04,21.08,14.07,15.06,12.55,14.58,19.59,9.53,12.11,22.29,18.88,20.41,12.78,15.42,26.88,18.61,22.36,26.28,16.95,22.07,15.85,17.28,21.84,24.32,24.88,17.3,21.48,15.89,19.24,17.27,9.47,12.01,NA,NA,NA,NA,NA,NA,NA,NA,NA,NA,NA,NA,NA,NA,NA,NA,NA,NA,NA,NA,NA,NA,NA,NA,NA,NA,NA,NA,NA,NA,NA,NA,NA,NA,NA,NA,NA,NA,NA,NA,NA,NA,NA,NA,NA,NA,NA,NA,NA,NA,NA
25. Total unmet need (%),5.48,5.24,7.83,8.47,8.24,8.04,15.27,11.23,10.3,8.96,8.21,13.51,12.43,9.88,4.48,6.14,4.53,5.87,5.02,7.43,6.35,3.53,4.17,1.71,1.9,2.3,6.79,5.63,3.93,3.64,3.77,4.82,4.89,4.34,3.09,3.66,3.55,4.59,4.02,3.81,3.45,11.03,10.74,6.92,6.54,6.75,12.24,11.91,5.15,5.71,5.53,NA,NA,NA,NA,NA,NA,NA,NA,NA,NA,NA,NA,NA,NA,NA,NA,NA,NA,NA,NA,NA,NA,NA,NA,NA,NA,NA,NA,NA,NA,NA,NA,NA,NA,NA,NA,NA,NA,NA,NA,NA,NA,NA,NA,NA,NA,NA,NA,NA,NA,NA
26. Unmet need for spacing (%),2.84,2.7,2.04,1.23,1.52,2.89,4.83,3.75,4.26,3.75,4.14,3.64,3.75,2.81,1.19,1.69,1.48,3.12,2.09,2.74,2.21,1.66,1.89,0.2,0.65,1.39,5.1,4.14,1.51,1.55,1.53,1.21,1.23,3.14,1.24,2.1,1.1,2.52,1.74,1.79,1.62,2.76,2.58,1.42,1.53,1.47,3.8,3.1,1.74,2.24,2.07,NA,NA,NA,NA,NA,NA,NA,NA,NA,NA,NA,NA,NA,NA,NA,NA,NA,NA,NA,NA,NA,NA,NA,NA,NA,NA,NA,NA,NA,NA,NA,NA,NA,NA,NA,NA,NA,NA,NA,NA,NA,NA,NA,NA,NA,NA,NA,NA,NA,NA,NA
27. Health worker ever talked to female non-users about family planning5 (%),50.65,45.94,35.21,32.92,33.73,33.8,21.59,27.88,39.98,43.11,13.2,24,22,45.58,46.38,46.13,18.5,19.04,18.73,19.23,19.98,34.01,32.38,45.1,42.58,25.24,30.99,29.52,21.17,23.14,22.26,37.26,33.72,30.57,24.49,27.58,20.91,24.11,22.54,46.39,42.05,27.62,30.43,27.64,23.66,25.87,14.02,16.2,32.21,37.83,35.96,NA,NA,NA,NA,NA,NA,NA,NA,NA,NA,NA,NA,NA,NA,NA,NA,NA,NA,NA,NA,NA,NA,NA,NA,NA,NA,NA,NA,NA,NA,NA,NA,NA,NA,NA,NA,NA,NA,NA,NA,NA,NA,NA,NA,NA,NA,NA,NA,NA,NA,NA
28. Current users ever told about side effects of current method (%),94.83,95.83,93.59,92.02,92.62,86.91,71.72,81.72,75.59,79.32,NA,55.97,58.22,73.77,NA,89.75,63.45,56.5,60.88,76.69,83.83,68.81,70.11,97.77,93.99,92.8,73.36,77.84,87.27,92.98,90.27,61.94,59.76,85.43,75.52,79.96,93.58,80.57,87.75,98,98.17,80.79,72.38,NA,64.41,72.91,56.65,60.05,86.86,78.91,80.68,NA,NA,NA,NA,NA,NA,NA,NA,NA,NA,*,NA,NA,NA,*,NA,NA,NA,NA,NA,NA,NA,NA,NA,NA,NA,NA,NA,NA,NA,NA,NA,NA,NA,NA,NA,NA,NA,NA,NA,NA,NA,NA,*,NA,NA,NA,NA,NA,NA,NA
29. Mothers who had antenatal check-up in the first trimester (%),74.03,72.03,91.39,90.32,90.7,83.57,80.17,82.35,69.18,70.44,88.14,91.65,90.88,78.74,81.1,80.28,75.7,86.82,79.91,74,74.21,64.85,61.86,72.1,68.34,83.16,68.92,72.99,68.3,90.99,79.64,65.79,66.6,77.74,68.25,72.78,86.93,83.32,85.15,79.61,77.29,81.94,79.08,84.18,90.48,86.86,56.04,57.43,77.42,64.12,68.46,NA,NA,NA,NA,NA,NA,NA,NA,NA,NA,NA,NA,NA,NA,NA,NA,NA,NA,NA,NA,NA,NA,NA,NA,NA,NA,NA,NA,NA,NA,NA,NA,NA,NA,NA,NA,NA,NA,NA,NA,NA,NA,NA,NA,NA,NA,NA,NA,NA,NA,NA
30. Mothers who had at least 4 antenatal care visits (%),65.15,63.41,81.35,74.34,76.85,74.51,65.78,71.36,69.82,69.8,80.98,91.92,89.52,66.29,62.27,63.68,67.57,73.75,69.91,67.16,69.71,69.89,66.66,65.86,64.86,70.17,89.39,83.91,65.12,68.28,66.7,63.9,65.91,65.7,61.45,63.48,78.39,73.76,76.11,48.08,50.08,74.22,74.8,86.19,71.31,79.87,56.65,54.74,60.15,56.22,57.5,NA,NA,NA,NA,NA,NA,NA,NA,NA,NA,NA,NA,NA,NA,NA,NA,NA,NA,NA,NA,NA,NA,NA,NA,NA,NA,NA,NA,NA,NA,NA,NA,NA,NA,NA,NA,NA,NA,NA,NA,NA,NA,NA,NA,NA,NA,NA,NA,NA,NA,NA
31. Mothers whose last birth was protected against neonatal tetanus6 (%),96.24,95.27,90.66,93.29,92.35,95.72,92.2,94.45,93.36,94.88,91.02,94.81,93.98,96.37,96.56,96.49,98.85,97.1,98.19,96.53,96.26,88.74,90.2,96.63,97.73,88.58,87.89,88.09,90.91,88.64,89.78,85.85,86.02,84.51,85.5,85.03,100,97.01,98.53,96.69,97.15,98.63,96.56,86.4,78.78,83.17,83.31,83.84,95.96,88.58,90.99,NA,NA,NA,NA,NA,NA,NA,NA,NA,NA,NA,NA,NA,NA,NA,NA,NA,NA,NA,NA,NA,NA,NA,NA,NA,NA,NA,NA,NA,NA,NA,NA,NA,NA,NA,NA,NA,NA,NA,NA,NA,NA,NA,NA,NA,NA,NA,NA,NA,NA,NA
32. Mothers who consumed iron folic acid for 100 days or more when they were pregnant (%),53.57,52.17,47.96,35.77,40.13,63.17,35.75,53.28,35.22,35.57,40.16,50.82,48.48,23.39,49.32,40.25,41.53,42.64,41.95,36.03,40.59,22.2,25.9,42.68,48.43,43.86,39.09,40.45,42.8,32.73,37.77,34.88,31.99,43.99,31.13,37.28,45.82,41.95,43.91,57.03,57.6,50.27,47.3,66.35,53.46,60.88,33.44,33.26,37.99,39.82,39.22,NA,NA,NA,NA,NA,NA,NA,NA,NA,NA,NA,NA,NA,NA,NA,NA,NA,NA,NA,NA,NA,NA,NA,NA,NA,NA,NA,NA,NA,NA,NA,NA,NA,NA,NA,NA,NA,NA,NA,NA,NA,NA,NA,NA,NA,NA,NA,NA,NA,NA,NA
33. Mothers who had full antenatal care7 (%),28.92,28.29,42.18,30.51,34.68,46.33,20.29,36.93,25.98,27.21,32.27,47.2,43.94,13.54,25.71,21.46,29.26,32.89,30.63,25.88,31.13,18.12,19.5,27.9,29.38,33.06,35.05,34.48,33.36,25.12,29.24,21.26,21.11,33.85,18.34,25.75,38.2,36.66,37.44,30.3,33.07,40.69,38.71,60.6,42.73,53.02,21.9,21.89,21.19,23.91,23.02,NA,NA,NA,NA,NA,NA,NA,NA,NA,NA,NA,NA,NA,NA,NA,NA,NA,NA,NA,NA,NA,NA,NA,NA,NA,NA,NA,NA,NA,NA,NA,NA,NA,NA,NA,NA,NA,NA,NA,NA,NA,NA,NA,NA,NA,NA,NA,NA,NA,NA,NA
34. Registered pregnancies for which the mother received Mother and Child Protection (MCP) card (%),96.21,96.18,100,98.85,99.24,92.54,100,95.5,92.24,93.14,92.59,88.88,89.65,93.97,93.45,93.63,93.01,96.47,94.41,94.55,94.55,94.07,94.7,98.02,96.82,93.88,100,98.31,93.82,97.01,95.46,92.48,93.25,94.17,97.94,96.14,97.92,96.84,97.35,99.07,99.18,96.39,97.41,92.67,96.6,94.41,88.79,85.57,84.6,94.25,91.48,NA,NA,NA,NA,NA,NA,NA,NA,NA,NA,NA,NA,NA,NA,NA,NA,NA,NA,NA,NA,NA,NA,NA,NA,NA,NA,NA,NA,NA,NA,NA,NA,NA,NA,NA,NA,NA,NA,NA,NA,NA,NA,NA,NA,NA,NA,NA,NA,NA,NA,NA
35. Mothers who received postnatal care from a doctor/nurse/LHV/ANM/midwife/other health personnel within 2 days of delivery (%),83.74,83.66,89.43,96.72,94.11,93.27,93.26,93.27,83.55,84.35,75.32,93.47,89.5,78.52,85.33,82.95,80.45,89.25,83.78,92.52,92.11,80.05,80.4,88.73,88.62,89.15,95.68,93.82,88.93,96.01,92.47,91.95,88.83,94.67,93.11,93.86,90.84,85.72,88.32,86.42,87.01,87.1,85.03,84.26,82.22,83.39,79.67,80.23,86.3,84.08,84.8,NA,NA,NA,NA,NA,NA,NA,NA,NA,NA,NA,NA,NA,NA,NA,NA,NA,NA,NA,NA,NA,NA,NA,NA,NA,NA,NA,NA,NA,NA,NA,NA,NA,NA,NA,NA,NA,NA,NA,NA,NA,NA,NA,NA,NA,NA,NA,NA,NA,NA,NA
36. Mothers who received financial assistance under Janani Suraksha Yojana (JSY) for births delivered in an institution (%),13.25,12.95,26.27,32.3,30.24,17.65,30.75,22.53,33.54,31.42,22.49,23.96,23.7,14.58,19.86,18.05,6.13,18.7,11.15,29.04,27.41,23.76,20.63,22.66,19.43,23.93,23.04,23.29,12.08,21.03,16.62,26.01,23.02,15.51,17.23,16.4,13.9,24.29,18.92,24.38,25.58,27.02,26.21,9.16,16.56,12.17,11.15,8.89,23.98,33.49,30.38,NA,NA,NA,NA,NA,NA,NA,NA,NA,NA,NA,NA,NA,NA,NA,NA,NA,NA,NA,NA,NA,NA,NA,NA,NA,NA,NA,NA,NA,NA,NA,NA,NA,NA,NA,NA,NA,NA,NA,NA,NA,NA,NA,NA,NA,NA,NA,NA,NA,NA,NA
37. Average out of pocket expenditure per delivery in public health facility (Rs.),1959.91,1631.02,1848.72,3131.01,2679.11,2094.31,4245.49,3134.95,1145.8,1057.26,NA,1534.88,1916.72,2375.89,4448.34,3861.85,1004.45,1480.71,1269.07,1055.33,995.22,1098.43,1118.89,1453.5,1494.09,1545.53,2195.36,1983.88,1221.77,1587.5,1426.59,1628.93,1553.19,1822.35,2480.27,2215.5,1361.17,2299.91,1949.25,1450.27,1407.92,2254.02,2258.4,2003.97,3313.69,2607.32,2940.18,2973.08,2458.96,2128.6,2227.07,NA,NA,NA,NA,NA,NA,NA,NA,NA,NA,*,NA,NA,NA,NA,NA,NA,NA,NA,NA,NA,NA,NA,NA,NA,NA,NA,NA,NA,NA,NA,NA,NA,NA,NA,NA,NA,NA,NA,NA,NA,NA,NA,NA,NA,NA,NA,NA,NA,NA,NA
38. Children born at home who were taken to a health facility for check-up within 24 hours of birth (%),NA,NA,NA,NA,NA,NA,NA,NA,NA,NA,NA,NA,NA,NA,NA,NA,NA,NA,2.72,NA,NA,NA,NA,NA,NA,NA,NA,NA,NA,NA,NA,NA,NA,NA,NA,NA,NA,NA,NA,NA,NA,NA,NA,NA,NA,NA,NA,NA,NA,NA,NA,*,*,*,*,*,*,*,*,*,*,*,*,*,*,*,*,*,*,NA,*,*,*,*,*,*,*,*,*,*,*,*,*,*,*,*,*,*,*,*,*,*,*,*,*,*,*,*,*,*,*,*
39. Children who received postnatal care from a doctor/nurse/LHV/ANM/midwife/other health personnel within 2 days of delivery (%),43.74,42.11,52.32,72.71,65.42,47.35,34.56,42.73,41.07,47.44,34.87,51.58,47.93,42.17,45.41,44.28,43.05,56.31,48.08,39.85,44.21,50.07,50.89,49.21,42.93,38.64,37.21,37.62,44.21,49.22,46.71,46.1,44.55,34.08,54.15,44.57,69.82,63.56,66.74,43.35,47.03,51.74,47.79,49.66,41.98,46.4,38.02,35.61,35.36,32.74,33.6,NA,NA,NA,NA,NA,NA,NA,NA,NA,NA,NA,NA,NA,NA,NA,NA,NA,NA,NA,NA,NA,NA,NA,NA,NA,NA,NA,NA,NA,NA,NA,NA,NA,NA,NA,NA,NA,NA,NA,NA,NA,NA,NA,NA,NA,NA,NA,NA,NA,NA,NA
40. Institutional births (%),86.47,87.34,83.63,95.59,91.17,95.02,96.79,95.71,92.93,91.29,75.79,95.98,91.77,93.7,94.56,94.28,78.46,89.52,82.54,92.28,93.14,85.87,86.57,93.25,93.62,92.93,96.51,95.53,94.33,95.11,94.72,94.26,91.33,97.19,96.6,96.86,92.63,87.65,90.02,90.43,90.51,92.83,91.25,92.03,84.89,88.87,90.16,88.01,97.45,95.76,96.29,NA,NA,NA,NA,NA,NA,NA,NA,NA,NA,NA,NA,NA,NA,NA,NA,NA,NA,NA,NA,NA,NA,NA,NA,NA,NA,NA,NA,NA,NA,NA,NA,NA,NA,NA,NA,NA,NA,NA,NA,NA,NA,NA,NA,NA,NA,NA,NA,NA,NA,NA
41. Institutional births in public facility (%),41.74,42.41,45.01,51.82,49.31,34.66,51.18,41.09,70.14,67.62,42.75,42.44,42.51,39.56,53,48.6,26.19,51.27,35.43,60.79,56.08,69.08,65.21,62.07,55.96,54.23,46.26,48.44,43.15,56.97,50.09,66.68,60.39,45.94,63.37,55.48,40.55,66.89,54.33,52.16,52.97,60.23,58.26,65.64,73.59,69.15,61.92,53.22,57.29,62.4,60.8,NA,NA,NA,NA,NA,NA,NA,NA,NA,NA,NA,NA,NA,NA,NA,NA,NA,NA,NA,NA,NA,NA,NA,NA,NA,NA,NA,NA,NA,NA,NA,NA,NA,NA,NA,NA,NA,NA,NA,NA,NA,NA,NA,NA,NA,NA,NA,NA,NA,NA,NA
42. Home delivery conducted by skilled health personnel (out of total deliveries) (%),8.99,8.27,8.16,4.41,5.8,2.54,1.17,2,3.27,4.58,11.94,3.51,5.27,1.69,2.75,2.4,9.2,4.45,7.45,5.91,4.75,8.84,6.32,2.89,3.73,5.24,2.59,3.31,3.89,4.89,4.39,2.08,4.86,2.32,2.55,2.44,4.14,2.99,3.54,4.26,4.96,2.66,2.45,0,0.67,0.29,3.11,3.71,1.78,3.53,2.98,NA,NA,NA,NA,NA,NA,NA,NA,NA,NA,NA,NA,NA,NA,NA,NA,NA,NA,NA,NA,NA,NA,NA,NA,NA,NA,NA,NA,NA,NA,NA,NA,NA,NA,NA,NA,NA,NA,NA,NA,NA,NA,NA,NA,NA,NA,NA,NA,NA,NA,NA
43. Births assisted by a doctor/nurse/LHV/ANM/other health personnel (%),95.46,95.14,91.79,100,96.97,97.55,97.95,97.71,96.2,95.87,87.73,99.49,97.04,94.01,96.43,95.64,85.52,93.97,88.63,98.19,97.89,94.71,92.88,96.69,97.72,98.17,99.09,98.84,93.99,97.21,95.6,96.34,96.19,95.67,92.73,94.06,95.07,90.11,92.47,94.69,95.47,95.49,93.7,92.03,84.81,88.84,92.33,91.1,98.22,98.78,98.6,NA,NA,NA,NA,NA,NA,NA,NA,NA,NA,NA,NA,NA,NA,NA,NA,NA,NA,NA,NA,NA,NA,NA,NA,NA,NA,NA,NA,NA,NA,NA,NA,NA,NA,NA,NA,NA,NA,NA,NA,NA,NA,NA,NA,NA,NA,NA,NA,NA,NA,NA
44. Births delivered by caesarean section (%),32.02,31,23.63,37.68,32.49,36.36,28.08,33.14,27.88,26.15,28.39,41.05,38.41,32.8,38.03,36.31,23.4,20.34,22.27,14.6,16.27,16.52,13.36,11.53,14.27,14.71,37.31,31.14,21.56,25.89,23.74,18.1,19.08,29.01,19.78,23.95,34.69,16.8,25.33,21.52,20.92,24.02,28.12,21.88,22.58,22.19,23.97,24.61,13.63,24.43,21.05,NA,NA,NA,NA,NA,NA,NA,NA,NA,NA,NA,NA,NA,NA,NA,NA,NA,NA,NA,NA,NA,NA,NA,NA,NA,NA,NA,NA,NA,NA,NA,NA,NA,NA,NA,NA,NA,NA,NA,NA,NA,NA,NA,NA,NA,NA,NA,NA,NA,NA,NA
45. Births in a private health facility delivered by caesarean section (%),52.28,50.67,39.34,61.51,53.95,53.66,44.24,50.6,37.53,36.19,NA,61.58,60.05,46.2,32.45,37.78,38.16,31.97,36.31,16.94,22.83,32.11,21.32,28.06,27.77,24.4,51.92,45.75,32.8,46.02,38.48,26.7,29.56,30.54,24.13,27.72,55.71,37.6,50.19,32.88,35.41,43.08,48.5,37.84,NA,41.51,33.8,33.48,19.3,35.04,29.46,NA,NA,NA,NA,NA,NA,NA,NA,NA,NA,*,NA,NA,NA,NA,NA,NA,NA,NA,NA,NA,NA,NA,NA,NA,NA,NA,NA,NA,NA,NA,NA,NA,NA,NA,NA,NA,NA,NA,NA,NA,NA,NA,NA,*,NA,NA,NA,NA,NA,NA
46. Births in a public health facility delivered by caesarean section (%),20.7,19.41,18.74,20.76,20.08,11.45,15.44,13.38,27.56,26.01,NA,19.04,20.76,19.68,46.3,39.21,13.17,15.81,14.58,15.25,13.92,16.1,13.5,4.48,6.81,9.72,24.27,19.82,11.07,14.64,13.11,16.1,16.44,29.07,18.56,22.5,14,13.44,13.64,17.13,14.39,16.56,20.8,18.12,22.65,20.25,23.3,24.37,10.27,20.42,17.42,NA,NA,NA,NA,NA,NA,NA,NA,NA,NA,*,NA,NA,NA,NA,NA,NA,NA,NA,NA,NA,NA,NA,NA,NA,NA,NA,NA,NA,NA,NA,NA,NA,NA,NA,NA,NA,NA,NA,NA,NA,NA,NA,NA,NA,NA,NA,NA,NA,NA,NA
47. Children age 12-23 months fully immunized (BCG measles and 3 doses each of polio/DPT) (%),92.58,89.24,100,NA,100,88.66,NA,91.02,91.8,92.69,NA,83.94,86.05,87.34,88.06,87.81,NA,NA,72.32,92.54,94.01,81.56,87.03,95.68,96.88,100,96.71,97.82,NA,NA,92.61,93.56,91.93,98.08,91.86,95.28,NA,92.6,91.91,96.14,96.49,94.04,93.05,91.28,88.12,90.06,72.94,79.04,NA,NA,90.92,NA,NA,NA,*,NA,NA,*,NA,NA,NA,*,NA,NA,NA,NA,NA,*,*,NA,NA,NA,NA,NA,NA,NA,NA,NA,NA,*,*,NA,NA,NA,NA,NA,NA,*,NA,NA,NA,NA,NA,NA,NA,NA,NA,NA,NA,*,*,NA
48. Children age 12-23 months who have received BCG (%),100,100,100,NA,100,100,NA,100,97.48,97.75,NA,97.43,97.77,97.66,95.79,96.43,NA,NA,94.55,100,100,95.27,96.67,97.64,98.3,100,100,100,NA,NA,94.96,100,97.09,100,100,100,NA,97.5,98.51,100,100,100,100,100,95.85,98.4,97.02,98,NA,NA,100,NA,NA,NA,*,NA,NA,*,NA,NA,NA,*,NA,NA,NA,NA,NA,*,*,NA,NA,NA,NA,NA,NA,NA,NA,NA,NA,*,*,NA,NA,NA,NA,NA,NA,*,NA,NA,NA,NA,NA,NA,NA,NA,NA,NA,NA,*,*,NA
49. Children age 12-23 months who have received 3 doses of polio vaccine (%),94.67,95.96,100,NA,100,93.56,NA,94.01,97.48,97.75,NA,86.34,88.14,87.34,88.06,87.81,NA,NA,81.58,100,100,88.53,91.93,100,100,100,100,100,NA,NA,92.61,97.77,95.3,98.08,95.44,96.89,NA,97.5,96.78,100,100,97,95.21,95.64,88.12,92.74,85.99,89.58,NA,NA,98.66,NA,NA,NA,*,NA,NA,*,NA,NA,NA,*,NA,NA,NA,NA,NA,*,*,NA,NA,NA,NA,NA,NA,NA,NA,NA,NA,*,*,NA,NA,NA,NA,NA,NA,*,NA,NA,NA,NA,NA,NA,NA,NA,NA,NA,NA,*,*,NA
50. Children age 12-23 months who have received 3 doses of DPT vaccine (%),100,94.86,100,NA,100,93.56,NA,96.07,94.68,95.26,NA,93.18,94.07,92.65,91.29,91.76,NA,NA,88.1,100,100,88.99,92.25,97.64,98.3,100,100,100,NA,NA,92.61,95.64,93.59,98.08,100,98.94,NA,97.5,96.78,98,98.18,100,97.41,95.64,92.5,94.43,82.49,85.46,NA,NA,98.66,NA,NA,NA,*,NA,NA,*,NA,NA,NA,*,NA,NA,NA,NA,NA,*,*,NA,NA,NA,NA,NA,NA,NA,NA,NA,NA,*,*,NA,NA,NA,NA,NA,NA,*,NA,NA,NA,NA,NA,NA,NA,NA,NA,NA,NA,*,*,NA
51. Children age 12-23 months who have received measles vaccine (%),97.9,96.13,100,NA,100,95.1,NA,97.01,94.59,95.18,NA,97.43,97.77,92.34,95.79,94.6,NA,NA,82.5,92.54,94.01,83.78,88.59,95.68,96.88,100,96.71,97.82,NA,NA,94.07,97.92,95.42,98.08,96.43,97.34,NA,92.6,91.91,98.14,98.31,97.04,97.83,95.64,92.5,94.43,83.58,87.08,NA,NA,90.92,NA,NA,NA,*,NA,NA,*,NA,NA,NA,*,NA,NA,NA,NA,NA,*,*,NA,NA,NA,NA,NA,NA,NA,NA,NA,NA,*,*,NA,NA,NA,NA,NA,NA,*,NA,NA,NA,NA,NA,NA,NA,NA,NA,NA,NA,*,*,NA
52. Children age 12-23 months who have received 3 doses of Hepatitis B vaccine (%),94.67,90.83,100,NA,100,90.23,NA,91.97,97.48,97.75,NA,86.16,87.98,87.34,88.06,87.81,NA,NA,81.87,94.16,95.32,82.31,87.55,97.64,98.3,100,100,100,NA,NA,92.61,87.3,86.9,98.08,95.44,96.89,NA,95.28,93.67,98,98.18,93.91,92.95,85.72,84.26,85.16,75.39,80.69,NA,NA,98.66,NA,NA,NA,*,NA,NA,*,NA,NA,NA,*,NA,NA,NA,NA,NA,*,*,NA,NA,NA,NA,NA,NA,NA,NA,NA,NA,*,*,NA,NA,NA,NA,NA,NA,*,NA,NA,NA,NA,NA,NA,NA,NA,NA,NA,NA,*,*,NA
53. Children age 9-59 months who received a vitamin A dose in last 6 months (%),86.66,82.41,90.93,89.35,89.94,92.08,86.73,89.98,61.61,67.79,59.52,75.88,72.6,78.76,79.89,79.53,47.77,43.3,46.22,84.29,87.34,65.64,68.55,77.12,79.72,95.52,93.81,94.27,70.69,72.31,71.49,61.63,59.74,71.17,77.6,74.72,69.13,54.48,61.63,77.2,77.44,70.2,66.39,47.88,68.21,56.57,63.83,63.27,88.07,78.77,81.85,NA,NA,NA,NA,NA,NA,NA,NA,NA,NA,NA,NA,NA,NA,NA,NA,NA,NA,NA,NA,NA,NA,NA,NA,NA,NA,NA,NA,NA,NA,NA,NA,NA,NA,NA,NA,NA,NA,NA,NA,NA,NA,NA,NA,NA,NA,NA,NA,NA,NA,NA
54. Children age 12-23 months who received most of the vaccinations in public health facility (%),97.39,94.82,81.45,NA,87.31,92.5,NA,93.48,97.13,97.44,NA,79.22,79.74,89.51,NA,82.35,NA,NA,80.15,93.66,90.77,95.87,89.33,100,100,88.83,97.16,94.36,NA,NA,81.97,95.79,94.85,85.02,87.22,86.01,NA,97.53,85.97,98.19,96.05,94.32,92.97,84.66,92.15,87.47,92.71,84.99,NA,NA,97.12,NA,NA,NA,*,NA,NA,*,NA,NA,NA,*,NA,NA,NA,*,NA,*,*,NA,NA,NA,NA,NA,NA,NA,NA,NA,NA,*,*,NA,NA,NA,NA,NA,NA,*,NA,NA,NA,NA,NA,NA,NA,NA,NA,NA,NA,*,*,NA
55. Children age 12-23 months who received most of the vaccinations in private health facility (%),2.61,5.18,18.55,NA,12.69,7.5,NA,6.52,2.87,2.56,NA,20.78,20.26,10.49,NA,17.65,NA,NA,19.85,6.34,9.23,4.13,10.67,0.01,0,11.17,2.84,5.64,NA,NA,18.03,4.21,5.15,14.98,12.78,13.99,NA,2.47,14.03,1.81,3.95,5.68,7.03,15.34,7.85,12.53,7.29,15.01,NA,NA,2.88,NA,NA,NA,*,NA,NA,*,NA,NA,NA,*,NA,NA,NA,*,NA,*,*,NA,NA,NA,NA,NA,NA,NA,NA,NA,NA,*,*,NA,NA,NA,NA,NA,NA,*,NA,NA,NA,NA,NA,NA,NA,NA,NA,NA,NA,*,*,NA
56. Prevalence of diarrhoea (reported) in the last 2 weeks preceding the survey (%),3.41,3.37,13.96,9.37,11.1,8.85,6.96,8.12,2.65,5.03,15.38,10.13,11.16,6.72,9.94,8.9,4.29,3.92,4.16,4.9,5.14,6.48,7.85,5.22,3.6,7.5,4.3,5.19,3.11,4.93,4.02,7.63,6.67,7.44,7.77,7.62,3.74,4.79,4.29,5.81,6.26,6.21,6.27,15.68,19.78,17.46,4.28,9.95,11.06,5.91,7.56,NA,NA,NA,NA,NA,NA,NA,NA,NA,NA,NA,NA,NA,NA,NA,NA,NA,NA,NA,NA,NA,NA,NA,NA,NA,NA,NA,NA,NA,NA,NA,NA,NA,NA,NA,NA,NA,NA,NA,NA,NA,NA,NA,NA,NA,NA,NA,NA,NA,NA,NA
57. Children with diarrhoea in the last 2 weeks who received oral rehydration salts (ORS) (%),NA,NA,NA,NA,81.35,NA,NA,NA,NA,NA,NA,NA,NA,NA,NA,NA,NA,NA,NA,NA,NA,NA,NA,NA,NA,NA,NA,NA,NA,NA,NA,NA,NA,NA,NA,NA,NA,NA,NA,NA,NA,NA,NA,NA,84.49,74.97,NA,79.7,NA,NA,NA,*,*,*,*,NA,*,*,*,*,*,*,*,*,*,*,*,*,*,*,*,*,*,*,*,*,*,*,*,*,*,*,*,*,*,*,*,*,*,*,*,*,*,*,*,NA,NA,*,NA,*,*,*
58. Children with diarrhoea in the last 2 weeks who received zinc (%),NA,NA,NA,NA,48.37,NA,NA,NA,NA,NA,NA,NA,NA,NA,NA,NA,NA,NA,NA,NA,NA,NA,NA,NA,NA,NA,NA,NA,NA,NA,NA,NA,NA,NA,NA,NA,NA,NA,NA,NA,NA,NA,NA,NA,28.27,27.9,NA,24.86,NA,NA,NA,*,*,*,*,NA,*,*,*,*,*,*,*,*,*,*,*,*,*,*,*,*,*,*,*,*,*,*,*,*,*,*,*,*,*,*,*,*,*,*,*,*,*,*,*,NA,NA,*,NA,*,*,*
59. Children with diarrhoea in the last 2 weeks taken to a health facility (%),NA,NA,NA,NA,91.93,NA,NA,NA,NA,NA,NA,NA,NA,NA,NA,NA,NA,NA,NA,NA,NA,NA,NA,NA,NA,NA,NA,NA,NA,NA,NA,NA,NA,NA,NA,NA,NA,NA,NA,NA,NA,NA,NA,NA,96.54,80.25,NA,91.69,NA,NA,NA,*,*,*,*,NA,*,*,*,*,*,*,*,*,*,*,*,*,*,*,*,*,*,*,*,*,*,*,*,*,*,*,*,*,*,*,*,*,*,*,*,*,*,*,*,NA,NA,*,NA,*,*,*
60. Prevalence of symptoms of acute respiratory infection (ARI) in the last 2 weeks preceding the survey (%),0.54,0.37,5.4,11.78,9.36,5.42,1.06,3.73,1,1.55,0.01,0.62,0.5,5.42,1.79,2.97,2.65,0,1.69,7.14,7.6,2.09,1.48,8.42,8.45,3.76,1.13,1.85,4.88,4.93,4.9,6.88,7.17,7.97,13.29,10.83,3.12,3,3.06,1.99,2.98,3.84,3.13,2.9,3.59,3.2,6.81,7.34,14.28,5.53,8.32,NA,NA,NA,NA,NA,NA,NA,NA,NA,NA,NA,NA,NA,NA,NA,NA,NA,NA,NA,NA,NA,NA,NA,NA,NA,NA,NA,NA,NA,NA,NA,NA,NA,NA,NA,NA,NA,NA,NA,NA,NA,NA,NA,NA,NA,NA,NA,NA,NA,NA,NA
61. Children with fever or symptoms of ARI in the last 2 weeks preceding the survey taken to a health facility (%),NA,NA,100,96.85,97.84,NA,NA,80.6,NA,NA,NA,96.67,97.24,NA,NA,NA,NA,NA,NA,100,100,NA,90.55,93.57,94.83,NA,NA,NA,NA,NA,87.41,90.32,88.21,95.41,90.15,92.3,NA,NA,89.38,NA,94.47,92.12,94.24,NA,94.62,94.21,89.79,87.07,94.24,NA,93.92,*,*,NA,NA,NA,*,*,NA,*,*,*,NA,NA,*,*,*,*,*,*,NA,NA,*,NA,NA,NA,*,*,*,*,*,NA,NA,NA,NA,NA,NA,*,*,NA,*,NA,NA,NA,*,NA,NA,NA,NA,NA,*,NA
62. Children under age 3 years breastfed within one hour of birth8 (%),23.9,25.12,43.73,18.31,28.37,16.9,37.21,24.72,22.81,28.3,NA,22.11,24.13,26.63,38.54,34.69,30.81,36.39,32.88,36.34,33.54,33.3,30.38,37.72,34.11,45.76,43.08,43.89,38.31,25.42,31.69,31.29,30.75,28.86,42.85,36.4,28.45,37.33,33.46,26.02,26.28,29.72,28.78,47.91,35.79,42.91,19.08,18.03,25.93,38.62,34.4,NA,NA,NA,NA,NA,NA,NA,NA,NA,NA,*,NA,NA,NA,NA,NA,NA,NA,NA,NA,NA,NA,NA,NA,NA,NA,NA,NA,NA,NA,NA,NA,NA,NA,NA,NA,NA,NA,NA,NA,NA,NA,NA,NA,NA,NA,NA,NA,NA,NA,NA
63. Children under age 6 months exclusively breastfed9 (%),NA,NA,NA,NA,NA,NA,NA,NA,NA,NA,NA,NA,NA,NA,NA,NA,NA,NA,61.26,NA,59.76,NA,NA,NA,NA,NA,NA,45.08,NA,NA,72.54,51,56.92,NA,NA,49.06,NA,NA,62.01,NA,NA,NA,NA,NA,NA,NA,NA,56.63,NA,NA,NA,*,*,*,*,*,*,*,*,*,*,*,*,*,*,*,*,*,*,NA,*,NA,*,*,*,*,*,*,NA,*,*,NA,NA,NA,*,*,NA,*,*,NA,*,*,*,*,*,*,*,*,NA,*,*,*
64. Children age 6-8 months receiving solid or semi-solid food and breastmilk9 (%),NA,NA,NA,NA,NA,NA,NA,NA,NA,NA,NA,NA,NA,NA,NA,NA,NA,NA,NA,NA,NA,NA,NA,NA,NA,NA,NA,NA,NA,NA,NA,NA,NA,NA,NA,NA,NA,NA,NA,NA,NA,NA,NA,NA,NA,NA,NA,NA,NA,NA,NA,*,*,*,*,*,*,*,*,*,*,*,*,*,*,*,*,*,*,*,*,*,*,*,*,*,*,*,*,*,*,*,*,*,*,*,*,*,*,*,*,*,*,*,*,*,*,*,*,*,*,*
65. Breastfeeding children age 6-23 months receiving an adequate diet9 10 (%),0.01,2.64,8.67,NA,4.34,0.01,3.89,1.52,6.53,5.22,NA,6.46,5.51,3.07,2.85,2.91,NA,6.6,8.98,7.97,8.63,4.83,3.46,3.81,2.77,8.93,1.73,3.88,7.84,13.56,10.64,3.56,4.1,14.09,6.12,9.9,NA,6.32,5.91,2,3.47,6.04,6.39,12.21,2.75,8.35,3.24,4.63,0.01,14.09,9.41,NA,NA,NA,*,NA,NA,NA,NA,NA,NA,*,NA,NA,NA,NA,NA,*,NA,NA,NA,NA,NA,NA,NA,NA,NA,NA,NA,NA,NA,NA,NA,NA,NA,NA,NA,*,NA,NA,NA,NA,NA,NA,NA,NA,NA,NA,NA,NA,NA,NA
66. Non-breastfeeding children age 6-23 months receiving an adequate diet9 10 (%),NA,NA,NA,NA,NA,NA,NA,NA,NA,NA,NA,NA,NA,NA,NA,NA,NA,NA,NA,NA,NA,NA,NA,NA,NA,NA,NA,NA,NA,NA,NA,NA,NA,NA,NA,NA,NA,NA,NA,NA,0.01,NA,NA,NA,NA,NA,NA,NA,NA,NA,NA,*,*,*,*,*,*,*,*,*,*,*,*,*,*,*,*,*,*,*,*,*,*,*,*,*,*,*,*,*,*,*,*,*,*,*,*,*,*,*,*,NA,*,*,*,*,*,*,*,*,*,*
67. Total children age 6-23 months receiving an adequate diet9 10 (%),0,1.86,9.4,0.01,4.34,3.12,6.12,4.29,6.8,5.68,NA,9.57,9.52,5.35,2.7,3.58,NA,5.56,6.57,7.14,7.57,3.97,2.86,3.41,2.52,10.19,3.16,5.43,5.83,12.07,8.6,6,5.81,13.67,8.31,11.02,7.54,5.47,6.36,1.39,2.37,4.84,5.03,10.04,2.19,6.78,7.47,7.62,3.02,16.61,12.01,NA,NA,NA,NA,NA,NA,NA,NA,NA,NA,*,NA,NA,NA,NA,NA,*,NA,NA,NA,NA,NA,NA,NA,NA,NA,NA,NA,NA,NA,NA,NA,NA,NA,NA,NA,NA,NA,NA,NA,NA,NA,NA,NA,NA,NA,NA,NA,NA,NA,NA
68. Children under 5 years who are stunted11 (%),22.07,22.39,23.6,19.17,20.8,29.97,28.33,29.33,26.84,25.69,27.89,22.25,23.28,20.12,18.09,18.72,35.07,21.33,30.12,28.72,28.58,28.44,28.3,31.58,31.54,35.56,34.53,34.82,29.24,20.02,24.65,28.68,29.62,18.58,16.82,17.61,24.65,20.29,22.39,24.29,23.15,16.78,19.01,22.38,26.12,24.1,28.08,27.26,22.29,25.81,24.59,NA,NA,NA,NA,NA,NA,NA,NA,NA,NA,NA,NA,NA,NA,NA,NA,NA,NA,NA,NA,NA,NA,NA,NA,NA,NA,NA,NA,NA,NA,NA,NA,NA,NA,NA,NA,NA,NA,NA,NA,NA,NA,NA,NA,NA,NA,NA,NA,NA,NA,NA
69. Children under 5 years who are wasted11 (%),18.19,15.48,23.85,14.64,18.02,14.98,21.06,17.33,15.08,16.7,19.27,14.87,15.67,19.42,11.84,14.19,16.87,19.57,17.84,21.44,20.04,20.64,21.89,16.33,15.99,14.51,25.8,22.59,10.07,10.64,10.35,14.5,16.09,13.55,10.92,12.1,8.15,12.97,10.66,9.27,9.5,13.44,14.38,8.63,11.35,9.88,16.8,17.97,13.29,10.97,11.77,NA,NA,NA,NA,NA,NA,NA,NA,NA,NA,NA,NA,NA,NA,NA,NA,NA,NA,NA,NA,NA,NA,NA,NA,NA,NA,NA,NA,NA,NA,NA,NA,NA,NA,NA,NA,NA,NA,NA,NA,NA,NA,NA,NA,NA,NA,NA,NA,NA,NA,NA
70. Children under 5 years who are severely wasted12 (%),7.75,5.45,1.05,3.19,2.4,5.59,5.63,5.61,4.77,7.1,9.02,4.57,5.38,4.41,3.43,3.73,1.8,5.47,3.12,7.89,7.98,10.35,12.51,3.91,4.14,7.66,11.85,10.66,3.72,3.34,3.53,4.9,6.86,4.96,5.75,5.39,2.7,4.23,3.49,3.17,3.93,4.21,3.57,0.64,1.88,1.21,7.38,7.79,5.14,6.53,6.05,NA,NA,NA,NA,NA,NA,NA,NA,NA,NA,NA,NA,NA,NA,NA,NA,NA,NA,NA,NA,NA,NA,NA,NA,NA,NA,NA,NA,NA,NA,NA,NA,NA,NA,NA,NA,NA,NA,NA,NA,NA,NA,NA,NA,NA,NA,NA,NA,NA,NA,NA
71. Children under 5 years who are underweight11 (%),19.82,21.11,26.69,16.84,20.45,25.35,25.49,25.4,20.49,21.07,31.93,23.62,25.14,20.5,15.5,17.05,30.62,24.65,28.47,25.41,24.36,31.78,30.79,22.68,22.39,26.21,27.16,26.89,20.62,13.74,17.19,23.38,24.87,13.55,13.67,13.62,9.13,16.09,12.75,14.61,14.25,22.47,20.1,20.93,27.51,23.96,17.25,19.21,14.55,19.72,17.93,NA,NA,NA,NA,NA,NA,NA,NA,NA,NA,NA,NA,NA,NA,NA,NA,NA,NA,NA,NA,NA,NA,NA,NA,NA,NA,NA,NA,NA,NA,NA,NA,NA,NA,NA,NA,NA,NA,NA,NA,NA,NA,NA,NA,NA,NA,NA,NA,NA,NA,NA
72. Women whose Body Mass Index (BMI) is below normal (BMI <18.5 kg/m2) (%),14.84,11.3,10.88,10.09,10.37,6.19,8.79,7.39,14.95,13.65,14.27,13.05,13.29,11.11,14.82,13.71,8.62,10.17,9.22,11.94,10.83,14.11,13.66,16.26,14.61,9.8,11.29,10.9,10.38,13.92,12.33,19.32,18.68,6.9,12,9.59,8.77,13.62,11.01,14.82,13.65,12.82,13.13,13.02,14.36,13.63,17.02,14.84,13.22,13.11,13.15,NA,NA,NA,NA,NA,NA,NA,NA,NA,NA,NA,NA,NA,NA,NA,NA,NA,NA,NA,NA,NA,NA,NA,NA,NA,NA,NA,NA,NA,NA,NA,NA,NA,NA,NA,NA,NA,NA,NA,NA,NA,NA,NA,NA,NA,NA,NA,NA,NA,NA,NA
73. Men whose Body Mass Index (BMI) is below normal (BMI <18.5 kg/m2) (%),20.95,20.14,6.31,21.94,16.59,11.06,5.76,8.66,8.77,12.31,NA,15.51,14.79,11.6,12.59,12.31,9.35,12.05,10.29,8.07,9.46,5.75,7.11,15.94,13.19,5.37,3.32,3.74,4.37,11.9,8.89,18.33,15.99,6.71,2.8,4.95,1.56,11.07,6.43,21.19,16.79,19.37,17.31,9.51,29.83,18.71,13.02,9.15,3.57,8.97,7.28,NA,NA,NA,NA,NA,NA,NA,NA,NA,NA,*,NA,NA,NA,NA,NA,NA,NA,NA,NA,NA,NA,NA,NA,NA,NA,NA,NA,NA,NA,NA,NA,NA,NA,NA,NA,NA,NA,NA,NA,NA,NA,NA,NA,NA,NA,NA,NA,NA,NA,NA
74. Women who are overweight or obese (BMI >=25.0 kg/m2) (%),28.79,31.64,33.24,41.88,38.81,25.5,28.6,26.93,31.2,30.96,34.83,35.95,35.73,43.37,39.99,41.01,33.79,38.12,35.48,27.44,29.05,25.76,27.53,23.69,26.49,18.42,26.62,24.46,24.59,23.14,23.79,22.76,24.35,36.54,34.54,35.49,30.56,30.07,30.33,29.86,30.16,42.02,43.58,42.48,35.84,39.44,28.77,30.29,33.48,31.78,32.36,NA,NA,NA,NA,NA,NA,NA,NA,NA,NA,NA,NA,NA,NA,NA,NA,NA,NA,NA,NA,NA,NA,NA,NA,NA,NA,NA,NA,NA,NA,NA,NA,NA,NA,NA,NA,NA,NA,NA,NA,NA,NA,NA,NA,NA,NA,NA,NA,NA,NA,NA
75. Men who are overweight or obese (BMI >=25.0 kg/m2) (%),16.84,22.14,30.02,32.42,31.6,20.88,34.36,26.97,24.41,23.55,NA,27.47,27.73,30.26,38.96,36.52,32.65,23.27,29.39,30.78,37.2,25.67,25.09,19.04,21.2,18.13,11.79,13.09,27.82,24.71,25.96,16.7,19.67,43.42,37.17,40.62,33.07,33.02,33.05,27.58,24.35,12.69,17.53,53.9,21.21,39.11,23.97,28.34,34.11,19.96,24.38,NA,NA,NA,NA,NA,NA,NA,NA,NA,NA,*,NA,NA,NA,NA,NA,NA,NA,NA,NA,NA,NA,NA,NA,NA,NA,NA,NA,NA,NA,NA,NA,NA,NA,NA,NA,NA,NA,NA,NA,NA,NA,NA,NA,NA,NA,NA,NA,NA,NA,NA
76. Children age 6-59 months who are anaemic (<11.0 g/dl) (%),69.11,71.46,59.63,71.85,67.16,56.7,65.21,60.04,59.83,59.7,68.88,77.97,76.21,65.67,61.68,62.88,62.85,57.14,60.84,49.56,50.42,46.82,46.4,65.36,63.88,61.59,60.19,60.56,50.38,38.64,44.57,53.11,52.41,44.4,53.34,49.33,45.52,44.46,44.98,53.55,53.28,67.79,69.55,56.67,77.98,66.65,53.83,51.4,48.81,52.93,51.53,NA,NA,NA,NA,NA,NA,NA,NA,NA,NA,NA,NA,NA,NA,NA,NA,NA,NA,NA,NA,NA,NA,NA,NA,NA,NA,NA,NA,NA,NA,NA,NA,NA,NA,NA,NA,NA,NA,NA,NA,NA,NA,NA,NA,NA,NA,NA,NA,NA,NA,NA
77. Non-pregnant women age 15-49 years who are anaemic (<12.0 g/dl) (%),58.38,55.54,50.98,60.31,56.99,51.06,57.58,54.06,60.5,62.32,55.9,67.17,64.95,60.36,50.84,53.68,66.02,66,66.02,48.91,47.81,58.37,57.59,46.3,48.07,42.77,42.91,42.88,45.28,47.19,46.33,49.73,49.84,37.82,43.97,41.05,52.36,54.01,53.12,48.04,46.5,75.18,74.7,57.61,63.64,60.37,47.67,46.89,37,45.56,42.63,NA,NA,NA,NA,NA,NA,NA,NA,NA,NA,NA,NA,NA,NA,NA,NA,NA,NA,NA,NA,NA,NA,NA,NA,NA,NA,NA,NA,NA,NA,NA,NA,NA,NA,NA,NA,NA,NA,NA,NA,NA,NA,NA,NA,NA,NA,NA,NA,NA,NA,NA
78. Pregnant women age 15-49 years who are anaemic (<11.0 g/dl) (%),35.74,29.96,NA,NA,45.52,NA,NA,48.83,39.53,37.98,NA,NA,58.14,NA,NA,44.08,NA,NA,45.57,37.54,38.71,53.33,42.88,34.71,43.06,NA,NA,27.29,NA,NA,32.4,40.8,37.55,NA,NA,36.54,NA,NA,57.52,31.09,34.39,NA,NA,NA,NA,40.41,NA,53.27,NA,NA,45.01,NA,NA,*,*,NA,*,*,NA,NA,NA,*,*,NA,*,*,NA,*,*,NA,NA,NA,NA,NA,NA,NA,*,*,NA,*,*,NA,NA,NA,*,*,NA,*,*,NA,NA,NA,*,*,*,*,NA,*,NA,*,*,NA
79. All women age 15-49 years who are anaemic (%),57.26,54.33,50.38,59.99,56.55,50.61,57.73,53.89,59.7,61.33,55,67.14,64.75,59.4,50.74,53.34,64.65,66.03,65.18,48.37,47.46,58.18,57.01,45.83,47.86,41.78,42.57,42.36,44.52,46.85,45.81,49.38,49.39,37.73,43.7,40.86,52.38,54.29,53.27,47.18,45.9,74.93,74.49,57.01,62.72,59.62,48.08,47.08,37.2,45.51,42.72,NA,NA,NA,NA,NA,NA,NA,NA,NA,NA,NA,NA,NA,NA,NA,NA,NA,NA,NA,NA,NA,NA,NA,NA,NA,NA,NA,NA,NA,NA,NA,NA,NA,NA,NA,NA,NA,NA,NA,NA,NA,NA,NA,NA,NA,NA,NA,NA,NA,NA,NA
80. Men age 15-49 years who are anaemic (<13.0 g/dl) (%),24.24,27.62,27.34,28.72,28.25,15.94,30.32,22.44,27.53,28.35,NA,44.72,43.61,27.6,32.19,30.95,29.46,36.98,31.98,21.4,15.45,21.55,20.62,24.8,25.33,42.91,48.32,47.21,25.77,19.09,21.77,20.11,18.62,15.24,20.45,17.57,30.72,18.4,24.41,32.32,34.51,26.45,25.95,13.11,29.59,20.73,19.4,15.91,33.53,31.76,32.32,NA,NA,NA,NA,NA,NA,NA,NA,NA,NA,*,NA,NA,NA,NA,NA,NA,NA,NA,NA,NA,NA,NA,NA,NA,NA,NA,NA,NA,NA,NA,NA,NA,NA,NA,NA,NA,NA,NA,NA,NA,NA,NA,NA,NA,NA,NA,NA,NA,NA,NA
81. Blood sugar level - high (>140 mg/dl) (%),6.37,7.5,9.46,6.65,7.65,4.17,7.44,5.68,7.42,7.97,6.71,5.5,5.74,6.29,5.82,5.96,4.46,6.6,5.29,5.16,5.02,8.19,8.15,4.19,5.93,7.49,6.34,6.64,4.22,4.9,4.6,5.29,5.29,4.61,6.05,5.36,3.76,6.17,4.89,7.76,7.69,7.25,7.3,5.48,5.32,5.4,4.37,4.71,6.17,5.55,5.76,NA,NA,NA,NA,NA,NA,NA,NA,NA,NA,NA,NA,NA,NA,NA,NA,NA,NA,NA,NA,NA,NA,NA,NA,NA,NA,NA,NA,NA,NA,NA,NA,NA,NA,NA,NA,NA,NA,NA,NA,NA,NA,NA,NA,NA,NA,NA,NA,NA,NA,NA
82. Blood sugar level - very high (>160 mg/dl) (%),3.16,3.77,3.95,2.82,3.23,1.39,3.53,2.37,2.54,2.36,4.22,2.6,2.92,4.09,4.08,4.08,1.93,3.25,2.44,2.63,2.67,2.75,2.8,1.88,2.69,1.89,2.99,2.7,1.98,2.11,2.05,1.55,1.51,2.56,2.03,2.28,2.03,2.97,2.47,3.22,3.13,3.47,4.03,3.25,1.64,2.51,1.82,2.21,2,2.07,2.05,NA,NA,NA,NA,NA,NA,NA,NA,NA,NA,NA,NA,NA,NA,NA,NA,NA,NA,NA,NA,NA,NA,NA,NA,NA,NA,NA,NA,NA,NA,NA,NA,NA,NA,NA,NA,NA,NA,NA,NA,NA,NA,NA,NA,NA,NA,NA,NA,NA,NA,NA
83. Blood sugar level - high (>140 mg/dl) (%),2.78,5.25,11.42,16.45,14.73,6.46,7.19,6.79,1.94,2.33,NA,2.32,2.87,6.5,10.27,9.24,6.55,7.31,6.81,3.24,3.74,13.33,13.38,9.6,7.68,11.31,0.82,2.98,6.81,4.53,5.44,4.71,6.04,3.18,7.97,5.32,3.87,7.24,5.59,8.27,8.83,5.49,4.21,10.7,12.97,11.74,4.14,6.35,5.42,12.95,10.6,NA,NA,NA,NA,NA,NA,NA,NA,NA,NA,*,NA,NA,NA,NA,NA,NA,NA,NA,NA,NA,NA,NA,NA,NA,NA,NA,NA,NA,NA,NA,NA,NA,NA,NA,NA,NA,NA,NA,NA,NA,NA,NA,NA,NA,NA,NA,NA,NA,NA,NA
84. Blood sugar level - very high (>160 mg/dl) (%),2.78,4.51,2.9,7.67,6.04,3.79,4.59,4.15,0,0,NA,2.32,1.84,0.01,5.77,4.2,4.08,0,2.71,0,0.84,4.93,4.05,0.88,1.8,2.44,0.82,1.16,1.27,2.35,1.92,0.81,1.21,0.68,2.62,1.55,1.68,2.19,1.94,1.15,0.87,4.43,3.4,9.62,6.67,8.27,2.12,3.42,3.2,9.86,7.79,NA,NA,NA,NA,NA,NA,NA,NA,NA,NA,*,NA,NA,NA,NA,NA,NA,NA,NA,NA,NA,NA,NA,NA,NA,NA,NA,NA,NA,NA,NA,NA,NA,NA,NA,NA,NA,NA,NA,NA,NA,NA,NA,NA,NA,NA,NA,NA,NA,NA,NA
85. Slightly above normal (Systolic 140-159 mm of Hg and/or Diastolic 90-99 mm of Hg) (%),10.09,11.55,7.73,7.34,7.48,6.44,11.08,8.58,10.26,11.29,9.77,10.67,10.49,9.35,11.79,11.06,10.25,8.52,9.58,13.28,12.56,11.19,11.79,16.52,13.92,10.11,6.97,7.81,5.57,9.85,7.94,12.72,12.03,8.14,12.11,10.22,7.85,11.44,9.53,11.85,11.68,8.31,8.9,6.76,8.02,7.33,14.06,14.46,13.58,19.22,17.32,NA,NA,NA,NA,NA,NA,NA,NA,NA,NA,NA,NA,NA,NA,NA,NA,NA,NA,NA,NA,NA,NA,NA,NA,NA,NA,NA,NA,NA,NA,NA,NA,NA,NA,NA,NA,NA,NA,NA,NA,NA,NA,NA,NA,NA,NA,NA,NA,NA,NA,NA
86. Moderately high (Systolic 160-179 mm of Hg and/or Diastolic 100-109 mm of Hg) (%),1.7,1.88,1.47,1.26,1.33,1.11,2.21,1.62,1.94,1.65,2.19,0.71,1,2,2.55,2.38,1.2,2.61,1.74,2.39,1.81,2.57,2.06,2.18,3.55,1.61,0.4,0.72,1.19,1.98,1.63,2.24,2.26,1.88,2.62,2.27,1.29,2.35,1.78,3.07,3.24,1.25,1.16,1.84,2.03,1.92,1.65,2.96,2.18,4.29,3.58,NA,NA,NA,NA,NA,NA,NA,NA,NA,NA,NA,NA,NA,NA,NA,NA,NA,NA,NA,NA,NA,NA,NA,NA,NA,NA,NA,NA,NA,NA,NA,NA,NA,NA,NA,NA,NA,NA,NA,NA,NA,NA,NA,NA,NA,NA,NA,NA,NA,NA,NA
87. Very high (Systolic ?180 mm of Hg and/or Diastolic ?110 mm of Hg) (%),0.46,0.32,0.22,0.82,0.6,0.17,0.5,0.32,0.96,0.76,1.91,0.28,0.6,0.46,0.43,0.44,0,1.09,0.42,0.76,0.88,0.6,0.44,0.44,0.62,0.34,1.46,1.16,0.85,0.34,0.57,0.61,0.73,0.94,1.17,1.06,1.06,1.2,1.13,0.84,0.69,1.63,1.39,0.28,0.83,0.53,0.81,1.12,2.03,1.07,1.4,NA,NA,NA,NA,NA,NA,NA,NA,NA,NA,NA,NA,NA,NA,NA,NA,NA,NA,NA,NA,NA,NA,NA,NA,NA,NA,NA,NA,NA,NA,NA,NA,NA,NA,NA,NA,NA,NA,NA,NA,NA,NA,NA,NA,NA,NA,NA,NA,NA,NA,NA
88. Slightly above normal (Systolic 140-159 mm of Hg and/or Diastolic 90-99 mm of Hg) (%),12.24,10.88,13.68,14.97,14.53,15.74,16.19,15.94,12.59,12.76,NA,12.51,14.7,15.05,19.6,18.35,13.59,21.87,16.47,21.12,20.5,21.4,19.6,24.24,25.4,15.33,28.53,25.82,5.16,11.33,8.86,21.84,22.75,16.12,23.24,19.3,13.77,16.28,15.05,19.65,18.9,5.71,8.22,20.31,5.75,13.67,32.4,29.18,21.81,25.96,24.68,NA,NA,NA,NA,NA,NA,NA,NA,NA,NA,*,NA,NA,NA,NA,NA,NA,NA,NA,NA,NA,NA,NA,NA,NA,NA,NA,NA,NA,NA,NA,NA,NA,NA,NA,NA,NA,NA,NA,NA,NA,NA,NA,NA,NA,NA,NA,NA,NA,NA,NA
89. Moderately high (Systolic 160-179 mm of Hg and/or Diastolic 100-109 mm of Hg) (%),1.69,3.36,2.3,1.35,1.67,2.09,1.38,1.77,6.78,7.18,NA,3.05,2.42,2.19,4.49,3.85,3.18,1.37,2.55,2.48,1.79,4.2,4.74,3.56,4.29,4.74,0.92,1.7,1.27,1.09,1.16,3.87,3.55,3.17,1.23,2.3,0,0,0,3.28,4.49,4.6,3.53,2.62,4.41,3.44,7.84,5.76,0,7.99,5.52,NA,NA,NA,NA,NA,NA,NA,NA,NA,NA,*,NA,NA,NA,NA,NA,NA,NA,NA,NA,NA,NA,NA,NA,NA,NA,NA,NA,NA,NA,NA,NA,NA,NA,NA,NA,NA,NA,NA,NA,NA,NA,NA,NA,NA,NA,NA,NA,NA,NA,NA
90. Very high (Systolic ?180 mm of Hg and/or Diastolic ?110 mm of Hg) (%),0,0.73,1.3,1.37,1.35,1.32,0,0.72,0,0,NA,0,0,0.01,1.57,1.14,0,6.3,2.19,0,0.84,1.68,2.18,0.76,0.45,0,0.46,0.36,2.01,0,0.81,1.54,1.18,1.25,2.54,1.82,5.42,0,2.65,4.12,3.12,0.94,0.72,1.55,1.62,1.58,0.99,1.13,1.11,0.89,0.96,NA,NA,NA,NA,NA,NA,NA,NA,NA,NA,*,NA,NA,NA,NA,NA,NA,NA,NA,NA,NA,NA,NA,NA,NA,NA,NA,NA,NA,NA,NA,NA,NA,NA,NA,NA,NA,NA,NA,NA,NA,NA,NA,NA,NA,NA,NA,NA,NA,NA,NA
91. Cervix (%),41.79,41.67,40.97,38.19,39.18,47.56,55.43,51.19,37.77,42.63,15.2,28.79,26.1,38.47,37.79,37.99,29.83,36.32,32.35,45.15,42.34,31.93,32.88,45.47,41.29,42.01,56.89,52.95,42.8,32.87,37.31,23.92,27.36,27.49,34.99,31.43,37.89,38.62,38.23,44.75,44.57,52.73,52.32,49.93,45.96,48.17,15.23,17.17,37.37,28.67,31.59,NA,NA,NA,NA,NA,NA,NA,NA,NA,NA,NA,NA,NA,NA,NA,NA,NA,NA,NA,NA,NA,NA,NA,NA,NA,NA,NA,NA,NA,NA,NA,NA,NA,NA,NA,NA,NA,NA,NA,NA,NA,NA,NA,NA,NA,NA,NA,NA,NA,NA,NA
92. Breast (%),30.07,29.32,28.15,20.98,23.54,17.56,16.17,16.92,15.53,16.34,7.46,15.18,13.65,28.14,23.95,25.22,21.83,24.87,23.01,19.66,18.7,14.48,17.34,18.89,17.29,19.59,30.84,27.86,28.96,21.84,25.03,13.54,14.5,23,19.11,20.96,24.87,18.92,22.09,25.67,25.6,14.66,14.93,33.81,37.41,35.4,9.35,12.12,21.11,17.08,18.43,NA,NA,NA,NA,NA,NA,NA,NA,NA,NA,NA,NA,NA,NA,NA,NA,NA,NA,NA,NA,NA,NA,NA,NA,NA,NA,NA,NA,NA,NA,NA,NA,NA,NA,NA,NA,NA,NA,NA,NA,NA,NA,NA,NA,NA,NA,NA,NA,NA,NA,NA
93. Oral cavity (%),17.96,18.46,47.97,48.11,48.06,39.97,36.11,38.19,34.19,37.24,47.43,40.9,42.2,21.5,20,20.45,50.4,46.18,48.76,37.63,36,42.2,45.04,19.15,22.81,37.42,44.88,42.9,44.11,43.61,43.83,36.15,38.32,45.67,31.58,38.28,39.81,35.1,37.61,23,23.25,38.2,38.41,60.34,50.57,56.02,25.46,29.92,32.93,28.35,29.89,NA,NA,NA,NA,NA,NA,NA,NA,NA,NA,NA,NA,NA,NA,NA,NA,NA,NA,NA,NA,NA,NA,NA,NA,NA,NA,NA,NA,NA,NA,NA,NA,NA,NA,NA,NA,NA,NA,NA,NA,NA,NA,NA,NA,NA,NA,NA,NA,NA,NA,NA
