Residence,Kachchh - Urban,Kachchh - Rural,Kachchh - Total,Banaskantha - Rural,Banaskantha - Total,Patan - Rural,Patan - Total,Mahesana - Rural,Mahesana - Total,Sabarkantha - Rural,Sabarkantha - Total,Gandhinagar - Urban,Gandhinagar - Rural,Gandhinagar - Total,Ahmadabad - Urban,Ahmadabad - Total,Surendranagar - Rural,Surendranagar - Total,Rajkot - Urban,Rajkot - Rural,Rajkot - Total,Jamnagar - Urban,Jamnagar - Rural,Jamnagar - Total,Porbandar - Urban,Porbandar - Rural,Porbandar - Total,Junagadh - Urban,Junagadh - Rural,Junagadh - Total,Amreli - Rural,Amreli - Total,Bhavnagar - Urban,Bhavnagar - Rural,Bhavnagar - Total,Anand - Urban,Anand - Rural,Anand - Total,Kheda - Rural,Kheda - Total,Panchmahal - Rural,Panchmahal - Total,Dohad - Rural,Dohad - Total,Vadodara - Urban,Vadodara - Rural,Vadodara - Total,Narmada - Rural,Narmada - Total,Bharuch - Urban,Bharuch - Rural,Bharuch - Total,The Dangs - Rural,The Dangs - Total,Navsari - Urban,Navsari - Rural,Navsari - Total,Valsad - Urban,Valsad - Rural,Valsad - Total,Surat - Urban,Surat - Total,Tapi - Rural,Tapi - Total,Note of Kachchh - Urban,Note of Kachchh - Rural,Note of Kachchh - Total,Note of Banaskantha - Rural,Note of Banaskantha - Total,Note of Patan - Rural,Note of Patan - Total,Note of Mahesana - Rural,Note of Mahesana - Total,Note of Sabarkantha - Rural,Note of Sabarkantha - Total,Note of Gandhinagar - Urban,Note of Gandhinagar - Rural,Note of Gandhinagar - Total,Note of Ahmadabad - Urban,Note of Ahmadabad - Total,Note of Surendranagar - Rural,Note of Surendranagar - Total,Note of Rajkot - Urban,Note of Rajkot - Rural,Note of Rajkot - Total,Note of Jamnagar - Urban,Note of Jamnagar - Rural,Note of Jamnagar - Total,Note of Porbandar - Urban,Note of Porbandar - Rural,Note of Porbandar - Total,Note of Junagadh - Urban,Note of Junagadh - Rural,Note of Junagadh - Total,Note of Amreli - Rural,Note of Amreli - Total,Note of Bhavnagar - Urban,Note of Bhavnagar - Rural,Note of Bhavnagar - Total,Note of Anand - Urban,Note of Anand - Rural,Note of Anand - Total,Note of Kheda - Rural,Note of Kheda - Total,Note of Panchmahal - Rural,Note of Panchmahal - Total,Note of Dohad - Rural,Note of Dohad - Total,Note of Vadodara - Urban,Note of Vadodara - Rural,Note of Vadodara - Total,Note of Narmada - Rural,Note of Narmada - Total,Note of Bharuch - Urban,Note of Bharuch - Rural,Note of Bharuch - Total,Note of The Dangs - Rural,Note of The Dangs - Total,Note of Navsari - Urban,Note of Navsari - Rural,Note of Navsari - Total,Note of Valsad - Urban,Note of Valsad - Rural,Note of Valsad - Total,Note of Surat - Urban,Note of Surat - Total,Note of Tapi - Rural,Note of Tapi - Total
Households surveyed,241.08,451.5,692.58,809.34,944.39,339.94,436.45,539.41,752.27,685.28,816.42,267.58,269.42,537,2159.01,2550.53,405.26,585.28,795.54,523.44,1318.98,336.71,370.01,706.72,94.89,105.3,200.19,303.88,567.32,871.2,362.41,496.84,434.14,520.28,954.41,240.06,525.31,765.36,593.66,778.53,613.89,744.66,489.99,549.56,730.14,642,1372.14,175.72,199.27,209.78,351.94,561.72,65.32,72.99,160.08,345.79,505.87,244.35,379.82,624.17,1733.85,2195.68,262.75,290.78,NA,NA,NA,NA,NA,NA,NA,NA,NA,NA,NA,NA,NA,NA,NA,NA,NA,NA,NA,NA,NA,NA,NA,NA,NA,NA,NA,NA,NA,NA,NA,NA,NA,NA,NA,NA,NA,NA,NA,NA,NA,NA,NA,NA,NA,NA,NA,NA,NA,NA,NA,NA,NA,NA,NA,NA,NA,NA,NA,NA,NA,NA,NA,NA
Women age 15-49 years interviewed,238.54,524.19,762.73,948.86,1086.09,393.64,498.53,624.79,844.22,780.36,930.81,287.8,305.75,593.56,2380.88,2790.78,430.29,631.5,892.96,548.03,1440.99,366.32,390.09,756.41,101.4,111.45,212.85,316.64,677.54,994.18,397,536.47,422.67,642.33,1065,276.78,613.98,890.76,698.83,919.57,750.09,907.66,546.92,619.27,755.47,706.51,1461.97,206.08,230.5,222.41,371.75,594.17,70.21,79.39,172.51,381.9,554.41,266.11,413.83,679.94,2019.23,2511.26,307.76,338.97,NA,NA,NA,NA,NA,NA,NA,NA,NA,NA,NA,NA,NA,NA,NA,NA,NA,NA,NA,NA,NA,NA,NA,NA,NA,NA,NA,NA,NA,NA,NA,NA,NA,NA,NA,NA,NA,NA,NA,NA,NA,NA,NA,NA,NA,NA,NA,NA,NA,NA,NA,NA,NA,NA,NA,NA,NA,NA,NA,NA,NA,NA,NA,NA
Men age 15-49 years interviewed,63.1,113.92,177.01,213.8,270.13,81.22,111.25,148.3,206.77,194.68,241.16,87.96,79.94,167.9,519.81,680.74,112.98,174.8,220.92,132.74,353.67,104.66,81.57,186.23,21.81,26.42,48.22,75.27,150.26,225.53,83,116.24,114.43,122.19,236.61,72.78,176.28,249.06,161.64,217.03,147.51,199,84.65,109.16,194.86,167.15,362,42.12,53.23,55.5,96.82,152.32,15.71,19.38,31.96,78.1,110.06,65.02,96.38,161.39,537.52,659,66.4,79.34,NA,NA,NA,NA,NA,NA,NA,NA,NA,NA,NA,NA,NA,NA,NA,NA,NA,NA,NA,NA,NA,NA,NA,NA,NA,NA,NA,NA,NA,NA,NA,NA,NA,NA,NA,NA,NA,NA,NA,NA,NA,NA,NA,NA,NA,NA,NA,NA,NA,NA,NA,NA,NA,NA,NA,NA,NA,NA,NA,NA,NA,NA,NA,NA
1. Population (female) age 6+ years who ever attended school (%),68.27,57.78,60.96,54.78,55.69,57.04,61.41,72.73,74.53,63.98,66.45,73.84,65.44,69.42,87.55,83.68,56.03,63.26,80.87,65.78,74.85,73.81,62.54,67.84,80.81,62.87,71.55,81.11,67.14,71.75,65.62,68.12,76.92,61.25,67.48,85.17,74.46,77.72,69.62,69.54,61.49,66.32,55.01,57.92,85.87,58.43,72.6,65.09,67.35,83.64,67.94,73.66,66.74,67.73,83.71,75.98,78.32,85.53,70.97,76.47,85.7,82.85,62.56,64.75,NA,NA,NA,NA,NA,NA,NA,NA,NA,NA,NA,NA,NA,NA,NA,NA,NA,NA,NA,NA,NA,NA,NA,NA,NA,NA,NA,NA,NA,NA,NA,NA,NA,NA,NA,NA,NA,NA,NA,NA,NA,NA,NA,NA,NA,NA,NA,NA,NA,NA,NA,NA,NA,NA,NA,NA,NA,NA,NA,NA,NA,NA,NA,NA
2. Population below age 15 years (%),29.87,33.64,32.5,30.44,30.49,29.73,28.76,27.01,25.24,28.28,27.6,24.94,25.17,25.06,21.16,22.09,28.93,27.16,22.59,23.16,22.82,25.01,23.82,24.4,21.61,23.47,22.6,22.49,26.08,24.88,23.02,22.91,24.72,27.68,26.48,21.29,26.26,24.76,25.42,25.79,31.59,29.86,39.55,38.43,22.57,27.03,24.75,26.89,26.29,25.2,25.05,25.11,34.55,33.47,24.64,20.34,21.73,24.78,26.04,25.56,26.16,26.82,22.12,22.49,NA,NA,NA,NA,NA,NA,NA,NA,NA,NA,NA,NA,NA,NA,NA,NA,NA,NA,NA,NA,NA,NA,NA,NA,NA,NA,NA,NA,NA,NA,NA,NA,NA,NA,NA,NA,NA,NA,NA,NA,NA,NA,NA,NA,NA,NA,NA,NA,NA,NA,NA,NA,NA,NA,NA,NA,NA,NA,NA,NA,NA,NA,NA,NA
3. Sex ratio of the total population (females per 1000 males),931.34,949.32,943.83,1013.63,991.81,947.53,945.33,943.01,919.84,960.02,957.24,881.94,981.36,930.78,901.45,904.1,956.12,953.56,918.7,910.94,915.57,926.68,976.95,952.3,958.59,926.15,941.22,942.73,990.3,974.23,937.2,927.01,903.98,972.41,944.07,941.21,971.45,962.24,953.76,958.14,1070.57,1063.83,1120.76,1103.79,954.89,932.6,943.95,1005.96,997.15,981.95,967.41,972.63,969.87,964.73,935.84,1087.93,1036.19,936.05,1034.21,995.35,844.61,881.1,1063.6,1064.5,NA,NA,NA,NA,NA,NA,NA,NA,NA,NA,NA,NA,NA,NA,NA,NA,NA,NA,NA,NA,NA,NA,NA,NA,NA,NA,NA,NA,NA,NA,NA,NA,NA,NA,NA,NA,NA,NA,NA,NA,NA,NA,NA,NA,NA,NA,NA,NA,NA,NA,NA,NA,NA,NA,NA,NA,NA,NA,NA,NA,NA,NA,NA,NA
4. Sex ratio at birth for children born in the last five years (females per 1000 males),864.48,1113.52,1029.08,1132.88,1048.78,915.48,870.93,801.06,785.38,895.8,896.79,1096.27,943.59,1019.15,881.39,870.71,1083.26,998.37,754.55,803.74,773.35,1057.92,941.09,1004.39,721.57,852.92,802.69,761.21,963.4,892.64,748.54,819.72,821.71,1046.58,948.75,747.04,889.26,851.33,835.92,926.66,927.04,919.25,1024.15,1041.28,1135.05,1182.17,1158.73,906.46,850.66,1028.99,1042.19,1037.42,957.72,960.79,945.92,796.29,846.95,1030.64,1286.72,1188.89,629.06,683.71,832.85,882.81,NA,NA,NA,NA,NA,NA,NA,NA,NA,NA,NA,NA,NA,NA,NA,NA,NA,NA,NA,NA,NA,NA,NA,NA,NA,NA,NA,NA,NA,NA,NA,NA,NA,NA,NA,NA,NA,NA,NA,NA,NA,NA,NA,NA,NA,NA,NA,NA,NA,NA,NA,NA,NA,NA,NA,NA,NA,NA,NA,NA,NA,NA,NA,NA
5. Children under age 5 years whose birth was registered (%),95.03,97.45,96.7,96.18,94.85,94.21,95.43,95.05,96.26,88.14,89.91,94.65,97.59,96.02,97.11,97.77,94.57,95.76,99.1,92.49,96.59,98.68,100,99.26,99.28,99.31,99.3,100,99.27,99.51,95.17,96.54,98.61,97.69,98.06,96.96,98.93,98.42,96.66,95.26,87.78,88.47,87.56,87.64,95.39,96.35,95.88,96.98,97.15,96.82,96.31,96.49,92.26,92.74,95.44,97.36,96.74,93.66,87.47,89.66,98.96,98.9,94.96,95.51,NA,NA,NA,NA,NA,NA,NA,NA,NA,NA,NA,NA,NA,NA,NA,NA,NA,NA,NA,NA,NA,NA,NA,NA,NA,NA,NA,NA,NA,NA,NA,NA,NA,NA,NA,NA,NA,NA,NA,NA,NA,NA,NA,NA,NA,NA,NA,NA,NA,NA,NA,NA,NA,NA,NA,NA,NA,NA,NA,NA,NA,NA,NA,NA
6. Households with electricity (%),96.85,94.54,95.35,85.61,87.3,92.4,93.24,95.79,96.77,94.7,95.16,93.41,96.2,94.81,99.44,99.17,93.61,95.58,98.52,98.65,98.58,97.1,98.73,97.95,100,98.57,99.25,99.84,99.03,99.31,98.51,98.91,99.74,99.2,99.45,98.91,97,97.6,95.3,94.46,82.85,85.86,75.89,78.5,98.72,94.94,96.95,90.37,91.3,98.63,94.66,96.14,85.79,87.02,100,96.72,97.76,99.07,97.74,98.26,98.81,98.34,90.94,91.57,NA,NA,NA,NA,NA,NA,NA,NA,NA,NA,NA,NA,NA,NA,NA,NA,NA,NA,NA,NA,NA,NA,NA,NA,NA,NA,NA,NA,NA,NA,NA,NA,NA,NA,NA,NA,NA,NA,NA,NA,NA,NA,NA,NA,NA,NA,NA,NA,NA,NA,NA,NA,NA,NA,NA,NA,NA,NA,NA,NA,NA,NA,NA,NA
7. Households with an improved drinking-water source1 (%),69.85,87.7,81.49,98.23,97.81,96.47,95.81,93.25,92.65,93.07,94.19,96.9,96.01,96.46,95.35,95.03,78.72,81.92,90.96,92.94,91.74,89.49,88.21,88.82,92.95,78.1,85.14,99.07,97.06,97.76,96.19,96.6,98.74,93.32,95.79,93.83,97.3,96.21,97.59,97.14,76.76,80.84,69.37,72.51,97.06,93.64,95.46,97.65,97.55,73.75,93.17,85.92,67.74,69.9,72.43,64.76,67.18,70.69,67.34,68.65,94.62,93.35,88.32,87.59,NA,NA,NA,NA,NA,NA,NA,NA,NA,NA,NA,NA,NA,NA,NA,NA,NA,NA,NA,NA,NA,NA,NA,NA,NA,NA,NA,NA,NA,NA,NA,NA,NA,NA,NA,NA,NA,NA,NA,NA,NA,NA,NA,NA,NA,NA,NA,NA,NA,NA,NA,NA,NA,NA,NA,NA,NA,NA,NA,NA,NA,NA,NA,NA
8. Households using improved sanitation facility2 (%),69.67,57.11,61.48,33.71,39.6,48.8,56.29,60.77,66.06,40.1,46.69,77.55,47.12,62.28,92.29,88.45,31.28,47.7,80.67,59.47,72.26,77.59,59.32,68.03,84.11,61.81,72.38,88.7,67.84,75.11,68.99,74.77,84.87,49.85,65.78,90.12,56.69,67.18,44.3,51.31,26.95,39.78,14.94,21.89,82.09,36.56,60.79,29.28,34.78,89.66,53.83,67.21,14.67,19.39,82.22,62.54,68.77,77.64,50.66,61.22,86.74,77.39,33.11,38.59,NA,NA,NA,NA,NA,NA,NA,NA,NA,NA,NA,NA,NA,NA,NA,NA,NA,NA,NA,NA,NA,NA,NA,NA,NA,NA,NA,NA,NA,NA,NA,NA,NA,NA,NA,NA,NA,NA,NA,NA,NA,NA,NA,NA,NA,NA,NA,NA,NA,NA,NA,NA,NA,NA,NA,NA,NA,NA,NA,NA,NA,NA,NA,NA
9. Households using clean fuel for cooking3 (%),58.36,27.9,38.5,23.23,27.56,20.8,32.49,43.24,54.9,22.75,29.9,68.88,35.72,52.24,91.55,83.35,18.2,36.51,82.73,38.53,65.19,76.97,38.46,56.81,77.39,22.33,48.43,75.61,32.93,47.82,43.08,52.41,78.16,19.67,46.28,81.09,25.78,43.13,22.65,28.61,10.95,25.2,7.16,15.34,81.45,18.79,52.13,7.86,15.34,85.37,27.66,49.21,2.37,9.1,89.03,36.6,53.19,83.4,39.45,56.66,94.6,83.4,16.05,22.7,NA,NA,NA,NA,NA,NA,NA,NA,NA,NA,NA,NA,NA,NA,NA,NA,NA,NA,NA,NA,NA,NA,NA,NA,NA,NA,NA,NA,NA,NA,NA,NA,NA,NA,NA,NA,NA,NA,NA,NA,NA,NA,NA,NA,NA,NA,NA,NA,NA,NA,NA,NA,NA,NA,NA,NA,NA,NA,NA,NA,NA,NA,NA,NA
10. Households using iodized salt (%),98.17,95.15,96.2,98,97.65,97.48,97.53,94.84,95.56,90.88,92.09,99.14,94.47,96.81,97.16,96.39,92.31,94.05,98.95,97.6,98.42,98.02,97.13,97.55,99.08,98.55,98.8,97.97,96.21,96.82,92.01,93.95,96.45,79.36,87.15,93.48,83.6,86.64,96.67,97.37,93.61,94.51,93.5,93.48,98.87,94.09,96.63,98.36,98.56,98.71,98.09,98.31,95.33,95.81,97.77,91.98,93.81,97.58,88.66,92.11,97.38,97.93,95.9,96.3,NA,NA,NA,NA,NA,NA,NA,NA,NA,NA,NA,NA,NA,NA,NA,NA,NA,NA,NA,NA,NA,NA,NA,NA,NA,NA,NA,NA,NA,NA,NA,NA,NA,NA,NA,NA,NA,NA,NA,NA,NA,NA,NA,NA,NA,NA,NA,NA,NA,NA,NA,NA,NA,NA,NA,NA,NA,NA,NA,NA,NA,NA,NA,NA
11. Households with any usual member covered by a health scheme or health insurance (%),16.39,22.74,20.53,21.79,20.89,28.65,25.3,32.4,30.37,25.01,25.62,27.6,29.11,28.36,36.88,34.4,23.55,19.59,18.76,20.19,19.33,19.86,24.92,22.51,9.02,11.39,10.27,22.19,26.41,24.94,9.86,11.84,13.53,7.2,10.08,17.32,13.16,14.47,17.43,16.45,18.59,19.31,24.69,23.54,27.48,23.74,25.73,53.01,51.33,25.91,25.49,25.65,39.73,38.97,20.08,32.58,28.62,20.21,15.55,17.37,13.92,19.05,35.29,34.05,NA,NA,NA,NA,NA,NA,NA,NA,NA,NA,NA,NA,NA,NA,NA,NA,NA,NA,NA,NA,NA,NA,NA,NA,NA,NA,NA,NA,NA,NA,NA,NA,NA,NA,NA,NA,NA,NA,NA,NA,NA,NA,NA,NA,NA,NA,NA,NA,NA,NA,NA,NA,NA,NA,NA,NA,NA,NA,NA,NA,NA,NA,NA,NA
12. Women who are literate (%),64.72,53.03,56.69,55.13,56.08,56.63,61.4,73.81,77.05,65.45,68.15,74.14,63.7,68.76,85.4,82.15,57.91,66.48,85.71,77.82,82.71,78.14,67.23,72.51,88.93,69.02,78.51,87.59,72.07,77.01,74.76,76.67,76.71,59.76,66.49,85.4,72.8,76.72,71.14,70.86,58.91,64.71,47.88,52.23,86.17,55.93,71.55,68.05,70.18,85.13,64.8,72.41,54.21,56.93,87.14,83.08,84.34,84.73,70.69,76.18,83.63,80.96,65.74,67.24,NA,NA,NA,NA,NA,NA,NA,NA,NA,NA,NA,NA,NA,NA,NA,NA,NA,NA,NA,NA,NA,NA,NA,NA,NA,NA,NA,NA,NA,NA,NA,NA,NA,NA,NA,NA,NA,NA,NA,NA,NA,NA,NA,NA,NA,NA,NA,NA,NA,NA,NA,NA,NA,NA,NA,NA,NA,NA,NA,NA,NA,NA,NA,NA
13. Men who are literate (%),86.94,86.28,86.52,86.35,86.55,73.54,78.01,87.53,90.23,90.43,92.28,80.28,93.87,86.75,95.01,92.64,81.14,85.59,94.75,87.27,91.94,88.71,80.62,85.17,86.4,94.1,90.61,94.42,85.55,88.51,88.8,91.42,96.97,89.63,93.18,90.89,92.32,91.9,93.66,91.89,90.1,91.79,72.81,77.95,93.83,79.04,87,83.13,84.75,92.12,80.96,85.02,71.35,74.8,91.35,87.17,88.38,93.67,92.46,92.95,92.94,92.47,87.77,88.67,NA,NA,NA,NA,NA,NA,NA,NA,NA,NA,NA,NA,NA,NA,NA,NA,NA,NA,NA,NA,NA,NA,NA,NA,NA,NA,NA,NA,NA,NA,NA,NA,NA,NA,NA,NA,NA,NA,NA,NA,NA,NA,NA,NA,NA,NA,NA,NA,NA,NA,NA,NA,NA,NA,NA,NA,NA,NA,NA,NA,NA,NA,NA,NA
14. Women with 10 or more years of schooling (%),26.49,12.54,16.9,14.34,14.57,12.53,18.26,24.13,31.14,29.67,31.67,35.86,17.31,26.3,50.99,45.92,12.42,22.36,49.5,32.38,42.99,35.5,22.05,28.56,47.39,20.64,33.38,49.25,34.06,38.9,29.92,34.04,29.77,12.47,19.34,44.61,24.78,30.94,22.72,22.44,21.52,28.82,22.99,25.05,48.45,13.02,31.33,19.36,23.71,46.8,19.34,29.62,13.06,16.3,48.21,39.15,41.97,52.74,40.53,45.31,45.31,44.15,31.13,32.53,NA,NA,NA,NA,NA,NA,NA,NA,NA,NA,NA,NA,NA,NA,NA,NA,NA,NA,NA,NA,NA,NA,NA,NA,NA,NA,NA,NA,NA,NA,NA,NA,NA,NA,NA,NA,NA,NA,NA,NA,NA,NA,NA,NA,NA,NA,NA,NA,NA,NA,NA,NA,NA,NA,NA,NA,NA,NA,NA,NA,NA,NA,NA,NA
15. Women age 20-24 years married before age 18 years (%),31.53,29.99,30.35,51.05,47.86,40.9,35.04,39.95,32.6,37.01,37.01,39.55,61.97,50.35,18.06,19.85,29.43,24.68,17.11,12.9,15.44,16.48,20.92,18.76,13.81,19.37,17.17,11.33,10.22,10.52,9.54,11.46,12.37,15.29,14.3,15.24,32.5,27.42,43.63,41.65,32.02,26.56,33.87,32.83,10.08,44.12,23.98,33.7,33.08,21.17,26.36,24.33,39.18,37.59,14.87,18.68,17.61,25.75,15.98,19.93,12.21,16.56,16.89,17.15,NA,NA,NA,NA,NA,NA,NA,NA,NA,NA,NA,NA,NA,NA,NA,NA,NA,NA,NA,NA,NA,NA,NA,NA,NA,NA,NA,NA,NA,NA,NA,NA,NA,NA,NA,NA,NA,NA,NA,NA,NA,NA,NA,NA,NA,NA,NA,NA,NA,NA,NA,NA,NA,NA,NA,NA,NA,NA,NA,NA,NA,NA,NA,NA
16. Men age 25-29 years married before age 21 years (%),NA,NA,35.1,35.84,32.35,28.74,27.44,NA,22.13,NA,33.78,NA,NA,50.99,34.46,42.12,NA,31.88,NA,NA,NA,NA,NA,18.7,NA,NA,16.04,NA,NA,8.84,NA,12.95,NA,NA,22.2,NA,NA,31.3,NA,54.04,35.83,27.59,NA,NA,8.78,NA,20.88,31.55,27.24,NA,NA,27.79,33.21,32.09,NA,NA,NA,NA,NA,19.99,24.41,24.02,13.28,11.34,*,*,NA,NA,NA,NA,NA,*,NA,*,NA,*,*,NA,NA,NA,*,NA,*,*,*,*,*,NA,*,*,NA,*,*,NA,*,NA,*,*,NA,*,*,NA,*,NA,NA,NA,*,*,NA,*,NA,NA,NA,*,*,NA,NA,NA,*,*,*,*,*,NA,NA,NA,NA,NA
17. Women age 15-19 years who were already mothers or pregnant at the time of the survey (%),9.56,3.98,5.81,7.69,6.84,10.38,9.84,8.41,6.55,5.56,5.97,3.18,7,5.35,2.21,2.7,4.2,4.04,5.59,2.7,4.34,4.82,2.85,3.54,3.48,9.6,6.89,0,0,0,3.83,3.53,7.43,1.76,3.6,8.15,17.75,14.75,12.04,10.22,10.5,9.64,10.08,9.41,7.07,10.83,9.05,11.74,10.83,3.82,14.8,11.08,25.63,23.81,2.18,10.2,8.18,9.43,17.6,14.96,4.17,4.12,7.95,7.44,NA,NA,NA,NA,NA,NA,NA,NA,NA,NA,NA,NA,NA,NA,NA,NA,NA,NA,NA,NA,NA,NA,NA,NA,NA,NA,NA,NA,NA,NA,NA,NA,NA,NA,NA,NA,NA,NA,NA,NA,NA,NA,NA,NA,NA,NA,NA,NA,NA,NA,NA,NA,NA,NA,NA,NA,NA,NA,NA,NA,NA,NA,NA,NA
18. Any method (%),47.84,33.25,37.74,42.19,42.39,44.22,41.87,48.54,49.01,47.37,46.53,54.12,65.05,59.71,61.18,60.17,51.63,56.91,39.86,52.47,44.48,30.77,40.77,35.75,35.75,35.21,35.46,50.64,58.53,55.92,44.51,37.63,38.41,31.53,34.42,47.86,52.95,51.46,35.53,32.72,26.53,24,28.27,30.96,39.7,53.33,46.34,53.64,54.95,70.88,66.64,68.19,36.72,38.69,59.52,73.22,68.73,37.34,38.98,38.35,44.13,48.87,52.22,51.32,NA,NA,NA,NA,NA,NA,NA,NA,NA,NA,NA,NA,NA,NA,NA,NA,NA,NA,NA,NA,NA,NA,NA,NA,NA,NA,NA,NA,NA,NA,NA,NA,NA,NA,NA,NA,NA,NA,NA,NA,NA,NA,NA,NA,NA,NA,NA,NA,NA,NA,NA,NA,NA,NA,NA,NA,NA,NA,NA,NA,NA,NA,NA,NA
19. Any modern method (%),47.49,33.25,37.63,41.2,41.2,42.52,40.37,45,45.44,45.09,43.6,41.69,51.48,46.7,44.67,45.12,51.23,55.48,35.22,49.07,40.3,30.14,40.77,35.43,35.52,33.83,34.62,48.45,58,54.84,43.69,36.9,38.41,31.53,34.42,37.19,46.53,43.79,35.29,32.54,25.42,23.07,27.82,30.57,39.39,52.95,46,53.19,54.24,52.94,59.37,57.02,36.72,38.69,53.73,66.33,62.2,37.34,38.98,38.35,43.02,47.98,52.06,51.17,NA,NA,NA,NA,NA,NA,NA,NA,NA,NA,NA,NA,NA,NA,NA,NA,NA,NA,NA,NA,NA,NA,NA,NA,NA,NA,NA,NA,NA,NA,NA,NA,NA,NA,NA,NA,NA,NA,NA,NA,NA,NA,NA,NA,NA,NA,NA,NA,NA,NA,NA,NA,NA,NA,NA,NA,NA,NA,NA,NA,NA,NA,NA,NA
20. Female sterilization (%),39.2,27.77,31.29,30.73,30.62,33.77,31.88,34.8,33.14,40.17,37.31,30.46,40.66,35.68,26.37,28.83,41.82,44.54,17.91,40.19,26.08,15.29,36.06,25.63,19.89,28.05,24.24,30.55,50.23,43.72,40.22,32.99,29.2,28.29,28.67,28.43,41.81,37.89,30.52,28.1,23.94,20.78,25.76,27.62,28.93,52.12,40.22,50.86,49.85,38.14,54.31,48.4,32.68,34.4,40.32,57.55,51.91,30.21,33.16,32.03,30.22,35.48,46.56,45.41,NA,NA,NA,NA,NA,NA,NA,NA,NA,NA,NA,NA,NA,NA,NA,NA,NA,NA,NA,NA,NA,NA,NA,NA,NA,NA,NA,NA,NA,NA,NA,NA,NA,NA,NA,NA,NA,NA,NA,NA,NA,NA,NA,NA,NA,NA,NA,NA,NA,NA,NA,NA,NA,NA,NA,NA,NA,NA,NA,NA,NA,NA,NA,NA
21. Male sterilization (%),0,0,0,0,0,0,0,0,0,0,0,0,0,0,0,0,0,0,0,0,0,0,0,0,0,0,0,0,0,0,0,0,0,0,0,0,0,0,0,0,0,0,0,0,0,0,0,0.17,0.15,0,0,0,2.74,2.47,0,3.4,2.29,0,0,0,0,0,3.45,3.13,NA,NA,NA,NA,NA,NA,NA,NA,NA,NA,NA,NA,NA,NA,NA,NA,NA,NA,NA,NA,NA,NA,NA,NA,NA,NA,NA,NA,NA,NA,NA,NA,NA,NA,NA,NA,NA,NA,NA,NA,NA,NA,NA,NA,NA,NA,NA,NA,NA,NA,NA,NA,NA,NA,NA,NA,NA,NA,NA,NA,NA,NA,NA,NA
22. IUD/PPIUD (%),1.87,2.02,1.97,6.07,5.76,3.27,2.77,1.92,3.05,1.25,1.83,1.23,1.98,1.62,6.03,5.3,2.95,5.77,8.24,4.07,6.71,7.5,1.34,4.43,5.51,2.67,4,4.61,2.71,3.34,1.99,1.95,4.3,0.58,2.14,1.24,1.21,1.22,0.93,1.02,0.4,0.34,0.39,0.56,1.39,0.09,0.75,0.72,0.94,1.89,0.71,1.14,0,0,2.63,1.97,2.18,1.25,2.71,2.15,4,3.5,0.52,0.75,NA,NA,NA,NA,NA,NA,NA,NA,NA,NA,NA,NA,NA,NA,NA,NA,NA,NA,NA,NA,NA,NA,NA,NA,NA,NA,NA,NA,NA,NA,NA,NA,NA,NA,NA,NA,NA,NA,NA,NA,NA,NA,NA,NA,NA,NA,NA,NA,NA,NA,NA,NA,NA,NA,NA,NA,NA,NA,NA,NA,NA,NA,NA,NA
23. Pill (%),1.88,1.25,1.44,2.1,2.41,2.44,2.34,2.66,2.79,0.16,0.6,3.21,3.51,3.37,1.96,1.94,1.19,0.81,0.58,2.33,1.23,1.83,0.55,1.19,1.13,1.41,1.28,1.49,2.35,2.07,0,0.18,1.47,1.25,1.35,0.92,0.26,0.45,0.3,0.33,0.53,0.69,1.01,1.11,2.81,0.36,1.62,0.56,0.5,1.08,0.67,0.82,0.96,1.04,2.98,1.34,1.88,0.89,0.23,0.48,1.13,1.09,0.34,0.47,NA,NA,NA,NA,NA,NA,NA,NA,NA,NA,NA,NA,NA,NA,NA,NA,NA,NA,NA,NA,NA,NA,NA,NA,NA,NA,NA,NA,NA,NA,NA,NA,NA,NA,NA,NA,NA,NA,NA,NA,NA,NA,NA,NA,NA,NA,NA,NA,NA,NA,NA,NA,NA,NA,NA,NA,NA,NA,NA,NA,NA,NA,NA,NA
24. Condom (%),4.54,2.21,2.93,1.97,2.12,3.04,3.38,5.62,6.46,3.52,3.87,6.53,5.33,5.92,10.32,9.05,5.03,4.19,8.49,2.49,6.29,5.52,2.82,4.18,8.33,1.69,4.8,11.48,2.71,5.61,1.49,1.78,2.72,1.4,1.95,6.61,3.24,4.23,3.43,3,0.55,1.27,0.66,1.28,6.26,0.39,3.4,0.88,2.81,11.83,3.68,6.66,0.34,0.79,7.45,2.07,3.83,4.58,2.88,3.53,7.67,7.91,1.18,1.4,NA,NA,NA,NA,NA,NA,NA,NA,NA,NA,NA,NA,NA,NA,NA,NA,NA,NA,NA,NA,NA,NA,NA,NA,NA,NA,NA,NA,NA,NA,NA,NA,NA,NA,NA,NA,NA,NA,NA,NA,NA,NA,NA,NA,NA,NA,NA,NA,NA,NA,NA,NA,NA,NA,NA,NA,NA,NA,NA,NA,NA,NA,NA,NA
25. Total unmet need (%),17.41,18.09,17.88,20.62,20.95,16.69,18.27,14.86,15.53,16.94,16.82,18.56,9.72,14.04,13.14,13.36,18.94,17.31,21.41,16.08,19.46,20.94,12.43,16.7,17.37,18.1,17.76,19.36,14.25,15.94,15.73,16.29,24.55,17.1,20.23,13.74,13.96,13.9,20.56,22.23,16.41,17.61,18.37,17.85,24.79,11.71,18.42,13.1,12.63,9.99,11.03,10.65,15.42,14.76,17.02,5.9,9.55,22.4,16.32,18.65,20.17,19.17,10.68,11.59,NA,NA,NA,NA,NA,NA,NA,NA,NA,NA,NA,NA,NA,NA,NA,NA,NA,NA,NA,NA,NA,NA,NA,NA,NA,NA,NA,NA,NA,NA,NA,NA,NA,NA,NA,NA,NA,NA,NA,NA,NA,NA,NA,NA,NA,NA,NA,NA,NA,NA,NA,NA,NA,NA,NA,NA,NA,NA,NA,NA,NA,NA,NA,NA
26. Unmet need for spacing (%),7.13,9.62,8.85,9.26,8.81,8.92,8.48,6.53,7.64,6.86,7.26,5.13,4.33,4.72,4.34,5.17,7.6,7.51,6.79,7.19,6.94,13.2,7.64,10.43,7.8,10.03,8.99,8.72,6.82,7.45,6.35,6.84,6.9,6.75,6.81,2.8,5.45,4.67,9.63,10.09,5.41,5.79,5.56,5.37,8.43,6.57,7.52,7.22,6.89,3.41,4.81,4.29,5.81,5.95,1.63,1.95,1.84,8.07,5.16,6.28,5.9,5.66,3.57,3.89,NA,NA,NA,NA,NA,NA,NA,NA,NA,NA,NA,NA,NA,NA,NA,NA,NA,NA,NA,NA,NA,NA,NA,NA,NA,NA,NA,NA,NA,NA,NA,NA,NA,NA,NA,NA,NA,NA,NA,NA,NA,NA,NA,NA,NA,NA,NA,NA,NA,NA,NA,NA,NA,NA,NA,NA,NA,NA,NA,NA,NA,NA,NA,NA
27. Health worker ever talked to female non-users about family planning5 (%),21.66,13.29,15.59,13.75,15.08,29.88,27.52,13.67,12.77,18.1,20.62,38.93,17.48,28.34,30.48,29.92,30.81,27.14,18.99,15.42,17.72,12.74,25.07,19.07,3.68,18.78,11.6,34.19,32.97,33.35,11.46,11.02,10.92,7.02,8.34,17.1,31.19,26.49,11.38,9.6,8.67,8.05,15.72,14.77,10.74,16.55,13.33,20.82,21.11,41.49,26.17,31.29,15.84,16.22,32.38,29.44,30.33,11.72,10.13,10.74,23.97,23.52,16.93,16.84,NA,NA,NA,NA,NA,NA,NA,NA,NA,NA,NA,NA,NA,NA,NA,NA,NA,NA,NA,NA,NA,NA,NA,NA,NA,NA,NA,NA,NA,NA,NA,NA,NA,NA,NA,NA,NA,NA,NA,NA,NA,NA,NA,NA,NA,NA,NA,NA,NA,NA,NA,NA,NA,NA,NA,NA,NA,NA,NA,NA,NA,NA,NA,NA
28. Current users ever told about side effects of current method (%),51.93,39.58,44.98,31.42,29.87,49.05,48.16,35.19,34.29,38.86,42.33,81.11,61.92,69.86,71.04,71.76,49.63,57.4,21.78,56.56,35.61,43.96,NA,45.34,22.82,66.56,50.5,NA,44.41,49.75,33.88,31.73,52.76,NA,41.25,NA,60.68,59.64,27.86,30.23,44.79,44.79,35.19,30.44,65.45,26.2,44.87,27.09,32.37,67.41,49.9,56.23,50.6,48.16,67.42,58.89,61.71,54.85,37.25,44.28,43.02,36.47,54.83,52.54,NA,NA,NA,NA,NA,NA,NA,NA,NA,NA,NA,NA,NA,NA,NA,NA,NA,NA,NA,NA,NA,NA,*,NA,NA,NA,NA,*,NA,NA,NA,NA,NA,*,NA,*,NA,NA,NA,NA,NA,NA,NA,NA,NA,NA,NA,NA,NA,NA,NA,NA,NA,NA,NA,NA,NA,NA,NA,NA,NA,NA,NA,NA
29. Mothers who had antenatal check-up in the first trimester (%),63.29,69.77,67.79,68.99,69.02,63.88,61.88,78.38,80.4,71.55,74.05,72,87.27,79.58,95.81,94.26,56.55,63.02,84.18,80.34,82.74,83.43,72.02,78.65,64.03,78.72,73,80.53,72.37,75.13,65.89,68.7,69.81,70.42,70.16,71.87,82.52,79.72,61.44,60.06,57.31,59.99,49.17,49.23,78.84,69.29,74.15,74.5,75.62,88.32,80.52,83.44,57.09,57.99,83.66,89.07,87.19,69.29,70.22,69.86,72.24,68.9,66.38,67.13,NA,NA,NA,NA,NA,NA,NA,NA,NA,NA,NA,NA,NA,NA,NA,NA,NA,NA,NA,NA,NA,NA,NA,NA,NA,NA,NA,NA,NA,NA,NA,NA,NA,NA,NA,NA,NA,NA,NA,NA,NA,NA,NA,NA,NA,NA,NA,NA,NA,NA,NA,NA,NA,NA,NA,NA,NA,NA,NA,NA,NA,NA,NA,NA
30. Mothers who had at least 4 antenatal care visits (%),63.96,61.39,62.18,58.51,59.05,71.52,67.81,81.9,81.29,63.38,66.35,87.9,89.17,88.53,97.22,95.9,43.19,51.99,87.32,86.02,86.84,85.18,73.28,80.19,51.53,60.26,56.86,76.49,76.11,76.24,47.87,40.8,64.61,34.48,47.19,79.01,78.29,78.48,49.15,49.63,45.78,51.21,38.52,39.23,81.22,60.4,70.99,69.46,70.52,94.51,81.53,86.4,44.98,47.55,85.18,95.42,91.87,69.27,46.91,55.74,75.36,71.63,71.78,74.48,NA,NA,NA,NA,NA,NA,NA,NA,NA,NA,NA,NA,NA,NA,NA,NA,NA,NA,NA,NA,NA,NA,NA,NA,NA,NA,NA,NA,NA,NA,NA,NA,NA,NA,NA,NA,NA,NA,NA,NA,NA,NA,NA,NA,NA,NA,NA,NA,NA,NA,NA,NA,NA,NA,NA,NA,NA,NA,NA,NA,NA,NA,NA,NA
31. Mothers whose last birth was protected against neonatal tetanus6 (%),96.28,95.31,95.61,76.6,79,89.47,90.75,86.33,87.78,90.13,90.43,94.84,93.47,94.16,94.7,94.34,86.85,88.55,90.79,92.18,91.31,94.72,97.59,95.92,97.14,98,97.66,92.45,86.86,88.75,97.45,96.88,89.92,89.24,89.52,89.84,78.88,81.76,67.04,68.19,63.02,67.94,78.87,78.92,84.68,76.58,80.7,79.82,80.44,91.78,80.03,84.44,88.49,89,94.1,87.03,89.48,90,72.45,79.39,88.76,89.02,94.73,94.77,NA,NA,NA,NA,NA,NA,NA,NA,NA,NA,NA,NA,NA,NA,NA,NA,NA,NA,NA,NA,NA,NA,NA,NA,NA,NA,NA,NA,NA,NA,NA,NA,NA,NA,NA,NA,NA,NA,NA,NA,NA,NA,NA,NA,NA,NA,NA,NA,NA,NA,NA,NA,NA,NA,NA,NA,NA,NA,NA,NA,NA,NA,NA,NA
32. Mothers who consumed iron folic acid for 100 days or more when they were pregnant (%),27.62,42.55,37.98,21.63,23.26,19.49,21.49,33.49,34.03,23.85,27.51,38.51,51.39,44.9,56.64,56.68,23.06,26.86,40.64,43.1,41.56,57.59,25.56,44.17,54.72,36.68,43.71,41.29,21.12,27.93,33.08,31.69,40.24,26.36,32.22,37.95,40.42,39.77,32.57,32.73,20.21,19.82,13.81,13.59,38.17,36.9,37.55,46.64,45.31,60.4,45.77,51.26,36.64,38.79,37.12,69.84,58.49,51.34,33.37,40.47,42.17,35.48,45.37,42.81,NA,NA,NA,NA,NA,NA,NA,NA,NA,NA,NA,NA,NA,NA,NA,NA,NA,NA,NA,NA,NA,NA,NA,NA,NA,NA,NA,NA,NA,NA,NA,NA,NA,NA,NA,NA,NA,NA,NA,NA,NA,NA,NA,NA,NA,NA,NA,NA,NA,NA,NA,NA,NA,NA,NA,NA,NA,NA,NA,NA,NA,NA,NA,NA
33. Mothers who had full antenatal care7 (%),20.12,33.44,29.36,14.82,16.76,16.98,17.81,27.03,27.34,19.44,22.95,34.98,47.74,41.31,54.49,54.06,13.66,18.76,37.43,40.97,38.75,51.9,21.1,39,44.24,25.33,32.7,32.83,18.48,23.33,19.04,17.15,28.54,11.88,18.91,28.66,30.24,29.83,22.2,22.27,14.35,14.85,7.97,7.49,36.47,29.01,32.81,31.67,30.7,57.8,39.5,46.37,19.73,22.37,33.99,64.87,54.16,40.06,20.7,28.35,39.1,31.48,34.91,33.54,NA,NA,NA,NA,NA,NA,NA,NA,NA,NA,NA,NA,NA,NA,NA,NA,NA,NA,NA,NA,NA,NA,NA,NA,NA,NA,NA,NA,NA,NA,NA,NA,NA,NA,NA,NA,NA,NA,NA,NA,NA,NA,NA,NA,NA,NA,NA,NA,NA,NA,NA,NA,NA,NA,NA,NA,NA,NA,NA,NA,NA,NA,NA,NA
34. Registered pregnancies for which the mother received Mother and Child Protection (MCP) card (%),88.55,94.3,92.66,85,83.5,89.68,90.1,96.74,95.07,91.97,93.34,87.54,100,93.75,89.43,91.6,85.85,84.82,88.53,98.68,92.33,93.02,92.06,92.61,92.28,96.05,94.64,92.74,94.49,93.92,94.53,94.63,90.01,95.34,93.05,88.12,92.94,91.82,90.32,88.07,83.31,84.2,85.68,84.79,83.17,92.74,88.16,93.35,93.33,87.87,99.01,95.17,94.46,94.92,92.69,85.96,88.21,73.59,93.51,85.73,73.48,77.29,95.15,94.52,NA,NA,NA,NA,NA,NA,NA,NA,NA,NA,NA,NA,NA,NA,NA,NA,NA,NA,NA,NA,NA,NA,NA,NA,NA,NA,NA,NA,NA,NA,NA,NA,NA,NA,NA,NA,NA,NA,NA,NA,NA,NA,NA,NA,NA,NA,NA,NA,NA,NA,NA,NA,NA,NA,NA,NA,NA,NA,NA,NA,NA,NA,NA,NA
35. Mothers who received postnatal care from a doctor/nurse/LHV/ANM/midwife/other health personnel within 2 days of delivery (%),52.09,69.35,64.07,54.99,53.98,64.91,63.02,62.64,69.03,55.93,60.4,67.64,78.02,72.79,67.41,67.45,45.22,54.45,53.54,61.37,56.46,59.36,51.83,56.2,64.34,67.38,66.2,64.85,56.93,59.6,52.27,60.54,56.94,58,57.55,77.46,83.34,81.8,56.1,59.07,52.76,53.95,59.09,57.92,67.92,64.28,66.13,63.25,64.76,80.17,62.44,69.1,36.09,38.3,62.86,81.89,75.29,62.73,57.63,59.65,75.18,69.43,60.65,60.03,NA,NA,NA,NA,NA,NA,NA,NA,NA,NA,NA,NA,NA,NA,NA,NA,NA,NA,NA,NA,NA,NA,NA,NA,NA,NA,NA,NA,NA,NA,NA,NA,NA,NA,NA,NA,NA,NA,NA,NA,NA,NA,NA,NA,NA,NA,NA,NA,NA,NA,NA,NA,NA,NA,NA,NA,NA,NA,NA,NA,NA,NA,NA,NA
36. Mothers who received financial assistance under Janani Suraksha Yojana (JSY) for births delivered in an institution (%),7.51,12.76,11.11,4.57,4,21.89,22.52,5.24,6.06,7.85,6.93,7.11,9.39,8.22,1.26,1.58,14.63,12.17,2.07,6.64,3.71,5.09,8.35,6.47,4.13,8.76,6.96,5.57,17.34,13.25,12.04,9.76,4.83,10.75,8.24,5.83,16.52,13.53,6.85,6.54,7.84,7.19,19.23,18.73,3.69,19.74,11.32,24.41,23.66,16.39,18.62,17.7,49.28,47.38,8.56,26.13,20.04,0.96,7.11,4.4,2.8,7.73,27.72,24.46,NA,NA,NA,NA,NA,NA,NA,NA,NA,NA,NA,NA,NA,NA,NA,NA,NA,NA,NA,NA,NA,NA,NA,NA,NA,NA,NA,NA,NA,NA,NA,NA,NA,NA,NA,NA,NA,NA,NA,NA,NA,NA,NA,NA,NA,NA,NA,NA,NA,NA,NA,NA,NA,NA,NA,NA,NA,NA,NA,NA,NA,NA,NA,NA
37. Average out of pocket expenditure per delivery in public health facility (Rs.),1850.89,449.61,779.16,3467.16,3416.81,914.86,1755.51,1806.01,1819.76,2183.19,2083.91,1564.18,582.4,979.92,2659.69,2596.16,2064.47,2199.47,NA,NA,2322.93,2594.96,1027.66,1824.3,1636.84,1433.27,1492.86,2303.78,2190.61,2231.73,2342.41,2554.03,1559.39,2143.34,1895.33,NA,1707.72,1744.97,10716.52,9079.03,1941.06,1891.57,1184,1235.61,1793.01,742.17,1150.65,521.76,505.98,NA,1024.37,1246.98,421.72,399.85,NA,716.88,1664,NA,1461.95,3421.92,1361.23,1247.83,915.91,944.89,NA,NA,NA,NA,NA,NA,NA,NA,NA,NA,NA,NA,NA,NA,NA,NA,NA,NA,*,*,NA,NA,NA,NA,NA,NA,NA,NA,NA,NA,NA,NA,NA,NA,NA,*,NA,NA,NA,NA,NA,NA,NA,NA,NA,NA,NA,NA,NA,*,NA,NA,NA,NA,*,NA,NA,*,NA,NA,NA,NA,NA,NA
38. Children born at home who were taken to a health facility for check-up within 24 hours of birth (%),NA,NA,4.21,NA,NA,NA,NA,NA,NA,0.01,0.01,NA,NA,NA,NA,NA,2.85,2.7,NA,NA,NA,NA,NA,NA,NA,NA,NA,NA,NA,NA,NA,NA,NA,NA,NA,NA,NA,NA,NA,12.88,8.7,8.39,3.21,3.06,NA,NA,5.07,6.12,6.01,NA,NA,2.27,1.01,0.99,NA,NA,NA,NA,0.01,3.32,NA,NA,3.14,2.85,*,*,NA,*,*,*,*,*,*,NA,NA,*,*,*,*,*,NA,NA,*,*,*,*,*,*,*,*,*,*,*,*,*,*,*,*,*,*,*,*,*,NA,NA,NA,NA,NA,*,*,NA,NA,NA,*,*,NA,NA,NA,*,*,*,*,NA,NA,*,*,NA,NA
39. Children who received postnatal care from a doctor/nurse/LHV/ANM/midwife/other health personnel within 2 days of delivery (%),18.74,17.36,17.78,12.34,10.79,21.1,17.79,9.05,12.05,9,9.22,30.16,32.95,31.55,23.57,24.03,7.91,8.13,9.15,12.2,10.29,10.47,23.46,15.91,13.12,16.39,15.12,12.23,20.39,17.63,5.02,14.49,8.61,25.71,18.49,14.37,28.8,25.01,14.99,12.41,10.38,11.5,5.45,5.12,15.59,14.06,14.84,19.44,18.82,25.28,20.04,22.01,9.02,9.89,22.58,25.3,24.36,7.38,15.56,12.33,13.27,12.65,22.14,19.63,NA,NA,NA,NA,NA,NA,NA,NA,NA,NA,NA,NA,NA,NA,NA,NA,NA,NA,NA,NA,NA,NA,NA,NA,NA,NA,NA,NA,NA,NA,NA,NA,NA,NA,NA,NA,NA,NA,NA,NA,NA,NA,NA,NA,NA,NA,NA,NA,NA,NA,NA,NA,NA,NA,NA,NA,NA,NA,NA,NA,NA,NA,NA,NA
40. Institutional births (%),87.29,80.6,82.72,89.55,89.26,91.22,92.28,95.82,96.44,87.03,88.92,94.46,90.08,92.33,96.83,94.63,76.88,81.04,93.93,90.24,92.54,95.64,95.94,95.77,97.49,97.22,97.32,94.19,88.96,90.64,78.96,81.73,93.65,92.99,93.26,97.93,90.99,92.64,89.51,89.73,77.25,79.58,83.74,84.26,78.85,81.07,79.98,76.33,77.49,90.4,76.06,81.05,51.67,53.19,94.99,95.27,95.17,90.43,67.68,76.05,95.21,92.69,82.89,83.2,NA,NA,NA,NA,NA,NA,NA,NA,NA,NA,NA,NA,NA,NA,NA,NA,NA,NA,NA,NA,NA,NA,NA,NA,NA,NA,NA,NA,NA,NA,NA,NA,NA,NA,NA,NA,NA,NA,NA,NA,NA,NA,NA,NA,NA,NA,NA,NA,NA,NA,NA,NA,NA,NA,NA,NA,NA,NA,NA,NA,NA,NA,NA,NA
41. Institutional births in public facility (%),28.47,42.79,38.25,25.37,24.67,32.4,29.76,25.27,23,20.66,19.03,32.48,42.64,37.43,31.11,29.9,33.27,31.34,18.26,21.6,19.52,33.93,46.56,39.54,41.23,62.33,54.61,41.22,36.79,38.21,35.1,38.07,31.97,33.35,32.78,25.23,35.71,33.22,41.88,42.18,19.87,18.6,42.09,41.29,32.45,61.7,47.31,54.08,52.45,22.17,37.5,32.16,40.76,41.23,29.33,35.64,33.42,23.6,35.98,31.42,26.27,31.71,52.23,48.98,NA,NA,NA,NA,NA,NA,NA,NA,NA,NA,NA,NA,NA,NA,NA,NA,NA,NA,NA,NA,NA,NA,NA,NA,NA,NA,NA,NA,NA,NA,NA,NA,NA,NA,NA,NA,NA,NA,NA,NA,NA,NA,NA,NA,NA,NA,NA,NA,NA,NA,NA,NA,NA,NA,NA,NA,NA,NA,NA,NA,NA,NA,NA,NA
42. Home delivery conducted by skilled health personnel (out of total deliveries) (%),1.29,1.32,1.31,0.85,1.4,2.06,1.64,0,0.31,4.01,3.32,1.28,2.26,1.76,0,0,5.79,4.9,1.32,3.73,2.23,0.71,1.72,1.16,1.79,2.26,2.09,1.68,4.33,3.48,5.47,4.37,2.36,3.07,2.78,1.3,1.16,1.19,5.04,3.87,4.08,4.07,0.88,0.83,4.33,0.71,2.49,1.34,1.26,2.06,1.68,1.81,1.84,1.96,0.91,0,0.32,2.75,8.31,6.27,2.99,2.61,4.76,5,NA,NA,NA,NA,NA,NA,NA,NA,NA,NA,NA,NA,NA,NA,NA,NA,NA,NA,NA,NA,NA,NA,NA,NA,NA,NA,NA,NA,NA,NA,NA,NA,NA,NA,NA,NA,NA,NA,NA,NA,NA,NA,NA,NA,NA,NA,NA,NA,NA,NA,NA,NA,NA,NA,NA,NA,NA,NA,NA,NA,NA,NA,NA,NA
43. Births assisted by a doctor/nurse/LHV/ANM/other health personnel (%),88.58,80.43,83.01,78.07,79.79,93.76,94.3,85.08,86.08,79.5,82.37,95.74,92.35,94.09,96.83,94.63,82.67,85.93,77.5,87.46,81.25,87.17,96.19,91.18,95.58,96.57,96.21,95.12,93.29,93.88,81.21,83.33,93.72,94.04,93.91,99.23,92.15,93.83,90.51,87.12,75.99,78.97,81.64,82.28,81.38,74.77,78.02,73.53,74.87,92.47,77.74,82.87,52,53.73,95.91,95.27,95.49,86.71,74.37,78.91,98.2,95.3,85.13,85.96,NA,NA,NA,NA,NA,NA,NA,NA,NA,NA,NA,NA,NA,NA,NA,NA,NA,NA,NA,NA,NA,NA,NA,NA,NA,NA,NA,NA,NA,NA,NA,NA,NA,NA,NA,NA,NA,NA,NA,NA,NA,NA,NA,NA,NA,NA,NA,NA,NA,NA,NA,NA,NA,NA,NA,NA,NA,NA,NA,NA,NA,NA,NA,NA
44. Births delivered by caesarean section (%),11.22,11.98,11.74,8.08,8.47,9.9,15.65,21.77,26.5,11.34,13.66,27.69,16.26,22.13,45.91,40.45,11.35,11.78,21.15,13.79,18.37,34.93,10.96,24.28,20.35,12.53,15.39,23.18,15.29,17.82,11.18,11.6,9.78,15.71,13.3,33.09,16.73,20.61,11.56,11.38,6.08,7.95,6.02,6.1,22,9.32,15.56,6.92,9.36,19.68,7.93,12.02,2.59,3.49,37.41,15.26,23.06,20.55,10.77,14.37,25.8,23.32,12.11,14,NA,NA,NA,NA,NA,NA,NA,NA,NA,NA,NA,NA,NA,NA,NA,NA,NA,NA,NA,NA,NA,NA,NA,NA,NA,NA,NA,NA,NA,NA,NA,NA,NA,NA,NA,NA,NA,NA,NA,NA,NA,NA,NA,NA,NA,NA,NA,NA,NA,NA,NA,NA,NA,NA,NA,NA,NA,NA,NA,NA,NA,NA,NA,NA
45. Births in a private health facility delivered by caesarean section (%),15.76,20.09,18.27,11.18,11.89,14.16,20.01,28.34,31.87,15.99,18.22,31.14,31.2,31.16,52.91,49.15,23.45,21.91,23.73,16.38,21.12,43.4,15.62,32.56,30.51,21.26,25.72,26.62,27.92,27.5,21,22.11,12.67,19.23,16.51,36.91,29.39,31.57,17.65,18.25,7.56,10.53,10.71,10.79,37.76,31.34,35.82,19.45,27.68,25.76,18.77,22.16,2.48,4.2,49.98,22.72,32.93,23.61,24.61,24.06,30.65,31.16,27.47,28.8,NA,NA,NA,NA,NA,NA,NA,NA,NA,NA,NA,NA,NA,NA,NA,NA,NA,NA,NA,NA,NA,NA,NA,NA,NA,NA,NA,NA,NA,NA,NA,NA,NA,NA,NA,NA,NA,NA,NA,NA,NA,NA,NA,NA,NA,NA,NA,NA,NA,NA,NA,NA,NA,NA,NA,NA,NA,NA,NA,NA,NA,NA,NA,NA
46. Births in a public health facility delivered by caesarean section (%),6.86,10.26,9.46,3.54,3.21,4.85,10.55,7.04,13.49,3.55,4.85,25.84,3.42,13.41,35.79,28.89,3.37,2.84,NA,11.77,15.11,24.02,6.97,15.1,7.72,8.2,8.07,22.02,1.96,8.9,5.62,5.12,6.14,12.72,10.11,24.8,1.36,5.58,7.54,6.42,8.75,8.18,3.69,3.55,13.82,5.27,8.15,4.78,4.63,9.48,1.85,3.68,5.69,7.24,15.66,4.79,8.15,20.22,8.24,11.55,17.79,13.63,7.06,8.47,NA,NA,NA,NA,NA,NA,NA,NA,NA,NA,NA,NA,NA,NA,NA,NA,NA,NA,*,NA,NA,NA,NA,NA,NA,NA,NA,NA,NA,NA,NA,NA,NA,NA,NA,NA,NA,NA,NA,NA,NA,NA,NA,NA,NA,NA,NA,NA,NA,NA,NA,NA,NA,NA,NA,NA,NA,NA,NA,NA,NA,NA,NA,NA
47. Children age 12-23 months fully immunized (BCG measles and 3 doses each of polio/DPT) (%),39.83,47.72,44.95,35.46,35.26,28.54,30.67,54.24,55.09,48.77,49.05,NA,NA,66.14,50.4,48.99,40.92,37.54,NA,NA,51.36,68.77,NA,71.42,NA,76.39,68.82,43.19,NA,56.54,59.87,59.86,51.79,NA,52.44,NA,60.27,61.44,43.84,39.52,30.12,30.23,27.41,32.95,NA,66.48,63.25,69.24,69.27,73.01,48.8,56.91,42.39,44.29,61.51,NA,78.45,NA,61.61,52.88,44.99,47.95,70.69,72.87,NA,NA,NA,NA,NA,NA,NA,NA,NA,NA,NA,*,*,NA,NA,NA,NA,NA,*,*,NA,NA,*,NA,*,NA,NA,NA,*,NA,NA,NA,NA,*,NA,*,NA,NA,NA,NA,NA,NA,NA,NA,*,NA,NA,NA,NA,NA,NA,NA,NA,NA,NA,*,NA,*,NA,NA,NA,NA,NA,NA
48. Children age 12-23 months who have received BCG (%),93.83,96.59,95.62,75.99,72.56,69.05,72.51,100,100,91.16,91.4,NA,NA,94.63,91.75,90.35,71.88,76.03,NA,NA,94.76,100,NA,98.24,NA,92.84,91.37,85.42,NA,91.17,96.35,94.43,81.13,NA,80.12,NA,100,99.12,86.64,80.19,62.67,63.71,62.48,65.34,NA,100,95.78,95.19,95.5,100,97.45,98.31,85.64,86.11,100,NA,100,NA,82.9,87.96,93.61,90.38,97.39,97.79,NA,NA,NA,NA,NA,NA,NA,NA,NA,NA,NA,*,*,NA,NA,NA,NA,NA,*,*,NA,NA,*,NA,*,NA,NA,NA,*,NA,NA,NA,NA,*,NA,*,NA,NA,NA,NA,NA,NA,NA,NA,*,NA,NA,NA,NA,NA,NA,NA,NA,NA,NA,*,NA,*,NA,NA,NA,NA,NA,NA
49. Children age 12-23 months who have received 3 doses of polio vaccine (%),53.84,52.31,52.85,47.49,47.25,41.08,46.75,66.17,63.42,73.1,69.67,NA,NA,71.95,63.3,58.62,50.62,53.31,NA,NA,65.15,76.17,NA,77.88,NA,76.39,70.89,54.14,NA,63.87,74.82,70.64,51.79,NA,62.76,NA,74.3,75.06,67.33,60.72,46.42,44.82,36.42,41.27,NA,81.17,74.17,84.06,85.09,76.92,72.95,74.27,54.7,56.19,69.08,NA,81.51,NA,65.94,60.91,61.43,62.86,80.23,83.25,NA,NA,NA,NA,NA,NA,NA,NA,NA,NA,NA,*,*,NA,NA,NA,NA,NA,*,*,NA,NA,*,NA,*,NA,NA,NA,*,NA,NA,NA,NA,*,NA,*,NA,NA,NA,NA,NA,NA,NA,NA,*,NA,NA,NA,NA,NA,NA,NA,NA,NA,NA,*,NA,*,NA,NA,NA,NA,NA,NA
50. Children age 12-23 months who have received 3 doses of DPT vaccine (%),66.3,75.76,72.44,53.33,53.81,46.84,46.69,90.27,87.98,66.46,70.53,NA,NA,79.05,91.4,82.94,62.2,63.97,NA,NA,78.59,87.17,NA,88.38,NA,92.84,91.37,69.86,NA,84.71,82.67,78.87,63.74,NA,70.81,NA,80.05,81.27,57.98,55.26,44.41,47.36,38.16,42.88,NA,73.71,74.02,85.35,86.3,82.84,89.36,87.18,71.01,71.97,75.71,NA,90.21,NA,81.26,80.22,73.37,71.99,82.9,83.22,NA,NA,NA,NA,NA,NA,NA,NA,NA,NA,NA,*,*,NA,NA,NA,NA,NA,*,*,NA,NA,*,NA,*,NA,NA,NA,*,NA,NA,NA,NA,*,NA,*,NA,NA,NA,NA,NA,NA,NA,NA,*,NA,NA,NA,NA,NA,NA,NA,NA,NA,NA,*,NA,*,NA,NA,NA,NA,NA,NA
51. Children age 12-23 months who have received measles vaccine (%),76.83,79.19,78.36,67.17,63.15,57.31,54.85,83.73,83.42,73.7,76.05,NA,NA,81.2,82.61,76.38,49.87,48.21,NA,NA,89.93,86.47,NA,87.87,NA,96.06,89.9,62.78,NA,76.09,88.03,82.74,66.36,NA,63.95,NA,90.62,91.04,68.95,63.58,56.98,58.62,48.03,51.99,NA,92.52,88.78,82.76,81.91,83.83,74.96,77.93,71.45,72.39,78.81,NA,91.46,NA,82.42,81.68,69.89,72.82,92.74,91.56,NA,NA,NA,NA,NA,NA,NA,NA,NA,NA,NA,*,*,NA,NA,NA,NA,NA,*,*,NA,NA,*,NA,*,NA,NA,NA,*,NA,NA,NA,NA,*,NA,*,NA,NA,NA,NA,NA,NA,NA,NA,*,NA,NA,NA,NA,NA,NA,NA,NA,NA,NA,*,NA,*,NA,NA,NA,NA,NA,NA
52. Children age 12-23 months who have received 3 doses of Hepatitis B vaccine (%),36.02,47.29,43.33,17.53,17.51,19.53,21.68,19.82,27.89,20.11,26.91,NA,NA,48.37,47.14,46.56,22.73,23.21,NA,NA,36.65,70.86,NA,66.08,NA,39.67,37.7,39.05,NA,57.38,42.57,44.88,30.31,NA,30.86,NA,45.45,47.8,28.52,28.36,30.6,30.65,16.61,15.34,NA,27.71,33.98,48.79,52.1,45.14,48.22,47.19,47.91,48.13,39.24,NA,61.97,NA,45.97,36.02,38.86,45.61,70.26,72.51,NA,NA,NA,NA,NA,NA,NA,NA,NA,NA,NA,*,*,NA,NA,NA,NA,NA,*,*,NA,NA,*,NA,*,NA,NA,NA,*,NA,NA,NA,NA,*,NA,*,NA,NA,NA,NA,NA,NA,NA,NA,*,NA,NA,NA,NA,NA,NA,NA,NA,NA,NA,*,NA,*,NA,NA,NA,NA,NA,NA
53. Children age 9-59 months who received a vitamin A dose in last 6 months (%),59.09,72.38,68.14,55.35,56.63,68.66,71.56,67.2,65.39,62.99,60.56,52.39,65.68,58.9,63.35,58.86,82.85,82.18,67.78,77.57,71.74,62.22,80.14,70.21,94.87,88.93,91.11,79.96,83.28,82.13,89.25,87.88,85.83,90.49,88.58,72.58,79.37,77.63,74.55,71.65,62.28,66.35,72.81,73.57,67.3,71.21,69.35,67.59,69.37,68.1,79.2,75.01,72.12,72.67,73.56,73.69,73.64,88.48,78.74,82.12,74.53,77.91,82.46,82.81,NA,NA,NA,NA,NA,NA,NA,NA,NA,NA,NA,NA,NA,NA,NA,NA,NA,NA,NA,NA,NA,NA,NA,NA,NA,NA,NA,NA,NA,NA,NA,NA,NA,NA,NA,NA,NA,NA,NA,NA,NA,NA,NA,NA,NA,NA,NA,NA,NA,NA,NA,NA,NA,NA,NA,NA,NA,NA,NA,NA,NA,NA,NA,NA
54. Children age 12-23 months who received most of the vaccinations in public health facility (%),87.78,91.79,90.37,94.1,89.19,93.16,91.96,88.15,89.51,93.03,88.75,NA,NA,94.56,78.97,82.39,100,88.87,NA,NA,83.47,76.72,NA,83.5,NA,96.78,95.44,NA,NA,78.71,92.15,94.22,NA,NA,83.72,NA,93.2,90.82,91.54,88.42,94.32,88.05,100,100,NA,92.98,92.52,98.48,95.28,73.48,92.16,85.9,100,100,83.62,NA,87.59,NA,97.22,90.67,72.85,79.04,100,97.65,NA,NA,NA,NA,NA,NA,NA,NA,NA,NA,NA,*,*,NA,NA,NA,NA,NA,*,*,NA,NA,*,NA,*,NA,NA,*,*,NA,NA,NA,*,*,NA,*,NA,NA,NA,NA,NA,NA,NA,NA,*,NA,NA,NA,NA,NA,NA,NA,NA,NA,NA,*,NA,*,NA,NA,NA,NA,NA,NA
55. Children age 12-23 months who received most of the vaccinations in private health facility (%),12.22,8.21,9.63,5.9,10.81,2.6,4.88,11.85,10.49,4.84,9.63,NA,NA,5.44,21.03,17.61,0.01,11.13,NA,NA,16.53,23.28,NA,16.5,NA,3.22,4.56,NA,NA,21.29,7.85,5.78,NA,NA,16.28,NA,6.8,9.18,8.46,11.58,5.68,11.95,0,0,NA,7.02,7.48,1.52,4.72,26.52,7.84,14.1,0,0,16.38,NA,6.6,NA,2.78,9.33,27.15,20.96,0.01,2.35,NA,NA,NA,NA,NA,NA,NA,NA,NA,NA,NA,*,*,NA,NA,NA,NA,NA,*,*,NA,NA,*,NA,*,NA,NA,*,*,NA,NA,NA,*,*,NA,*,NA,NA,NA,NA,NA,NA,NA,NA,*,NA,NA,NA,NA,NA,NA,NA,NA,NA,NA,*,NA,*,NA,NA,NA,NA,NA,NA
56. Prevalence of diarrhoea (reported) in the last 2 weeks preceding the survey (%),6.54,7.02,6.87,6.75,6.35,16.06,14.54,4.78,5.16,5.48,6.21,2.6,4,3.28,11.64,9.49,7.32,8.88,5.41,4.53,5.07,6.75,1.83,4.57,8.95,7.47,8.01,9.5,10.73,10.33,10.37,9.16,5.7,4.87,5.21,11.2,12.76,12.37,10.05,10.23,14.38,12.56,11.7,11.43,7.84,15.23,11.6,9.32,9.1,9.43,13.62,12.11,10.96,11.55,3.21,8.38,6.53,14.26,5.43,8.56,4.98,5.82,10.72,9.95,NA,NA,NA,NA,NA,NA,NA,NA,NA,NA,NA,NA,NA,NA,NA,NA,NA,NA,NA,NA,NA,NA,NA,NA,NA,NA,NA,NA,NA,NA,NA,NA,NA,NA,NA,NA,NA,NA,NA,NA,NA,NA,NA,NA,NA,NA,NA,NA,NA,NA,NA,NA,NA,NA,NA,NA,NA,NA,NA,NA,NA,NA,NA,NA
57. Children with diarrhoea in the last 2 weeks who received oral rehydration salts (ORS) (%),NA,NA,NA,NA,NA,63.46,55.59,NA,NA,NA,NA,NA,NA,NA,NA,NA,NA,70.3,NA,NA,NA,NA,NA,NA,NA,NA,NA,NA,NA,79.17,NA,NA,NA,NA,NA,NA,NA,30.27,NA,35.26,26.58,26.58,64.54,65.92,NA,NA,40.16,42.95,44.98,NA,NA,31.92,51.29,50.26,NA,NA,NA,NA,NA,25.03,NA,NA,NA,57.81,*,*,*,*,*,NA,NA,*,*,*,*,*,*,*,*,*,*,NA,*,*,*,*,*,*,*,*,*,*,*,NA,*,*,*,*,*,*,*,NA,*,NA,NA,NA,NA,NA,*,*,NA,NA,NA,*,*,NA,NA,NA,*,*,*,*,*,NA,*,*,*,NA
58. Children with diarrhoea in the last 2 weeks who received zinc (%),NA,NA,NA,NA,NA,22.01,21.62,NA,NA,NA,NA,NA,NA,NA,NA,NA,NA,26.88,NA,NA,NA,NA,NA,NA,NA,NA,NA,NA,NA,50.26,NA,NA,NA,NA,NA,NA,NA,11.06,NA,11.79,19.16,19.16,28.85,27.73,NA,NA,7.45,13.43,16.52,NA,NA,2.45,27.01,23.96,NA,NA,NA,NA,NA,8.14,NA,NA,NA,32.22,*,*,*,*,*,NA,NA,*,*,*,*,*,*,*,*,*,*,NA,*,*,*,*,*,*,*,*,*,*,*,NA,*,*,*,*,*,*,*,NA,*,NA,NA,NA,NA,NA,*,*,NA,NA,NA,*,*,NA,NA,NA,*,*,*,*,*,NA,*,*,*,NA
59. Children with diarrhoea in the last 2 weeks taken to a health facility (%),NA,NA,NA,NA,NA,71.31,65.55,NA,NA,NA,NA,NA,NA,NA,NA,NA,NA,78.29,NA,NA,NA,NA,NA,NA,NA,NA,NA,NA,NA,75.98,NA,NA,NA,NA,NA,NA,NA,52.46,NA,70.41,48.01,48.01,70.46,71.6,NA,NA,64.61,40.87,42.98,NA,NA,49.13,72.62,73.54,NA,NA,NA,NA,NA,68.3,NA,NA,NA,69.42,*,*,*,*,*,NA,NA,*,*,*,*,*,*,*,*,*,*,NA,*,*,*,*,*,*,*,*,*,*,*,NA,*,*,*,*,*,*,*,NA,*,NA,NA,NA,NA,NA,*,*,NA,NA,NA,*,*,NA,NA,NA,*,*,*,*,*,NA,*,*,*,NA
60. Prevalence of symptoms of acute respiratory infection (ARI) in the last 2 weeks preceding the survey (%),0,0,0,0.58,0.51,0.93,1.08,0,0,0.66,1.19,0,1.55,0.75,0,0,0,0.31,0,0.91,0.35,2.21,0,1.23,0.7,0.6,0.63,1.33,4.7,3.6,0,0,1.39,1.44,1.42,3.92,2.41,2.79,2.47,2.01,2.99,3.19,2.53,2.37,3.64,0.62,2.11,3.72,3.51,1.65,0,0.59,0.63,0.59,1.25,0.83,0.98,1.97,1.53,1.68,3.06,2.98,0.89,0.79,NA,NA,NA,NA,NA,NA,NA,NA,NA,NA,NA,NA,NA,NA,NA,NA,NA,NA,NA,NA,NA,NA,NA,NA,NA,NA,NA,NA,NA,NA,NA,NA,NA,NA,NA,NA,NA,NA,NA,NA,NA,NA,NA,NA,NA,NA,NA,NA,NA,NA,NA,NA,NA,NA,NA,NA,NA,NA,NA,NA,NA,NA,NA,NA
61. Children with fever or symptoms of ARI in the last 2 weeks preceding the survey taken to a health facility (%),NA,NA,NA,NA,66.45,62.97,56.56,NA,NA,NA,51.51,NA,NA,86.04,NA,NA,NA,NA,NA,NA,NA,NA,NA,NA,NA,NA,NA,NA,NA,88.28,NA,NA,NA,NA,NA,NA,67.79,66.52,80.5,79.19,69.57,72.23,74.97,74.97,NA,NA,72.52,55.83,55.83,NA,NA,72.49,45.6,51.72,NA,NA,NA,NA,NA,NA,NA,NA,68.04,65.9,*,*,*,*,NA,NA,NA,*,*,*,NA,*,*,NA,*,*,*,*,*,*,*,*,*,*,*,*,*,*,*,NA,*,*,*,*,*,*,NA,NA,NA,NA,NA,NA,NA,NA,*,*,NA,NA,NA,*,*,NA,NA,NA,*,*,*,*,*,*,*,*,NA,NA
62. Children under age 3 years breastfed within one hour of birth8 (%),61.92,32.99,41.72,47.8,49.56,44.53,41.68,53.18,53.96,47.83,46.46,51.19,63.49,56.98,50.8,49.82,44.68,51.83,49.12,58.6,52.74,23.84,52.09,34.95,57.79,59.05,58.65,46.65,49.35,48.44,52.55,42.2,69.03,40.99,52.98,59.19,69.74,67.18,59.01,59.49,33.54,37.77,38.92,36.62,46.95,52.15,49.51,52.52,51.7,77.23,63.14,67.62,41.54,42.29,39.11,67.49,58.18,76.55,66.66,70.44,58.71,46,32.87,35.89,NA,NA,NA,NA,NA,NA,NA,NA,NA,NA,NA,NA,NA,NA,NA,NA,NA,NA,NA,NA,NA,NA,NA,NA,NA,NA,NA,NA,NA,NA,NA,NA,NA,NA,NA,NA,NA,NA,NA,NA,NA,NA,NA,NA,NA,NA,NA,NA,NA,NA,NA,NA,NA,NA,NA,NA,NA,NA,NA,NA,NA,NA,NA,NA
63. Children under age 6 months exclusively breastfed9 (%),NA,NA,NA,50.95,47.43,30.6,34.51,NA,NA,63.29,58.32,NA,NA,40.84,NA,NA,NA,38.02,NA,NA,NA,NA,NA,NA,NA,NA,52.22,NA,NA,43.2,NA,NA,NA,NA,65.88,NA,NA,68.78,NA,57.68,78.44,76.55,70.02,71.38,NA,NA,64.81,60.94,62.16,NA,NA,NA,81.73,80.48,NA,NA,NA,NA,NA,NA,NA,NA,NA,NA,*,*,*,NA,NA,NA,NA,*,*,NA,NA,*,*,NA,*,*,*,NA,*,*,*,*,*,*,*,*,NA,*,*,NA,*,*,*,*,NA,*,*,NA,*,NA,NA,NA,NA,NA,*,*,NA,NA,NA,*,*,*,NA,NA,*,*,*,*,*,*,*,*,*,*
64. Children age 6-8 months receiving solid or semi-solid food and breastmilk9 (%),NA,NA,NA,NA,NA,NA,NA,NA,NA,NA,NA,NA,NA,NA,NA,NA,NA,NA,NA,NA,NA,NA,NA,NA,NA,NA,NA,NA,NA,NA,NA,NA,NA,NA,NA,NA,NA,NA,NA,NA,NA,NA,NA,NA,NA,NA,NA,30.77,29.56,NA,NA,NA,NA,NA,NA,NA,NA,NA,NA,NA,NA,NA,NA,NA,*,*,*,*,*,*,*,*,*,*,*,*,*,*,*,*,*,*,*,*,*,*,*,*,*,*,*,*,*,*,*,*,*,*,*,*,*,*,*,*,*,*,*,*,*,*,*,NA,NA,*,*,*,*,*,*,*,*,*,*,*,*,*,*,*
65. Breastfeeding children age 6-23 months receiving an adequate diet9 10 (%),13.13,0.01,4.33,7.45,7.74,3.74,2.98,5.84,5.7,3.65,4.03,2.43,5.4,3.96,7.61,7.32,4.54,3.82,13.1,NA,12.94,10.57,15.17,12.39,NA,0.01,0,NA,3.05,2.36,7.3,9.34,NA,2.61,6.12,NA,2.79,3.51,5.43,4.22,5.21,4.83,8.9,8.19,3.65,NA,8.3,2.24,4.25,11.97,6.63,8.32,2.2,2.02,NA,3.3,4.18,9.76,2.46,5,0.01,0,8.13,7.44,NA,NA,NA,NA,NA,NA,NA,NA,NA,NA,NA,NA,NA,NA,NA,NA,NA,NA,NA,*,NA,NA,NA,NA,*,NA,NA,*,NA,NA,NA,NA,*,NA,NA,*,NA,NA,NA,NA,NA,NA,NA,NA,NA,*,NA,NA,NA,NA,NA,NA,NA,NA,*,NA,NA,NA,NA,NA,NA,NA,NA,NA
66. Non-breastfeeding children age 6-23 months receiving an adequate diet9 10 (%),NA,NA,NA,NA,NA,NA,NA,NA,NA,NA,NA,NA,NA,NA,NA,NA,NA,NA,NA,NA,NA,NA,NA,NA,NA,NA,NA,NA,NA,NA,NA,NA,NA,NA,NA,NA,NA,NA,NA,NA,NA,NA,NA,NA,NA,NA,NA,NA,NA,NA,NA,NA,NA,NA,NA,NA,NA,NA,NA,NA,NA,NA,NA,NA,*,*,*,*,*,*,*,*,*,*,*,*,*,*,*,*,*,*,*,*,*,*,*,*,*,*,*,*,*,*,*,*,*,*,*,*,*,*,*,*,*,*,*,*,*,*,*,*,*,*,*,*,*,*,*,*,*,*,*,*,*,*,*,*
67. Total children age 6-23 months receiving an adequate diet9 10 (%),11.17,0.01,3.75,7.42,7.63,4.72,4.48,4.69,4.61,2.96,3.37,2.18,4.91,3.58,5.66,5.44,3.43,2.79,10.03,10.78,10.26,10.81,12.71,11.55,0.01,0.01,0,0.01,2.81,1.93,6.22,7.86,7.35,2.13,4.44,7.37,2.19,3.38,6.25,4.77,4.73,4.24,7.82,7.27,3.06,10.76,6.62,3,4.87,14.28,10.14,11.48,2.05,1.89,4.65,2.94,3.43,16.72,3.96,8.34,0,0,8.74,9.39,NA,NA,NA,NA,NA,NA,NA,NA,NA,NA,NA,NA,NA,NA,NA,NA,NA,NA,NA,NA,NA,NA,NA,NA,NA,NA,NA,NA,NA,NA,NA,NA,NA,NA,NA,NA,NA,NA,NA,NA,NA,NA,NA,NA,NA,NA,NA,NA,NA,NA,NA,NA,NA,NA,NA,NA,NA,NA,NA,NA,NA,NA,NA,NA
68. Children under 5 years who are stunted11 (%),37.45,42.02,40.77,39.85,40.67,41.79,37.63,40.91,40.46,53.41,50.57,30.72,42.64,36.45,26.22,29.37,49.55,45.54,28.66,34.55,30.89,34.95,18.96,27.93,19.74,24.22,22.62,30.22,26.71,27.9,38.36,37.83,48.52,48.29,48.39,45.82,49.03,48.22,44.12,45.53,43.07,40.37,44.87,44.37,38.49,49.07,43.76,47.92,47.44,35.03,45.32,41.47,48.45,48.06,32.14,42.23,38.9,28.87,51.87,43.28,24.81,29.97,36.35,35.87,NA,NA,NA,NA,NA,NA,NA,NA,NA,NA,NA,NA,NA,NA,NA,NA,NA,NA,NA,NA,NA,NA,NA,NA,NA,NA,NA,NA,NA,NA,NA,NA,NA,NA,NA,NA,NA,NA,NA,NA,NA,NA,NA,NA,NA,NA,NA,NA,NA,NA,NA,NA,NA,NA,NA,NA,NA,NA,NA,NA,NA,NA,NA,NA
69. Children under 5 years who are wasted11 (%),40.6,27.9,31.38,23.62,21.61,24.77,24.52,26.47,25.34,25.72,23.52,22.27,36.36,29.04,26.75,27.09,23.85,27.72,23.41,23.48,23.44,19.22,46.77,31.31,16,30.61,25.37,20.14,35.61,30.38,22.82,24.55,23.86,27.52,25.96,20.47,22.09,21.68,28.95,27.21,39.76,36.31,25.12,24.9,15.2,17.49,16.34,37.19,35.78,26.71,31,29.39,43.18,42.98,11.76,34.26,26.83,32.62,28.97,30.33,25.04,26.23,37.5,35.82,NA,NA,NA,NA,NA,NA,NA,NA,NA,NA,NA,NA,NA,NA,NA,NA,NA,NA,NA,NA,NA,NA,NA,NA,NA,NA,NA,NA,NA,NA,NA,NA,NA,NA,NA,NA,NA,NA,NA,NA,NA,NA,NA,NA,NA,NA,NA,NA,NA,NA,NA,NA,NA,NA,NA,NA,NA,NA,NA,NA,NA,NA,NA,NA
70. Children under 5 years who are severely wasted12 (%),19.64,13.94,15.5,8.85,8.49,9.37,9.23,13.42,11.58,8.06,7.01,7.15,13.47,10.19,11.11,11.46,6.55,9.51,3.34,4.24,3.68,6.74,29.57,16.76,4.92,13.84,10.64,12.89,19.88,17.52,7.34,6.37,9.72,6.59,7.92,8.59,7,7.41,7.08,7.11,14.96,14.16,8.29,7.83,7.17,4.51,5.84,13.48,12.7,8.12,7.36,7.64,19.59,18.93,3.96,6.58,5.71,16.05,9.44,11.91,8.11,8.06,10.51,9.55,NA,NA,NA,NA,NA,NA,NA,NA,NA,NA,NA,NA,NA,NA,NA,NA,NA,NA,NA,NA,NA,NA,NA,NA,NA,NA,NA,NA,NA,NA,NA,NA,NA,NA,NA,NA,NA,NA,NA,NA,NA,NA,NA,NA,NA,NA,NA,NA,NA,NA,NA,NA,NA,NA,NA,NA,NA,NA,NA,NA,NA,NA,NA,NA
71. Children under 5 years who are underweight11 (%),37.64,39.45,38.95,44.4,43.09,42.26,38.42,43.19,41.85,47.43,45.53,33.73,52.31,42.66,27.32,31,46.36,45.86,31.34,31.44,31.38,26.17,33.21,29.26,21.64,31.08,27.69,24.07,28.81,27.21,30.36,31.68,43.7,44.92,44.4,37.46,42.57,41.27,49.42,48.1,46.57,42.31,51.71,50.83,34.24,44.08,39.14,55.25,53.61,33.76,50.45,44.19,60.9,59.96,22.37,44.82,37.41,31.49,48.03,41.85,32.5,36.08,44.69,42.36,NA,NA,NA,NA,NA,NA,NA,NA,NA,NA,NA,NA,NA,NA,NA,NA,NA,NA,NA,NA,NA,NA,NA,NA,NA,NA,NA,NA,NA,NA,NA,NA,NA,NA,NA,NA,NA,NA,NA,NA,NA,NA,NA,NA,NA,NA,NA,NA,NA,NA,NA,NA,NA,NA,NA,NA,NA,NA,NA,NA,NA,NA,NA,NA
72. Women whose Body Mass Index (BMI) is below normal (BMI <18.5 kg/m2) (%),20.83,25.09,23.74,39.62,38.43,33.81,30.19,30.02,26.82,38.26,37.07,27.48,33.21,30.52,19.06,21.49,30.98,25.68,15.83,20,17.4,17.04,21.77,19.47,9.74,18.03,14,11.86,19.3,16.93,16.68,17.06,18.24,23.6,21.47,21.28,42.5,35.99,43.59,38.51,51.7,46.72,47.24,44.12,19.37,39.7,29.09,46.98,44.08,18.63,39.19,31.31,46.01,44.08,14.91,35.74,29.45,17.04,26.54,22.91,14.88,18.41,45.01,43.35,NA,NA,NA,NA,NA,NA,NA,NA,NA,NA,NA,NA,NA,NA,NA,NA,NA,NA,NA,NA,NA,NA,NA,NA,NA,NA,NA,NA,NA,NA,NA,NA,NA,NA,NA,NA,NA,NA,NA,NA,NA,NA,NA,NA,NA,NA,NA,NA,NA,NA,NA,NA,NA,NA,NA,NA,NA,NA,NA,NA,NA,NA,NA,NA
73. Men whose Body Mass Index (BMI) is below normal (BMI <18.5 kg/m2) (%),14.1,25.17,21.06,30.88,28.11,32.55,30.62,28.14,27.57,27.85,25.58,31.4,22.57,27.12,22.9,25.9,34.02,24.25,14.7,18.32,16.05,12.5,13.2,12.81,11.54,17.7,14.86,12.65,18.07,16.25,12.89,18.05,14.64,19.84,17.39,14.58,36.44,30.25,35.79,31.03,46.58,37.15,48.08,44.9,20.45,31.73,25.57,36.2,31.51,20.02,25.86,23.72,35.31,35.01,21.41,41.79,35.88,18.19,12.93,15.01,19.98,22.74,36.29,33.52,NA,NA,NA,NA,NA,NA,NA,NA,NA,NA,NA,NA,NA,NA,NA,NA,NA,NA,NA,NA,NA,NA,NA,NA,NA,NA,NA,NA,NA,NA,NA,NA,NA,NA,NA,NA,NA,NA,NA,NA,NA,NA,NA,NA,NA,NA,NA,NA,NA,NA,NA,NA,NA,NA,NA,NA,NA,NA,NA,NA,NA,NA,NA,NA
74. Women who are overweight or obese (BMI >=25.0 kg/m2) (%),20.29,19.76,19.93,8.97,10.57,11.2,16.95,18.42,22.71,10.96,12.92,30.01,15.12,22.09,34.03,30.74,16.28,20.6,39.61,30.31,36.1,37.9,21.3,29.38,30.46,19.52,24.83,34.47,21.35,25.52,25.68,28.15,34.14,23.93,27.98,35.15,12.47,19.44,14.99,18,6.97,10.1,4.39,9.76,29.26,14.12,22.02,7.95,11.44,35.55,16.3,23.67,2.27,4.01,35.66,17.66,23.1,32.33,20.14,24.8,39.79,34.46,7.54,8.82,NA,NA,NA,NA,NA,NA,NA,NA,NA,NA,NA,NA,NA,NA,NA,NA,NA,NA,NA,NA,NA,NA,NA,NA,NA,NA,NA,NA,NA,NA,NA,NA,NA,NA,NA,NA,NA,NA,NA,NA,NA,NA,NA,NA,NA,NA,NA,NA,NA,NA,NA,NA,NA,NA,NA,NA,NA,NA,NA,NA,NA,NA,NA,NA
75. Men who are overweight or obese (BMI >=25.0 kg/m2) (%),19.71,20.84,20.42,13.24,13.95,10.47,15.3,13.66,17.9,13.71,18.07,20.9,17.36,19.18,29.4,26.42,11.03,18.15,21.55,23.59,22.31,14.11,29.64,21.08,17.05,13.38,15.07,23.41,20.17,21.25,22.45,23.9,26.08,21.61,23.71,38.67,9.64,17.87,9.32,11.53,10.44,12.79,7.38,8.85,27.27,12.91,20.74,10.31,15.99,23.23,12.6,16.49,3.42,5.02,27.71,12.65,17.02,31.44,17.39,22.95,26.78,23.17,5.23,7.02,NA,NA,NA,NA,NA,NA,NA,NA,NA,NA,NA,NA,NA,NA,NA,NA,NA,NA,NA,NA,NA,NA,NA,NA,NA,NA,NA,NA,NA,NA,NA,NA,NA,NA,NA,NA,NA,NA,NA,NA,NA,NA,NA,NA,NA,NA,NA,NA,NA,NA,NA,NA,NA,NA,NA,NA,NA,NA,NA,NA,NA,NA,NA,NA
76. Children age 6-59 months who are anaemic (<11.0 g/dl) (%),83.41,80.54,81.42,55.08,57.18,67.05,67.18,79.64,77.79,75.31,72.52,78.27,68.76,73.74,74.14,76.03,76.84,76.8,52.53,65.44,57.61,71.06,81.15,75.7,69.82,71.46,70.84,75.96,77.6,77.08,76.24,74.52,66.38,71.16,69.2,55.17,61.11,59.69,56.28,53.69,51.2,50.17,59.6,58.92,55.63,52.91,54.28,53.34,53.55,49.83,61.05,56.81,74.71,74.06,61.05,47.23,51.94,43.14,54.31,50.38,40.3,42.34,49.74,49.47,NA,NA,NA,NA,NA,NA,NA,NA,NA,NA,NA,NA,NA,NA,NA,NA,NA,NA,NA,NA,NA,NA,NA,NA,NA,NA,NA,NA,NA,NA,NA,NA,NA,NA,NA,NA,NA,NA,NA,NA,NA,NA,NA,NA,NA,NA,NA,NA,NA,NA,NA,NA,NA,NA,NA,NA,NA,NA,NA,NA,NA,NA,NA,NA
77. Non-pregnant women age 15-49 years who are anaemic (<12.0 g/dl) (%),58.58,65.07,63.04,51.39,50.05,57.14,59.01,63.3,62.15,69.05,67.73,68.46,64.36,66.27,61.27,62.92,62.77,61.34,56.43,46.87,52.82,67.76,60.98,64.21,60.34,58.5,59.4,53.5,63.63,60.45,58.54,55.8,53.84,54.19,54.05,45.03,53.12,50.66,56.5,54.8,51.15,50.15,57.37,55.85,48.08,50.54,49.27,57.57,55.48,51.85,51.69,51.75,73.01,72.64,49.71,52.79,51.87,44.72,54.45,50.76,34.43,39.44,55,54.34,NA,NA,NA,NA,NA,NA,NA,NA,NA,NA,NA,NA,NA,NA,NA,NA,NA,NA,NA,NA,NA,NA,NA,NA,NA,NA,NA,NA,NA,NA,NA,NA,NA,NA,NA,NA,NA,NA,NA,NA,NA,NA,NA,NA,NA,NA,NA,NA,NA,NA,NA,NA,NA,NA,NA,NA,NA,NA,NA,NA,NA,NA,NA,NA
78. Pregnant women age 15-49 years who are anaemic (<11.0 g/dl) (%),NA,NA,49.79,50.22,49.49,66.96,69.43,53.74,56.89,54.98,52.32,NA,NA,NA,NA,62.73,65.66,64.86,NA,NA,46.34,NA,46.47,56.69,NA,56.09,53.7,NA,NA,39.37,NA,64.14,NA,NA,53.56,NA,NA,42.61,NA,46.14,55.78,57.03,64.59,64.59,NA,NA,48.15,58.24,58.24,NA,59.75,55.62,65.7,66.53,NA,NA,NA,NA,NA,53.58,23.66,29.01,NA,NA,*,*,NA,NA,NA,NA,NA,NA,NA,NA,NA,*,*,*,*,NA,NA,NA,*,*,NA,*,NA,NA,*,NA,NA,*,*,NA,*,NA,*,*,NA,*,*,NA,*,NA,NA,NA,NA,NA,*,*,NA,NA,NA,*,NA,NA,NA,NA,*,*,*,*,*,NA,NA,NA,*,*
79. All women age 15-49 years who are anaemic (%),58.18,64.5,62.53,51.34,50.03,57.67,59.58,62.85,61.93,68.56,67.19,67.59,64.26,65.84,61.31,62.91,62.92,61.47,55.99,46.98,52.59,67.99,60.01,63.77,60.02,58.36,59.15,53.09,62.75,59.72,58.41,56.03,53.75,54.22,54.03,44.67,52.79,50.35,56.24,54.53,51.34,50.38,57.76,56.27,47.92,50.6,49.23,57.6,55.57,51.45,52.27,51.96,72.6,72.33,49.91,52.98,52.07,45.45,54.18,50.86,33.97,39.02,55.12,54.35,NA,NA,NA,NA,NA,NA,NA,NA,NA,NA,NA,NA,NA,NA,NA,NA,NA,NA,NA,NA,NA,NA,NA,NA,NA,NA,NA,NA,NA,NA,NA,NA,NA,NA,NA,NA,NA,NA,NA,NA,NA,NA,NA,NA,NA,NA,NA,NA,NA,NA,NA,NA,NA,NA,NA,NA,NA,NA,NA,NA,NA,NA,NA,NA
80. Men age 15-49 years who are anaemic (<13.0 g/dl) (%),20.44,26.07,24.01,16.67,16.66,23.1,27.16,37.25,34.59,38.99,35.53,34.99,41.01,37.89,22.06,26.85,27.31,25,17.03,20.85,18.46,20.99,25.25,22.98,19.72,21.75,20.81,20.33,21.71,21.25,25.36,21.86,18.23,22.26,20.38,14.41,24.27,21.5,19.51,20.09,20.6,18.09,20.27,16.94,19.22,17.67,18.51,22.03,20.82,9.43,18.4,15.1,43.67,41.73,15.86,31.14,26.82,15.65,15.45,15.53,9.87,11.05,22.04,19.72,NA,NA,NA,NA,NA,NA,NA,NA,NA,NA,NA,NA,NA,NA,NA,NA,NA,NA,NA,NA,NA,NA,NA,NA,NA,NA,NA,NA,NA,NA,NA,NA,NA,NA,NA,NA,NA,NA,NA,NA,NA,NA,NA,NA,NA,NA,NA,NA,NA,NA,NA,NA,NA,NA,NA,NA,NA,NA,NA,NA,NA,NA,NA,NA
81. Blood sugar level - high (>140 mg/dl) (%),4.13,4.66,4.5,3.05,3.54,5.54,6.14,5.83,6.42,3.58,4.58,4.45,4.91,4.69,6.13,5.97,4.61,4.97,6.08,6.72,6.32,6.39,5.68,6.02,5.43,4.24,4.81,4.7,5.32,5.12,6.03,5.1,6.94,6.83,6.87,6.41,5.16,5.54,5.63,5.42,5.07,5.71,6.5,7.38,7.79,5.05,6.46,5.4,5.31,6.75,8.83,8.06,2.64,2.71,5.7,6.62,6.35,8.83,5.55,6.8,5.78,5.65,5.67,6,NA,NA,NA,NA,NA,NA,NA,NA,NA,NA,NA,NA,NA,NA,NA,NA,NA,NA,NA,NA,NA,NA,NA,NA,NA,NA,NA,NA,NA,NA,NA,NA,NA,NA,NA,NA,NA,NA,NA,NA,NA,NA,NA,NA,NA,NA,NA,NA,NA,NA,NA,NA,NA,NA,NA,NA,NA,NA,NA,NA,NA,NA,NA,NA
82. Blood sugar level - very high (>160 mg/dl) (%),1.09,2.12,1.8,1.15,1.42,1.86,2.03,2.83,3.66,1.99,2.51,2.08,2.94,2.53,2.89,2.85,2.54,2.09,3.1,4.03,3.45,3.56,3.38,3.46,2.27,1.08,1.65,2.12,1.63,1.78,3.42,2.88,3.27,2.86,3.02,3.15,1.23,1.81,3.11,2.44,2.42,2.58,1.73,2.25,3.6,2.89,3.26,2.1,2.22,4.28,4.5,4.42,0.9,0.79,2.64,2.63,2.63,6.25,2.99,4.23,2.66,2.75,1.95,2.19,NA,NA,NA,NA,NA,NA,NA,NA,NA,NA,NA,NA,NA,NA,NA,NA,NA,NA,NA,NA,NA,NA,NA,NA,NA,NA,NA,NA,NA,NA,NA,NA,NA,NA,NA,NA,NA,NA,NA,NA,NA,NA,NA,NA,NA,NA,NA,NA,NA,NA,NA,NA,NA,NA,NA,NA,NA,NA,NA,NA,NA,NA,NA,NA
83. Blood sugar level - high (>140 mg/dl) (%),3.99,6.39,5.51,6.9,7.48,7.65,7.06,10.24,8.76,5.58,5.62,4.76,9.66,7.13,5.64,5.39,3.88,4.57,5.4,7.36,6.14,7.07,4.27,5.77,10.11,4.99,7.38,11.91,8.26,9.47,9.21,8.22,14.76,7.62,10.96,8.55,8.72,8.67,9.32,7.67,6.13,5.75,1.93,1.52,6.8,6.05,6.46,8.78,9.45,8.4,5.12,6.33,4.48,4.07,15.53,14.48,14.78,7.94,7.63,7.75,12.96,11.9,8.67,9.54,NA,NA,NA,NA,NA,NA,NA,NA,NA,NA,NA,NA,NA,NA,NA,NA,NA,NA,NA,NA,NA,NA,NA,NA,NA,NA,NA,NA,NA,NA,NA,NA,NA,NA,NA,NA,NA,NA,NA,NA,NA,NA,NA,NA,NA,NA,NA,NA,NA,NA,NA,NA,NA,NA,NA,NA,NA,NA,NA,NA,NA,NA,NA,NA
84. Blood sugar level - very high (>160 mg/dl) (%),3.06,3.29,3.2,2.7,2.15,1.81,1.91,5.87,4.76,1.59,1.86,2.66,5.91,4.23,4.1,3.68,1.37,1.71,3.63,3.25,3.49,3.63,3.02,3.34,4.34,1.95,3.07,1.42,4.57,3.52,3.88,2.78,6.7,3.81,5.16,1.69,5.66,4.55,3.43,2.91,3.15,2.41,1.93,1.52,2.79,3.08,2.92,2.85,3.19,4.2,1.84,2.71,1.69,1.81,7.29,8.29,8,3.15,4.6,4.02,5.79,4.73,4.92,4.65,NA,NA,NA,NA,NA,NA,NA,NA,NA,NA,NA,NA,NA,NA,NA,NA,NA,NA,NA,NA,NA,NA,NA,NA,NA,NA,NA,NA,NA,NA,NA,NA,NA,NA,NA,NA,NA,NA,NA,NA,NA,NA,NA,NA,NA,NA,NA,NA,NA,NA,NA,NA,NA,NA,NA,NA,NA,NA,NA,NA,NA,NA,NA,NA
85. Slightly above normal (Systolic 140-159 mm of Hg and/or Diastolic 90-99 mm of Hg) (%),4.08,3.06,3.38,2.63,2.85,7.6,7.48,5.59,5.2,6.13,6.7,11.86,6.19,8.9,6.94,7.49,6.17,6.53,6.17,5.53,5.93,6.02,4.08,5.01,4.93,4.81,4.86,7.65,6.36,6.77,6.33,6.5,6.72,5.62,6.05,11.12,9.52,10.01,7.51,8.07,7.75,7.38,9,9.02,14.09,9.35,11.8,7.55,7.91,9.67,7.54,8.33,2.17,2.28,7.39,9.49,8.86,4.62,8.97,7.3,10.24,9.49,6.49,6.34,NA,NA,NA,NA,NA,NA,NA,NA,NA,NA,NA,NA,NA,NA,NA,NA,NA,NA,NA,NA,NA,NA,NA,NA,NA,NA,NA,NA,NA,NA,NA,NA,NA,NA,NA,NA,NA,NA,NA,NA,NA,NA,NA,NA,NA,NA,NA,NA,NA,NA,NA,NA,NA,NA,NA,NA,NA,NA,NA,NA,NA,NA,NA,NA
86. Moderately high (Systolic 160-179 mm of Hg and/or Diastolic 100-109 mm of Hg) (%),0.56,0.25,0.35,0.64,0.56,0.92,1.12,1.1,1.63,0.76,1.01,1.67,3.2,2.47,2.61,2.32,1.2,1.36,2.22,0.41,1.54,1.13,0.44,0.78,0.83,0.46,0.63,0.43,1.32,1.04,1.6,1.54,1.45,0.96,1.16,3.08,3.02,3.04,1.81,1.84,1.33,1.11,1.26,1.83,1.38,1.21,1.3,1.38,1.47,1.54,2.31,2.03,0.73,0.88,1.59,3.04,2.61,1.06,1.31,1.21,1.02,1.15,1.4,1.52,NA,NA,NA,NA,NA,NA,NA,NA,NA,NA,NA,NA,NA,NA,NA,NA,NA,NA,NA,NA,NA,NA,NA,NA,NA,NA,NA,NA,NA,NA,NA,NA,NA,NA,NA,NA,NA,NA,NA,NA,NA,NA,NA,NA,NA,NA,NA,NA,NA,NA,NA,NA,NA,NA,NA,NA,NA,NA,NA,NA,NA,NA,NA,NA
87. Very high (Systolic ?180 mm of Hg and/or Diastolic ?110 mm of Hg) (%),0.27,0.49,0.42,0.26,0.62,1.05,0.96,0.92,0.78,0.67,0.56,0.91,1.48,1.21,0.49,0.41,0.51,0.58,0.87,0.48,0.72,0.38,0.19,0.28,0.18,0.9,0.56,0.25,0.62,0.5,0.61,0.66,0.79,0.98,0.9,1.46,1.23,1.3,0.96,0.73,0.86,0.72,1.23,1.08,0.2,1.26,0.71,0.42,0.38,1.78,1.76,1.77,0.36,0.32,2.21,1.55,1.75,0.56,0.97,0.81,0.81,0.75,0.71,0.65,NA,NA,NA,NA,NA,NA,NA,NA,NA,NA,NA,NA,NA,NA,NA,NA,NA,NA,NA,NA,NA,NA,NA,NA,NA,NA,NA,NA,NA,NA,NA,NA,NA,NA,NA,NA,NA,NA,NA,NA,NA,NA,NA,NA,NA,NA,NA,NA,NA,NA,NA,NA,NA,NA,NA,NA,NA,NA,NA,NA,NA,NA,NA,NA
88. Slightly above normal (Systolic 140-159 mm of Hg and/or Diastolic 90-99 mm of Hg) (%),8.01,6.27,6.91,7.3,8.73,7.34,7.42,6.81,6.38,9.62,9.74,15.63,12.77,14.25,14.09,11.89,8.28,8.71,10.33,4.99,8.34,3.21,7.03,4.94,5.17,4.58,4.86,10.68,7.89,8.82,8.9,8.18,7.69,14.17,11.12,24.64,22.22,22.9,8,8.75,5.47,4.19,9.79,11.8,14.12,8.62,11.62,9.22,9.63,12.35,13.45,13.05,6.18,5.91,9.79,19.86,16.95,3.05,5.9,4.77,8.79,8.42,8.69,8.98,NA,NA,NA,NA,NA,NA,NA,NA,NA,NA,NA,NA,NA,NA,NA,NA,NA,NA,NA,NA,NA,NA,NA,NA,NA,NA,NA,NA,NA,NA,NA,NA,NA,NA,NA,NA,NA,NA,NA,NA,NA,NA,NA,NA,NA,NA,NA,NA,NA,NA,NA,NA,NA,NA,NA,NA,NA,NA,NA,NA,NA,NA,NA,NA
89. Moderately high (Systolic 160-179 mm of Hg and/or Diastolic 100-109 mm of Hg) (%),0,2.16,1.37,2.62,2.09,0,0.34,2.49,1.79,2.81,3.84,1.42,2.07,1.73,4.27,3.26,0.77,0.91,0,0,0,0,0,0,0.9,0,0.43,0.92,0,0.3,2.06,1.47,2.87,2.91,2.89,2.91,1.27,1.73,4.13,3.43,4.09,3.13,3.27,2.57,2.66,5.21,3.82,2.27,2.71,4.67,3.79,4.11,3.56,2.88,8.25,2.16,3.92,1.41,3.96,2.95,1.04,2.14,3.34,3.41,NA,NA,NA,NA,NA,NA,NA,NA,NA,NA,NA,NA,NA,NA,NA,NA,NA,NA,NA,NA,NA,NA,NA,NA,NA,NA,NA,NA,NA,NA,NA,NA,NA,NA,NA,NA,NA,NA,NA,NA,NA,NA,NA,NA,NA,NA,NA,NA,NA,NA,NA,NA,NA,NA,NA,NA,NA,NA,NA,NA,NA,NA,NA,NA
90. Very high (Systolic ?180 mm of Hg and/or Diastolic ?110 mm of Hg) (%),0.94,1.03,1,0.52,0.42,0.67,1.15,0,0,1.69,1.38,2.76,0,1.43,0.67,0.51,1.41,0.92,0,0,0,0,0,0,0.75,3.14,2.01,0,0,0,1.42,1.01,3.21,0.75,1.91,1.41,1.24,1.29,1.13,1.46,1.4,1.07,0.76,0.59,0,0,0,1.69,1.36,2.08,0,0.76,0.74,0.6,1.11,4.44,3.48,1.41,0,0.56,0,0.57,0.51,0.89,NA,NA,NA,NA,NA,NA,NA,NA,NA,NA,NA,NA,NA,NA,NA,NA,NA,NA,NA,NA,NA,NA,NA,NA,NA,NA,NA,NA,NA,NA,NA,NA,NA,NA,NA,NA,NA,NA,NA,NA,NA,NA,NA,NA,NA,NA,NA,NA,NA,NA,NA,NA,NA,NA,NA,NA,NA,NA,NA,NA,NA,NA,NA,NA
91. Cervix (%),32.18,25.61,27.67,21.81,22.57,38.05,36.33,21.24,20.47,22.8,25.06,22.11,25.56,23.89,21.7,21.8,31.52,28.74,25.83,18.35,22.98,21.43,41.46,31.76,17.92,16.17,17.01,23.56,31.01,28.64,28.93,26.05,23.85,20.99,22.12,19.97,18.46,18.93,18.43,20.52,27.07,24.35,28.48,29.12,25.48,18.05,21.89,26.5,25.12,11.75,26.89,21.22,24.1,25.93,21.7,28.38,26.3,28.74,14.48,20.06,34.9,35.65,23.56,23.99,NA,NA,NA,NA,NA,NA,NA,NA,NA,NA,NA,NA,NA,NA,NA,NA,NA,NA,NA,NA,NA,NA,NA,NA,NA,NA,NA,NA,NA,NA,NA,NA,NA,NA,NA,NA,NA,NA,NA,NA,NA,NA,NA,NA,NA,NA,NA,NA,NA,NA,NA,NA,NA,NA,NA,NA,NA,NA,NA,NA,NA,NA,NA,NA
92. Breast (%),9.19,5.01,6.32,6.29,5.89,12.8,11.91,4.38,5.27,5.63,5.96,6,1.98,3.93,5.71,5.24,10.07,7.24,7.54,5.38,6.72,5.88,11.51,8.78,3.81,3.44,3.61,4.12,9.26,7.62,7.72,6.83,4.47,6.68,5.8,5.64,5.21,5.34,5.13,6.53,11.95,10.84,17.26,17.48,6.88,6.07,6.48,2.72,3.07,5.37,3.4,4.14,5.45,5.67,8.86,5.43,6.5,5.4,3.82,4.43,10.26,14.21,5.49,5.51,NA,NA,NA,NA,NA,NA,NA,NA,NA,NA,NA,NA,NA,NA,NA,NA,NA,NA,NA,NA,NA,NA,NA,NA,NA,NA,NA,NA,NA,NA,NA,NA,NA,NA,NA,NA,NA,NA,NA,NA,NA,NA,NA,NA,NA,NA,NA,NA,NA,NA,NA,NA,NA,NA,NA,NA,NA,NA,NA,NA,NA,NA,NA,NA
93. Oral cavity (%),8.55,7.41,7.77,12.05,11.85,12.19,11.49,8.33,12.27,6.63,8.35,9.96,18.88,14.55,16.12,16.7,11.94,13.27,11.46,8.95,10.51,4.13,15.19,9.83,8.75,6.8,7.72,11.21,12.41,12.03,15.23,15.6,9.99,14.03,12.43,14.07,11.01,11.96,5.33,7.08,7.1,6.88,17.77,18.96,12.15,8.62,10.44,5.96,6.62,13.99,9.9,11.43,6.77,6.59,14.81,19.75,18.21,12.18,7.02,9.04,14.08,17.53,5.41,5.91,NA,NA,NA,NA,NA,NA,NA,NA,NA,NA,NA,NA,NA,NA,NA,NA,NA,NA,NA,NA,NA,NA,NA,NA,NA,NA,NA,NA,NA,NA,NA,NA,NA,NA,NA,NA,NA,NA,NA,NA,NA,NA,NA,NA,NA,NA,NA,NA,NA,NA,NA,NA,NA,NA,NA,NA,NA,NA,NA,NA,NA,NA,NA,NA
