Residence,Sheopur - Rural,Sheopur - Total,Morena - Rural,Morena - Total,Bhind - Rural,Bhind - Total,Gwalior - Urban,Gwalior - Rural,Gwalior - Total,Datia - Rural,Datia - Total,Shivpuri - Rural,Shivpuri - Total,Tikamgarh - Rural,Tikamgarh - Total,Chhatarpur - Rural,Chhatarpur - Total,Panna - Rural,Panna - Total,Sagar - Rural,Sagar - Total,Damoh - Rural,Damoh - Total,Satna - Rural,Satna - Total,Rewa - Rural,Rewa - Total,Umaria - Rural,Umaria - Total,Neemuch - Rural,Neemuch - Total,Mandsaur - Rural,Mandsaur - Total,Ratlam - Rural,Ratlam - Total,Ujjain - Urban,Ujjain - Rural,Ujjain - Total,Shajapur - Rural,Shajapur - Total,Dewas - Rural,Dewas - Total,Dhar - Rural,Dhar - Total,Indore - Urban,Indore - Total,Khargone (West Nimar) - Rural,Khargone (West Nimar) - Total,Barwani - Rural,Barwani - Total,Rajgarh - Rural,Rajgarh - Total,Vidisha - Rural,Vidisha - Total,Bhopal - Urban,Bhopal - Total,Sehore - Rural,Sehore - Total,Raisen - Rural,Raisen - Total,Betul - Rural,Betul - Total,Harda - Rural,Harda - Total,Hoshangabad - Urban,Hoshangabad - Rural,Hoshangabad - Total,Katni - Rural,Katni - Total,Jabalpur - Urban,Jabalpur - Rural,Jabalpur - Total,Narsimhapur - Rural,Narsimhapur - Total,Dindori - Rural,Dindori - Total,Mandla - Rural,Mandla - Total,Chhindwara - Rural,Chhindwara - Total,Seoni - Rural,Seoni - Total,Balaghat - Rural,Balaghat - Total,Guna - Rural,Guna - Total,Ashoknagar - Rural,Ashoknagar - Total,Shahdol - Rural,Shahdol - Total,Anuppur - Rural,Anuppur - Total,Sidhi - Rural,Sidhi - Total,Singrauli - Rural,Singrauli - Total,Jhabua - Rural,Jhabua - Total,Alirajpur - Rural,Alirajpur - Total,Khandwa (East Nimar) - Rural,Khandwa (East Nimar) - Total,Burhanpur - Urban,Burhanpur - Rural,Burhanpur - Total,Note of Sheopur - Rural,Note of Sheopur - Total,Note of Morena - Rural,Note of Morena - Total,Note of Bhind - Rural,Note of Bhind - Total,Note of Gwalior - Urban,Note of Gwalior - Rural,Note of Gwalior - Total,Note of Datia - Rural,Note of Datia - Total,Note of Shivpuri - Rural,Note of Shivpuri - Total,Note of Tikamgarh - Rural,Note of Tikamgarh - Total,Note of Chhatarpur - Rural,Note of Chhatarpur - Total,Note of Panna - Rural,Note of Panna - Total,Note of Sagar - Rural,Note of Sagar - Total,Note of Damoh - Rural,Note of Damoh - Total,Note of Satna - Rural,Note of Satna - Total,Note of Rewa - Rural,Note of Rewa - Total,Note of Umaria - Rural,Note of Umaria - Total,Note of Neemuch - Rural,Note of Neemuch - Total,Note of Mandsaur - Rural,Note of Mandsaur - Total,Note of Ratlam - Rural,Note of Ratlam - Total,Note of Ujjain - Urban,Note of Ujjain - Rural,Note of Ujjain - Total,Note of Shajapur - Rural,Note of Shajapur - Total,Note of Dewas - Rural,Note of Dewas - Total,Note of Dhar - Rural,Note of Dhar - Total,Note of Indore - Urban,Note of Indore - Total,Note of Khargone (West Nimar) - Rural,Note of Khargone (West Nimar) - Total,Note of Barwani - Rural,Note of Barwani - Total,Note of Rajgarh - Rural,Note of Rajgarh - Total,Note of Vidisha - Rural,Note of Vidisha - Total,Note of Bhopal - Urban,Note of Bhopal - Total,Note of Sehore - Rural,Note of Sehore - Total,Note of Raisen - Rural,Note of Raisen - Total,Note of Betul - Rural,Note of Betul - Total,Note of Harda - Rural,Note of Harda - Total,Note of Hoshangabad - Urban,Note of Hoshangabad - Rural,Note of Hoshangabad - Total,Note of Katni - Rural,Note of Katni - Total,Note of Jabalpur - Urban,Note of Jabalpur - Rural,Note of Jabalpur - Total,Note of Narsimhapur - Rural,Note of Narsimhapur - Total,Note of Dindori - Rural,Note of Dindori - Total,Note of Mandla - Rural,Note of Mandla - Total,Note of Chhindwara - Rural,Note of Chhindwara - Total,Note of Seoni - Rural,Note of Seoni - Total,Note of Balaghat - Rural,Note of Balaghat - Total,Note of Guna - Rural,Note of Guna - Total,Note of Ashoknagar - Rural,Note of Ashoknagar - Total,Note of Shahdol - Rural,Note of Shahdol - Total,Note of Anuppur - Rural,Note of Anuppur - Total,Note of Sidhi - Rural,Note of Sidhi - Total,Note of Singrauli - Rural,Note of Singrauli - Total,Note of Jhabua - Rural,Note of Jhabua - Total,Note of Alirajpur - Rural,Note of Alirajpur - Total,Note of Khandwa (East Nimar) - Rural,Note of Khandwa (East Nimar) - Total,Note of Burhanpur - Urban,Note of Burhanpur - Rural,Note of Burhanpur - Total
Households surveyed,793,947,702,943,704,946,936,950,1886,728,951,770,946,727,894,673,883,774,899,631,900,731,920,695,897,746,909,735,896,650,936,749,947,652,933,945,943,1888,747,945,656,939,746,944,1693,1935,792,946,792,946,771,947,693,901,745,943,747,945,725,945,700,881,749,949,953,949,1902,724,917,888,911,1799,747,921,863,903,782,901,677,915,795,922,764,912,704,946,769,945,718,902,663,909,835,922,735,928,839,927,859,947,748,945,946,946,1892,NA,NA,NA,NA,NA,NA,NA,NA,NA,NA,NA,NA,NA,NA,NA,NA,NA,NA,NA,NA,NA,NA,NA,NA,NA,NA,NA,NA,NA,NA,NA,NA,NA,NA,NA,NA,NA,NA,NA,NA,NA,NA,NA,NA,NA,NA,NA,NA,NA,NA,NA,NA,NA,NA,NA,NA,NA,NA,NA,NA,NA,NA,NA,NA,NA,NA,NA,NA,NA,NA,NA,NA,NA,NA,NA,NA,NA,NA,NA,NA,NA,NA,NA,NA,NA,NA,NA,NA,NA,NA,NA,NA,NA,NA,NA,NA,NA,NA,NA,NA,NA,NA,NA,NA,NA
Women age 15-49 years interviewed,903,1098,816,1125,750,1049,1193,1132,2325,843,1121,904,1132,841,1060,754,1000,795,954,659,960,789,1015,761,1010,898,1092,787,973,800,1186,943,1210,731,1088,1269,1220,2489,853,1098,801,1136,992,1237,2081,2412,1149,1333,1123,1332,819,1025,709,937,878,1104,854,1104,887,1171,845,1067,966,1202,1244,1191,2435,848,1072,1090,1016,2106,891,1091,994,1039,846,982,881,1157,979,1109,909,1074,913,1256,882,1083,751,975,816,1102,963,1068,968,1221,890,1001,1304,1430,974,1250,1163,1144,2307,NA,NA,NA,NA,NA,NA,NA,NA,NA,NA,NA,NA,NA,NA,NA,NA,NA,NA,NA,NA,NA,NA,NA,NA,NA,NA,NA,NA,NA,NA,NA,NA,NA,NA,NA,NA,NA,NA,NA,NA,NA,NA,NA,NA,NA,NA,NA,NA,NA,NA,NA,NA,NA,NA,NA,NA,NA,NA,NA,NA,NA,NA,NA,NA,NA,NA,NA,NA,NA,NA,NA,NA,NA,NA,NA,NA,NA,NA,NA,NA,NA,NA,NA,NA,NA,NA,NA,NA,NA,NA,NA,NA,NA,NA,NA,NA,NA,NA,NA,NA,NA,NA,NA,NA,NA
Men age 15-49 years interviewed,122,160,122,182,109,163,176,183,359,124,170,153,206,117,148,105,141,118,141,86,124,124,157,104,142,127,152,118,158,123,191,169,210,112,166,186,197,383,121,170,126,172,146,186,334,388,169,206,139,172,116,155,117,141,135,172,135,176,140,180,118,148,152,201,193,170,363,125,156,148,161,309,139,176,129,140,137,156,126,175,134,159,111,135,153,214,163,200,122,152,99,137,114,138,131,164,162,190,178,203,147,174,160,175,335,NA,NA,NA,NA,NA,NA,NA,NA,NA,NA,NA,NA,NA,NA,NA,NA,NA,NA,NA,NA,NA,NA,NA,NA,NA,NA,NA,NA,NA,NA,NA,NA,NA,NA,NA,NA,NA,NA,NA,NA,NA,NA,NA,NA,NA,NA,NA,NA,NA,NA,NA,NA,NA,NA,NA,NA,NA,NA,NA,NA,NA,NA,NA,NA,NA,NA,NA,NA,NA,NA,NA,NA,NA,NA,NA,NA,NA,NA,NA,NA,NA,NA,NA,NA,NA,NA,NA,NA,NA,NA,NA,NA,NA,NA,NA,NA,NA,NA,NA,NA,NA,NA,NA,NA,NA
1. Population (female) age 6+ years who ever attended school (%),50.8,52.1,57.4,61.5,60.3,62.7,75.9,54.6,68.8,56.7,62.1,51.1,55.8,56.2,58.6,55.5,58.4,58.4,61.6,67.9,71.3,60.5,65.9,61.8,66.5,62.7,64.8,58.6,61.6,55.8,60.4,55.4,60.2,51.7,60.1,76.4,55.5,63.9,52.5,57,59,63.6,50.4,56.7,79.5,75.3,56.6,60.1,45.4,51.5,50.8,55.1,62.7,64.2,80.8,77.4,54.8,58.2,65.2,70.3,64.4,69,59.9,65.8,81.8,65.5,70.7,64.5,68.4,84.2,66.8,76.8,67.5,70.6,58.4,59.4,60.4,63.8,62.6,67.6,66.1,68.6,72.1,73.9,52.6,57.8,56,58.6,55.7,59.8,59.4,63.8,62,62.8,55.1,58.3,33.6,36.4,32.1,35.9,57.3,63.4,79.8,54.7,64.3,NA,NA,NA,NA,NA,NA,NA,NA,NA,NA,NA,NA,NA,NA,NA,NA,NA,NA,NA,NA,NA,NA,NA,NA,NA,NA,NA,NA,NA,NA,NA,NA,NA,NA,NA,NA,NA,NA,NA,NA,NA,NA,NA,NA,NA,NA,NA,NA,NA,NA,NA,NA,NA,NA,NA,NA,NA,NA,NA,NA,NA,NA,NA,NA,NA,NA,NA,NA,NA,NA,NA,NA,NA,NA,NA,NA,NA,NA,NA,NA,NA,NA,NA,NA,NA,NA,NA,NA,NA,NA,NA,NA,NA,NA,NA,NA,NA,NA,NA,NA,NA,NA,NA,NA,NA
2. Population below age 15 years (%),34.6,34,30.3,30.9,29.6,29.9,26.4,31.5,28.1,30,29.1,32.3,31,32.8,32.2,35.1,33.8,32.7,32,33.6,32.7,30.9,30,32.1,30.7,34.3,33.4,32,31.5,27.9,27.4,27.7,28.1,32.2,30.4,26.4,30.4,28.9,29.9,29.3,31.2,29.7,31.4,31,27,27.6,28.7,28.4,39.5,36.5,29.7,29.5,35.9,35.3,25.2,26.3,30.4,29.2,30.8,30.6,28.4,26.9,30.4,29.7,23.7,27.4,26.2,30.7,29.2,24,28.8,26.1,27.5,26.4,31.9,31.5,30.8,29.9,26.7,25.9,28.4,28,28.3,28,32.9,32.2,32.7,32.5,30.5,29.4,31.5,30.1,35.9,35.5,37,35.5,41.9,41.2,40.7,40,31.7,30.9,26.5,33,30.6,NA,NA,NA,NA,NA,NA,NA,NA,NA,NA,NA,NA,NA,NA,NA,NA,NA,NA,NA,NA,NA,NA,NA,NA,NA,NA,NA,NA,NA,NA,NA,NA,NA,NA,NA,NA,NA,NA,NA,NA,NA,NA,NA,NA,NA,NA,NA,NA,NA,NA,NA,NA,NA,NA,NA,NA,NA,NA,NA,NA,NA,NA,NA,NA,NA,NA,NA,NA,NA,NA,NA,NA,NA,NA,NA,NA,NA,NA,NA,NA,NA,NA,NA,NA,NA,NA,NA,NA,NA,NA,NA,NA,NA,NA,NA,NA,NA,NA,NA,NA,NA,NA,NA,NA,NA
3. Sex ratio of the total population (females per 1000 males),927,945,885,895,839,855,902,860,887,894,893,908,910,913,909,934,919,925,924,919,939,915,917,997,993,1009,995,1009,1006,977,978,963,983,981,975,958,975,968,907,906,987,964,1010,988,883,895,969,964,998,1009,956,956,909,916,897,899,926,927,891,903,994,1010,924,922,953,918,928,994,996,957,952,955,903,901,1012,1004,1065,1053,945,950,1040,1031,1073,1067,912,916,877,889,963,973,1015,996,999,1005,995,984,973,969,1024,1023,922,949,937,959,951,NA,NA,NA,NA,NA,NA,NA,NA,NA,NA,NA,NA,NA,NA,NA,NA,NA,NA,NA,NA,NA,NA,NA,NA,NA,NA,NA,NA,NA,NA,NA,NA,NA,NA,NA,NA,NA,NA,NA,NA,NA,NA,NA,NA,NA,NA,NA,NA,NA,NA,NA,NA,NA,NA,NA,NA,NA,NA,NA,NA,NA,NA,NA,NA,NA,NA,NA,NA,NA,NA,NA,NA,NA,NA,NA,NA,NA,NA,NA,NA,NA,NA,NA,NA,NA,NA,NA,NA,NA,NA,NA,NA,NA,NA,NA,NA,NA,NA,NA,NA,NA,NA,NA,NA,NA
4. Sex ratio at birth for children born in the last five years (females per 1000 males),932,923,1016,1093,843,821,833,899,858,830,819,1083,1082,905,873,851,827,763,790,855,849,908,860,1022,942,912,906,1039,1035,843,836,722,817,946,912,931,1134,1059,888,872,1037,961,970,992,844,849,1002,984,849,885,1053,997,1023,1009,879,890,900,943,922,908,870,933,764,814,1070,926,958,1223,1228,848,1009,924,874,881,891,889,957,974,917,933,956,951,1046,1038,1006,1011,938,942,911,931,795,829,861,886,972,958,1025,1033,953,950,848,823,852,926,901,NA,NA,NA,NA,NA,NA,NA,NA,NA,NA,NA,NA,NA,NA,NA,NA,NA,NA,NA,NA,NA,NA,NA,NA,NA,NA,NA,NA,NA,NA,NA,NA,NA,NA,NA,NA,NA,NA,NA,NA,NA,NA,NA,NA,NA,NA,NA,NA,NA,NA,NA,NA,NA,NA,NA,NA,NA,NA,NA,NA,NA,NA,NA,NA,NA,NA,NA,NA,NA,NA,NA,NA,NA,NA,NA,NA,NA,NA,NA,NA,NA,NA,NA,NA,NA,NA,NA,NA,NA,NA,NA,NA,NA,NA,NA,NA,NA,NA,NA,NA,NA,NA,NA,NA,NA
5. Children under age 5 years whose birth was registered (%),80.5,81.6,86.4,86.8,79.1,82.4,89.4,74.3,83.5,73.9,77,77,80.6,71.4,71.1,69.5,71.1,74.6,75.7,78.5,81.5,75.2,79.7,79.5,80.9,79.5,80.7,80.3,82.8,86.6,88.3,75.4,80.2,76.6,82.3,95.1,80.1,85.3,95.1,95.4,90.7,92.7,83.5,86,93.5,92.2,84.7,86.7,49.2,53.4,74,75.4,64,68,95,93,84.7,86.4,93.6,94.7,73.7,77.2,83.5,85.9,97.5,91.9,93.2,87.9,88.8,92.6,92.9,92.8,81,82.5,79.5,80,72.3,74.2,90.7,91.9,88.6,89.4,84.4,84.2,89.7,91.6,84.8,86.1,73.7,74.8,82,84.7,69.4,69.5,65.7,68,58.7,60.5,53.4,55.6,92.2,93.3,96.8,70.4,78.9,NA,NA,NA,NA,NA,NA,NA,NA,NA,NA,NA,NA,NA,NA,NA,NA,NA,NA,NA,NA,NA,NA,NA,NA,NA,NA,NA,NA,NA,NA,NA,NA,NA,NA,NA,NA,NA,NA,NA,NA,NA,NA,NA,NA,NA,NA,NA,NA,NA,NA,NA,NA,NA,NA,NA,NA,NA,NA,NA,NA,NA,NA,NA,NA,NA,NA,NA,NA,NA,NA,NA,NA,NA,NA,NA,NA,NA,NA,NA,NA,NA,NA,NA,NA,NA,NA,NA,NA,NA,NA,NA,NA,NA,NA,NA,NA,NA,NA,NA,NA,NA,NA,NA,NA,NA
6. Households with electricity (%),80.5,83.1,83.6,87.9,83.7,87.9,99,88.5,95.5,86.6,89.6,84.6,87.3,83.5,84.9,71.7,77,76.7,79.7,80.1,83.9,82.5,85.7,86.5,88.9,84.4,86.9,77.4,79.1,96.7,97.1,96.2,97,92.6,93.5,99.5,95.9,97.4,95.7,96.5,98.3,98.6,94.3,95.7,99,99.1,97.3,97.5,88.3,90.2,93.9,95,82.4,84.7,99.4,98.3,97.6,98,90.3,92.8,90,92,95.6,96.5,98.8,92.2,94.4,78.6,82.3,97.1,91.3,94.6,90.6,91.6,72.7,73.4,73.4,76.9,86,89.3,79.3,81.9,87.2,88.2,90.8,93.1,86.1,88.3,72,75.3,72.8,79,76.2,77,65.1,71,87.7,88.6,91.8,92.5,88,90.3,98,86.2,90.7,NA,NA,NA,NA,NA,NA,NA,NA,NA,NA,NA,NA,NA,NA,NA,NA,NA,NA,NA,NA,NA,NA,NA,NA,NA,NA,NA,NA,NA,NA,NA,NA,NA,NA,NA,NA,NA,NA,NA,NA,NA,NA,NA,NA,NA,NA,NA,NA,NA,NA,NA,NA,NA,NA,NA,NA,NA,NA,NA,NA,NA,NA,NA,NA,NA,NA,NA,NA,NA,NA,NA,NA,NA,NA,NA,NA,NA,NA,NA,NA,NA,NA,NA,NA,NA,NA,NA,NA,NA,NA,NA,NA,NA,NA,NA,NA,NA,NA,NA,NA,NA,NA,NA,NA,NA
7. Households with an improved drinking-water source1 (%),92.1,93,89.6,92.3,90.2,93.1,98.9,93.6,97.1,89.4,91.7,59.9,65.6,71.1,74,67.6,72.7,75.2,78.1,75.3,81.3,74.6,78.3,89.6,91.4,86.2,88,64.8,68.6,69.3,76,64.3,69.7,84.9,88.4,97.6,87.2,91.4,79.7,83.2,91.4,93.5,82.4,86.2,99,98.4,89.5,90.9,81.5,84.6,60,65.8,92.3,94.1,95.2,93.5,86.8,89.3,93.2,95.1,82.1,85.5,84.5,87.7,99.2,87.4,91.1,88.4,90.6,99.7,92.6,96.6,96.3,97.2,69.8,71.3,58.4,62.9,75.8,81.7,75.7,78.2,73.1,76.2,77.1,82.9,90,91.7,60.6,66.6,62.2,69.3,69.3,70.3,46.1,56.3,83.7,84.9,88.1,89.1,73.4,78.1,99.5,90.1,93.7,NA,NA,NA,NA,NA,NA,NA,NA,NA,NA,NA,NA,NA,NA,NA,NA,NA,NA,NA,NA,NA,NA,NA,NA,NA,NA,NA,NA,NA,NA,NA,NA,NA,NA,NA,NA,NA,NA,NA,NA,NA,NA,NA,NA,NA,NA,NA,NA,NA,NA,NA,NA,NA,NA,NA,NA,NA,NA,NA,NA,NA,NA,NA,NA,NA,NA,NA,NA,NA,NA,NA,NA,NA,NA,NA,NA,NA,NA,NA,NA,NA,NA,NA,NA,NA,NA,NA,NA,NA,NA,NA,NA,NA,NA,NA,NA,NA,NA,NA,NA,NA,NA,NA,NA,NA
8. Households using improved sanitation facility2 (%),11.2,15.4,21.8,36.9,21.2,30.6,69.2,30.1,56.2,23.4,33.5,11.3,22.6,9.8,13.9,5.6,14.5,13.2,19.8,17.3,26.7,11.8,22.2,19.8,30.2,18.3,24.7,10.8,18.6,22,32,19.7,28.3,17.8,33.7,75.5,35.6,51.9,25.3,34.8,37.8,47,24.4,35.5,78,74.2,23.9,33.2,11.3,21.3,10.1,19,16.1,24,70.3,61.8,37.3,47.1,29.1,39,17.7,30.7,45.2,51.4,73.7,33.6,46.4,12.8,23.2,67.4,21.6,47.5,31.7,40.7,5,6.9,7.9,15.1,23.6,34,17.1,24.4,22,28.4,15.6,27.9,12.9,19.8,8.2,16.9,6.5,22.2,8.5,10,3.7,15.8,9,13,10.9,17.6,23.5,34.1,54.8,30.7,40,NA,NA,NA,NA,NA,NA,NA,NA,NA,NA,NA,NA,NA,NA,NA,NA,NA,NA,NA,NA,NA,NA,NA,NA,NA,NA,NA,NA,NA,NA,NA,NA,NA,NA,NA,NA,NA,NA,NA,NA,NA,NA,NA,NA,NA,NA,NA,NA,NA,NA,NA,NA,NA,NA,NA,NA,NA,NA,NA,NA,NA,NA,NA,NA,NA,NA,NA,NA,NA,NA,NA,NA,NA,NA,NA,NA,NA,NA,NA,NA,NA,NA,NA,NA,NA,NA,NA,NA,NA,NA,NA,NA,NA,NA,NA,NA,NA,NA,NA,NA,NA,NA,NA,NA,NA
9. Households using clean fuel for cooking3 (%),7.6,13.8,8.8,23.5,7.2,18.3,79.4,12.9,57.3,5,21.7,4.6,19.7,8.2,14.6,2.2,13.5,5,11.3,4.1,17.6,2.4,13.3,7.4,22.1,4,13.2,4.5,12.5,22.7,34.7,14,29.1,14.5,32.9,84.1,20.4,46.5,11.5,25.5,16.8,37.8,16.8,34.6,94.4,84.9,21.7,31.7,9.8,22,6.7,18.6,6.9,17.9,86.5,74.9,12.4,24.9,10.3,26.7,12.3,28,16.4,30.9,75.8,15,34.4,5.5,18.8,77.5,10.8,48.5,8.1,21.4,1.9,4,6.3,14.7,9.8,25,8.2,18,7.6,16.4,6.6,23.2,6.8,15.9,5.8,13.5,3.5,18.2,4.8,6.9,4.5,17.4,5.1,9.1,5.2,11.7,13,28,77.3,25,45.1,NA,NA,NA,NA,NA,NA,NA,NA,NA,NA,NA,NA,NA,NA,NA,NA,NA,NA,NA,NA,NA,NA,NA,NA,NA,NA,NA,NA,NA,NA,NA,NA,NA,NA,NA,NA,NA,NA,NA,NA,NA,NA,NA,NA,NA,NA,NA,NA,NA,NA,NA,NA,NA,NA,NA,NA,NA,NA,NA,NA,NA,NA,NA,NA,NA,NA,NA,NA,NA,NA,NA,NA,NA,NA,NA,NA,NA,NA,NA,NA,NA,NA,NA,NA,NA,NA,NA,NA,NA,NA,NA,NA,NA,NA,NA,NA,NA,NA,NA,NA,NA,NA,NA,NA,NA
10. Households using iodized salt (%),97,97.3,83.1,86.7,92.9,93.8,98.7,95.4,97.6,81.4,85.3,94.1,94.5,69.4,72.3,66.7,70.5,84.7,86.3,90.7,91.6,86.3,88.7,90.6,92.4,87.9,89.6,88.2,89.1,98,98.4,97.6,98.1,93.9,95.3,99.8,97,98.2,96.3,96.5,98.8,99.1,97.6,98.2,99.7,99.8,99.3,99.4,97.4,97.6,95.5,96,92.2,93.7,98.7,98.3,97.4,97.8,90.4,92.2,95.1,95.9,99.1,99.2,99.7,99.3,99.4,75.1,79.3,96.5,84.3,91.2,95.4,96,78.1,78.9,79.7,82.4,94.5,95.8,91.9,92.9,94.9,95.7,91.2,93.2,88.9,90.6,88.7,89.8,93,93.2,90.8,91,88.2,89.5,93.3,93.6,93.2,93.9,97.8,98.2,99.1,99,99.1,NA,NA,NA,NA,NA,NA,NA,NA,NA,NA,NA,NA,NA,NA,NA,NA,NA,NA,NA,NA,NA,NA,NA,NA,NA,NA,NA,NA,NA,NA,NA,NA,NA,NA,NA,NA,NA,NA,NA,NA,NA,NA,NA,NA,NA,NA,NA,NA,NA,NA,NA,NA,NA,NA,NA,NA,NA,NA,NA,NA,NA,NA,NA,NA,NA,NA,NA,NA,NA,NA,NA,NA,NA,NA,NA,NA,NA,NA,NA,NA,NA,NA,NA,NA,NA,NA,NA,NA,NA,NA,NA,NA,NA,NA,NA,NA,NA,NA,NA,NA,NA,NA,NA,NA,NA
11. Households with any usual member covered by a health scheme or health insurance (%),22,22.4,9.8,10.6,10.6,11.2,16.3,15.2,15.9,11.5,12.9,16.3,16.9,6.6,7.8,6.1,7.4,15,15.5,9.9,10,12,14.2,22.9,23.8,20.1,20.1,18.6,23.5,6.6,6.7,10.7,10.5,5.8,7,17,5.7,10.3,13.1,13.7,10.1,16.3,6.4,7.9,17.7,15.7,8.3,10.8,24.9,27.4,21.1,22.4,8.7,10.6,39.8,35.9,16.1,16.1,22,22.7,16.2,19.2,16.1,16.6,30.5,25.6,27.1,16,17.2,35.4,37.3,36.3,12.1,13.9,36.1,35.6,37.6,37.7,11.7,14.8,21,21.6,17.5,17.7,12.4,16.5,14.8,19,20.7,21.2,22,26.8,20.8,20.8,20,25.7,2.3,2.6,3,3.3,8.9,10.7,51.6,33.4,40.4,NA,NA,NA,NA,NA,NA,NA,NA,NA,NA,NA,NA,NA,NA,NA,NA,NA,NA,NA,NA,NA,NA,NA,NA,NA,NA,NA,NA,NA,NA,NA,NA,NA,NA,NA,NA,NA,NA,NA,NA,NA,NA,NA,NA,NA,NA,NA,NA,NA,NA,NA,NA,NA,NA,NA,NA,NA,NA,NA,NA,NA,NA,NA,NA,NA,NA,NA,NA,NA,NA,NA,NA,NA,NA,NA,NA,NA,NA,NA,NA,NA,NA,NA,NA,NA,NA,NA,NA,NA,NA,NA,NA,NA,NA,NA,NA,NA,NA,NA,NA,NA,NA,NA,NA,NA
12. Women who are literate (%),37.7,40.5,53.9,58,55.5,58.2,76.2,47.5,67.1,50.8,58.8,39.1,46.8,47.4,50.5,46.2,52,52.9,57.4,58.4,63.1,51.6,58.6,61.4,66.8,60.7,63.2,53.9,57.3,47.7,54.2,47.4,54.4,41.7,54.5,75.3,46.8,58.6,42.6,50.5,55.6,61.4,43.9,51.3,78.1,73.2,48.3,53,32.5,42.3,45.9,51.7,53.9,56.7,79.9,75.8,54.4,60.4,57.2,63.9,63.4,69.5,53.5,60.6,81.8,61.6,68.3,60.5,65.2,83.6,59.9,73.7,61.2,66,49.5,50.7,52.7,57.7,61.2,67.1,59.7,62.5,70.8,73.5,36.1,44.6,47.6,52.4,48.6,54.6,55.3,61.8,55.3,56.6,47.1,53.2,24.3,28,22,27.1,44.4,51.9,75.8,47.1,58.2,NA,NA,NA,NA,NA,NA,NA,NA,NA,NA,NA,NA,NA,NA,NA,NA,NA,NA,NA,NA,NA,NA,NA,NA,NA,NA,NA,NA,NA,NA,NA,NA,NA,NA,NA,NA,NA,NA,NA,NA,NA,NA,NA,NA,NA,NA,NA,NA,NA,NA,NA,NA,NA,NA,NA,NA,NA,NA,NA,NA,NA,NA,NA,NA,NA,NA,NA,NA,NA,NA,NA,NA,NA,NA,NA,NA,NA,NA,NA,NA,NA,NA,NA,NA,NA,NA,NA,NA,NA,NA,NA,NA,NA,NA,NA,NA,NA,NA,NA,NA,NA,NA,NA,NA,NA
13. Men who are literate (%),79.7,75.1,83.8,83.8,81.1,83.6,85.5,75.9,82,75.5,79,72.4,76.7,81.2,79.4,82.5,80.1,72,75.5,88,89.9,83.9,87.5,89.4,86.8,85.1,85.1,71.2,73.8,87.8,87.4,84.7,82.7,82.1,82.6,92.5,82.8,86.6,83.7,88.2,87,88.9,72,77.8,91.4,89,80.6,79.4,47.2,57.6,75.5,80.5,75.7,69.9,95.5,95.3,84.3,87.7,79.9,82.9,75.7,78.8,73,77.7,92,87.4,89,79.7,80.9,91.3,83.4,87.6,84.8,86.7,78.2,77.6,76.9,79.8,77.5,81.7,71.8,75.3,82.2,80.3,74.1,80.2,73.6,77,85.1,87.5,74.8,80.5,82.7,82.7,74.3,76.5,52.1,57.8,49.4,55,71.8,74,80.6,63.8,69.8,NA,NA,NA,NA,NA,NA,NA,NA,NA,NA,NA,NA,NA,NA,NA,NA,NA,NA,NA,NA,NA,NA,NA,NA,NA,NA,NA,NA,NA,NA,NA,NA,NA,NA,NA,NA,NA,NA,NA,NA,NA,NA,NA,NA,NA,NA,NA,NA,NA,NA,NA,NA,NA,NA,NA,NA,NA,NA,NA,NA,NA,NA,NA,NA,NA,NA,NA,NA,NA,NA,NA,NA,NA,NA,NA,NA,NA,NA,NA,NA,NA,NA,NA,NA,NA,NA,NA,NA,NA,NA,NA,NA,NA,NA,NA,NA,NA,NA,NA,NA,NA,NA,NA,NA,NA
14. Women with 10 or more years of schooling (%),9,11.8,16.1,21.4,21.9,25,42.8,10.8,32.6,11.2,21.6,6.6,14.3,10.9,13.8,9.3,15.3,16.6,20.5,15.9,22.4,9.2,17.8,17.2,25,19.1,23.1,11,16,14,19.6,10.9,17.5,8.7,17.9,37,9.2,20.7,11.8,18.8,15.2,22.1,13,20.2,47.4,41.4,12.4,17.2,7.2,16,12.8,17,10.2,12.4,48.6,42.8,16.6,22.5,14.1,21.9,24,33.4,9.7,17.8,49.7,17.6,28.2,15,23.4,51,18.1,37.3,18.9,26.4,11.9,13.6,12.4,18.1,21.8,28.7,17.7,22.2,23.4,28.2,9.7,16.5,7.2,12.3,13.3,18.7,15,23.2,18,19,12.4,20.2,6.4,9.3,6.2,9.6,10,16.8,38,12.9,22.6,NA,NA,NA,NA,NA,NA,NA,NA,NA,NA,NA,NA,NA,NA,NA,NA,NA,NA,NA,NA,NA,NA,NA,NA,NA,NA,NA,NA,NA,NA,NA,NA,NA,NA,NA,NA,NA,NA,NA,NA,NA,NA,NA,NA,NA,NA,NA,NA,NA,NA,NA,NA,NA,NA,NA,NA,NA,NA,NA,NA,NA,NA,NA,NA,NA,NA,NA,NA,NA,NA,NA,NA,NA,NA,NA,NA,NA,NA,NA,NA,NA,NA,NA,NA,NA,NA,NA,NA,NA,NA,NA,NA,NA,NA,NA,NA,NA,NA,NA,NA,NA,NA,NA,NA,NA
15. Women age 20-24 years married before age 18 years (%),33.9,29.6,28.6,27,34.3,31.7,10.3,37.4,19.4,44.3,37.1,40.1,34,51.3,47.2,49.1,43.5,34.2,32.9,42.6,38.6,43.9,39.9,39.2,36.1,37.1,33.6,39,37.3,33.6,31.8,54.5,48.2,51.4,46.2,23.6,53.2,41,41.2,35.2,37.7,36.1,35,30.1,15,20.7,27.7,24,50.3,42.2,41.8,38.2,44.7,43.5,11.2,13.1,39.5,31.5,32.9,28.1,15.1,12.5,27.3,24.3,13.4,20.6,18.4,29.9,25.5,7.3,24.1,13.9,32.1,27.4,36.1,34.9,30.5,27.3,19.6,16.3,17.8,16.3,9.7,8.6,35.8,29.8,36.7,33.2,40.3,35.4,32.7,27.3,46.4,45.7,37.7,34.9,53.8,54,38.3,37.1,18.8,17.6,16.2,29.5,24.7,NA,NA,NA,NA,NA,NA,NA,NA,NA,NA,NA,NA,NA,NA,NA,NA,NA,NA,NA,NA,NA,NA,NA,NA,NA,NA,NA,NA,NA,NA,NA,NA,NA,NA,NA,NA,NA,NA,NA,NA,NA,NA,NA,NA,NA,NA,NA,NA,NA,NA,NA,NA,NA,NA,NA,NA,NA,NA,NA,NA,NA,NA,NA,NA,NA,NA,NA,NA,NA,NA,NA,NA,NA,NA,NA,NA,NA,NA,NA,NA,NA,NA,NA,NA,NA,NA,NA,NA,NA,NA,NA,NA,NA,NA,NA,NA,NA,NA,NA,NA,NA,NA,NA,NA,NA
16. Men age 25-29 years married before age 21 years (%),NA,NA,NA,NA,NA,60.7,8.7,35.9,19.5,NA,45.1,NA,NA,NA,NA,NA,42.2,NA,NA,NA,NA,NA,NA,NA,NA,58.7,54.1,48.5,52.8,NA,61.9,56.1,52.3,NA,NA,14.8,68.1,45.7,45.2,38.9,NA,NA,67.7,55.1,24,28.2,NA,31.2,NA,NA,NA,60.5,NA,NA,NA,26.6,NA,NA,NA,16.8,NA,NA,NA,38.7,15.8,22.2,19.9,NA,NA,NA,41.1,22.1,NA,NA,53.3,45.5,49.4,47.7,NA,20.2,NA,NA,NA,NA,28.9,26.1,57.9,54.9,NA,NA,NA,NA,NA,NA,NA,NA,NA,NA,68.8,68.6,NA,NA,NA,30.1,27.3,NA,NA,NA,NA,NA,NA,NA,NA,NA,NA,NA,NA,NA,NA,NA,NA,NA,NA,NA,NA,NA,NA,NA,NA,NA,NA,NA,NA,NA,NA,NA,NA,NA,NA,NA,NA,NA,NA,NA,NA,NA,NA,NA,NA,NA,NA,NA,NA,NA,NA,NA,NA,NA,NA,NA,NA,NA,NA,NA,NA,NA,NA,NA,NA,NA,NA,NA,NA,NA,NA,NA,NA,NA,NA,NA,NA,NA,NA,NA,NA,NA,NA,NA,NA,NA,NA,NA,NA,NA,NA,NA,NA,NA,NA,NA,NA,NA,NA,NA,NA,NA,NA,NA,NA,NA
17. Women age 15-19 years who were already mothers or pregnant at the time of the survey (%),3.8,3.6,4.8,5.5,7.4,6,1.5,8.6,3.8,9.7,7.8,10.7,8.6,18,17.1,8.9,8.2,7.7,7.2,12.2,11.1,9.5,7.8,4.9,4.4,5,4.3,8.4,8.2,2.9,4.2,6.1,4.4,11.8,8.3,6.7,11.3,9.5,11.7,10.2,11.9,9.4,11.4,9.9,5.6,5.1,7,7,17.3,14.8,8.1,6.7,11.5,9.5,2.2,2.1,4.1,4.3,7.8,7.3,5.9,4.9,4.1,4.2,2.3,2.7,2.5,4.7,4.3,0.9,7.6,4,14.3,12.5,10.1,10.3,8.6,8.8,7.6,8.1,4.2,3.8,2.5,2.2,11.3,9.7,10.7,9.9,9.8,7.3,9.5,8,7.2,6.6,12.1,11.7,27.2,24.4,13.9,13.5,6.5,6.1,3.3,9.2,7,NA,NA,NA,NA,NA,NA,NA,NA,NA,NA,NA,NA,NA,NA,NA,NA,NA,NA,NA,NA,NA,NA,NA,NA,NA,NA,NA,NA,NA,NA,NA,NA,NA,NA,NA,NA,NA,NA,NA,NA,NA,NA,NA,NA,NA,NA,NA,NA,NA,NA,NA,NA,NA,NA,NA,NA,NA,NA,NA,NA,NA,NA,NA,NA,NA,NA,NA,NA,NA,NA,NA,NA,NA,NA,NA,NA,NA,NA,NA,NA,NA,NA,NA,NA,NA,NA,NA,NA,NA,NA,NA,NA,NA,NA,NA,NA,NA,NA,NA,NA,NA,NA,NA,NA,NA
18. Any method (%),54.1,53.2,58.1,56.3,57.1,55.7,51.1,45.5,49.2,58.2,59,57.3,57.7,48.8,48.5,54,53.9,45.9,45.9,49.2,49,35.6,36.2,55.3,54.9,61.3,59.3,51.9,52.3,15.5,17.6,17,18.1,26.4,24.8,41.8,30.8,35.1,54.5,55.5,55.4,56.6,51.5,52.6,55.4,54,72.1,70.6,50.5,50.7,51.9,53.5,23.8,23,53.5,52.9,55.8,55.1,65.7,66,65,64,47.8,49.4,42.8,53.6,50.2,47.6,45.7,59.6,73.6,65.9,49,51,67.5,66.8,68.4,66.9,66.3,66.1,71.2,70,57.8,58.2,60.3,60.9,57.6,58.3,42.9,43.5,48.2,49.1,32.3,32.5,35.9,37.1,8.3,10.4,30.7,30.9,68.2,67.3,54.3,57.6,56.4,NA,NA,NA,NA,NA,NA,NA,NA,NA,NA,NA,NA,NA,NA,NA,NA,NA,NA,NA,NA,NA,NA,NA,NA,NA,NA,NA,NA,NA,NA,NA,NA,NA,NA,NA,NA,NA,NA,NA,NA,NA,NA,NA,NA,NA,NA,NA,NA,NA,NA,NA,NA,NA,NA,NA,NA,NA,NA,NA,NA,NA,NA,NA,NA,NA,NA,NA,NA,NA,NA,NA,NA,NA,NA,NA,NA,NA,NA,NA,NA,NA,NA,NA,NA,NA,NA,NA,NA,NA,NA,NA,NA,NA,NA,NA,NA,NA,NA,NA,NA,NA,NA,NA,NA,NA
19. Any modern method (%),53,52.3,57.2,52.6,55.7,53.6,48.2,44,46.7,57.4,57.7,56.9,55.4,47.2,46.6,50.3,50.2,41.4,41.5,45,44.4,35.6,35.9,50.4,49,53.6,51.4,48,48.3,15.4,17.5,17,18.1,26.4,24.8,41.3,30.3,34.6,52.6,53.7,55.1,56.4,51.5,52.6,54.1,52.9,71.6,70.1,50.4,50.3,51.7,53.4,23.6,22.7,51,50.3,55.4,54.7,64.8,65.1,60.9,59.5,47.5,49.1,42.3,53,49.6,46.3,44.3,53.4,71.1,61.4,48.4,50.3,64.2,63,66.2,64.2,65.6,65,71.1,69.7,57.2,57.2,59,59.4,57.6,58.3,42.7,43.2,46.9,47.5,31.7,31.9,33.5,34.8,8.3,10.4,30.7,30.9,67.9,66.9,53.8,57.5,56.2,NA,NA,NA,NA,NA,NA,NA,NA,NA,NA,NA,NA,NA,NA,NA,NA,NA,NA,NA,NA,NA,NA,NA,NA,NA,NA,NA,NA,NA,NA,NA,NA,NA,NA,NA,NA,NA,NA,NA,NA,NA,NA,NA,NA,NA,NA,NA,NA,NA,NA,NA,NA,NA,NA,NA,NA,NA,NA,NA,NA,NA,NA,NA,NA,NA,NA,NA,NA,NA,NA,NA,NA,NA,NA,NA,NA,NA,NA,NA,NA,NA,NA,NA,NA,NA,NA,NA,NA,NA,NA,NA,NA,NA,NA,NA,NA,NA,NA,NA,NA,NA,NA,NA,NA,NA
20. Female sterilization (%),49.6,47.7,51.1,46.6,47.1,44.9,31.5,37.8,33.7,53.9,51.6,53.5,50.3,44,42.6,47.6,45.4,38.9,38.1,39.9,39,33.5,33,44.7,42.1,49.7,46.6,45,44.4,12.7,13.8,12.7,12.6,24,20.3,25.1,26.7,26.1,44.7,42.7,47.9,47.2,46.5,45,36.6,37.3,65.8,62.7,47.3,45.2,45,44,18.2,16.1,31.1,32.9,45.7,44.5,56,53.1,55.8,51.8,41.6,40.7,31.9,47.2,42.4,44,40.8,42.8,67.8,54.1,46.1,46.9,62.3,61.2,58.8,57.1,62.4,59.5,68.1,66.4,51.9,51.5,52.7,48.7,53.1,49.2,40.5,39.9,44,43,30,29.9,31.9,31.7,7,8.2,27.6,26.7,61.5,58.1,37.3,50.8,45.9,NA,NA,NA,NA,NA,NA,NA,NA,NA,NA,NA,NA,NA,NA,NA,NA,NA,NA,NA,NA,NA,NA,NA,NA,NA,NA,NA,NA,NA,NA,NA,NA,NA,NA,NA,NA,NA,NA,NA,NA,NA,NA,NA,NA,NA,NA,NA,NA,NA,NA,NA,NA,NA,NA,NA,NA,NA,NA,NA,NA,NA,NA,NA,NA,NA,NA,NA,NA,NA,NA,NA,NA,NA,NA,NA,NA,NA,NA,NA,NA,NA,NA,NA,NA,NA,NA,NA,NA,NA,NA,NA,NA,NA,NA,NA,NA,NA,NA,NA,NA,NA,NA,NA,NA,NA
21. Male sterilization (%),0,0,0,0,0.3,0.2,0.2,0,0.1,0,0,0.1,0.1,0,0.1,0,0.1,0,0.1,0,0,0,0,1.6,1.6,1.2,1,0.9,0.7,0.2,0.3,0.7,0.5,0.5,0.4,0.3,0.1,0.2,0.7,0.7,0,0.1,0.1,0.1,0.6,0.5,0.1,0.3,0,0.1,0,0,0,0,0.6,0.5,0.8,0.6,0.3,0.3,1.1,1.2,0.2,0.2,0,0.2,0.2,0.5,0.7,0.3,0.1,0.3,0.3,0.2,1,0.9,5,4.6,0.6,0.5,0.4,0.4,2.5,2.1,0.1,0.2,0,0,0.8,0.8,1,0.8,0.4,0.4,0.4,0.5,0,0.2,0.1,0.1,0.5,0.4,0,0,0,NA,NA,NA,NA,NA,NA,NA,NA,NA,NA,NA,NA,NA,NA,NA,NA,NA,NA,NA,NA,NA,NA,NA,NA,NA,NA,NA,NA,NA,NA,NA,NA,NA,NA,NA,NA,NA,NA,NA,NA,NA,NA,NA,NA,NA,NA,NA,NA,NA,NA,NA,NA,NA,NA,NA,NA,NA,NA,NA,NA,NA,NA,NA,NA,NA,NA,NA,NA,NA,NA,NA,NA,NA,NA,NA,NA,NA,NA,NA,NA,NA,NA,NA,NA,NA,NA,NA,NA,NA,NA,NA,NA,NA,NA,NA,NA,NA,NA,NA,NA,NA,NA,NA,NA,NA
22. IUD/PPIUD (%),0.1,0.1,0.3,0.3,0.8,0.8,0.8,0.1,0.6,0.1,0.2,0.4,0.6,0,0,0.2,0.1,0.3,0.4,0.9,0.7,0.7,0.8,0.5,0.9,0.8,0.7,0.2,0.4,0,0.2,0.1,0.6,0,0.2,0.8,0.1,0.4,0.2,0.5,0.2,0.1,0.5,0.6,0.8,0.7,1.2,1.1,0.2,0.2,0.1,0.1,0,0,1.7,1.3,0.2,0.2,1.4,1.1,0.1,0.4,0.4,0.4,0.7,0.2,0.4,0.2,0.4,1,1,1,0.6,0.5,0.4,0.4,0.4,0.5,0.4,0.8,0.2,0.1,0.5,0.5,0.1,0.2,0.3,0.4,0.2,0.5,0.8,1,0.1,0.2,0.1,0.2,0.1,0.3,0.6,0.6,0.3,0.6,0.7,0.4,0.6,NA,NA,NA,NA,NA,NA,NA,NA,NA,NA,NA,NA,NA,NA,NA,NA,NA,NA,NA,NA,NA,NA,NA,NA,NA,NA,NA,NA,NA,NA,NA,NA,NA,NA,NA,NA,NA,NA,NA,NA,NA,NA,NA,NA,NA,NA,NA,NA,NA,NA,NA,NA,NA,NA,NA,NA,NA,NA,NA,NA,NA,NA,NA,NA,NA,NA,NA,NA,NA,NA,NA,NA,NA,NA,NA,NA,NA,NA,NA,NA,NA,NA,NA,NA,NA,NA,NA,NA,NA,NA,NA,NA,NA,NA,NA,NA,NA,NA,NA,NA,NA,NA,NA,NA,NA
23. Pill (%),0.9,1.1,2.1,1.8,1.7,2,1.8,1.1,1.6,0.8,1,0.7,0.7,0.6,0.6,0.2,0.6,0.4,0.8,1.3,1.1,0.3,0.6,0.4,0.7,0.6,0.6,0.7,0.5,1,1.2,0.3,0.8,0.8,0.9,2.8,1.2,1.8,2.1,2.7,3.2,2.5,1.1,1.9,3.2,3.1,1.6,1.9,0.4,0.6,0.5,0.7,1.9,2.1,2.8,2.8,1.9,1.7,0.6,1.5,0.4,0.8,1.4,1.6,1.5,0.4,0.7,0.6,0.6,1.1,0.4,0.8,0.3,0.5,0.1,0.1,0.7,0.6,0.3,0.6,0.9,0.8,0.6,0.6,1.3,2.1,1.6,2.9,0.2,0.2,0,0.3,0.3,0.3,0.4,0.4,0.4,0.5,1,1.8,2.1,2.3,1.7,1.5,1.6,NA,NA,NA,NA,NA,NA,NA,NA,NA,NA,NA,NA,NA,NA,NA,NA,NA,NA,NA,NA,NA,NA,NA,NA,NA,NA,NA,NA,NA,NA,NA,NA,NA,NA,NA,NA,NA,NA,NA,NA,NA,NA,NA,NA,NA,NA,NA,NA,NA,NA,NA,NA,NA,NA,NA,NA,NA,NA,NA,NA,NA,NA,NA,NA,NA,NA,NA,NA,NA,NA,NA,NA,NA,NA,NA,NA,NA,NA,NA,NA,NA,NA,NA,NA,NA,NA,NA,NA,NA,NA,NA,NA,NA,NA,NA,NA,NA,NA,NA,NA,NA,NA,NA,NA,NA
24. Condom (%),2.3,3.2,3.6,3.7,5.5,5.5,13.4,4.6,10.3,2.4,4.8,2.2,3.7,2.3,3,2.3,4,1.8,2.1,2.9,3.5,1.1,1.5,2.8,3.3,1.1,2.4,1.3,2.2,1.6,2,3.2,3.7,0.9,2.6,12.2,2.1,6,4.6,7,3.7,6.2,3.1,4.7,12.9,11.1,2.9,4.1,2.3,3.9,5.7,8.1,3.4,4.5,14.5,12.5,6.7,7.6,6,8.7,3.5,5.4,3.9,6,8.1,4.6,5.7,0.9,1.7,7.9,1.8,5.2,1.1,2.2,0.4,0.4,1.1,1.2,1.9,3.6,1.2,1.8,1.8,2.4,3.5,7.3,2.2,5.5,0.7,1.5,1.1,2.4,0.7,0.9,0.7,1.9,0.8,1.1,1.5,1.8,3.4,5.3,14,4.8,8.1,NA,NA,NA,NA,NA,NA,NA,NA,NA,NA,NA,NA,NA,NA,NA,NA,NA,NA,NA,NA,NA,NA,NA,NA,NA,NA,NA,NA,NA,NA,NA,NA,NA,NA,NA,NA,NA,NA,NA,NA,NA,NA,NA,NA,NA,NA,NA,NA,NA,NA,NA,NA,NA,NA,NA,NA,NA,NA,NA,NA,NA,NA,NA,NA,NA,NA,NA,NA,NA,NA,NA,NA,NA,NA,NA,NA,NA,NA,NA,NA,NA,NA,NA,NA,NA,NA,NA,NA,NA,NA,NA,NA,NA,NA,NA,NA,NA,NA,NA,NA,NA,NA,NA,NA,NA
25. Total unmet need (%),12.5,12.8,11.8,11.9,14.6,13.8,12,12,12,14,13.2,12.9,12.8,13.3,13.5,11,12.9,17.4,17.8,13.2,13.5,13.5,14,14,14,13.5,14.7,11.8,11.7,11.7,12.1,13.9,14.9,14.4,15.8,17,12.6,14.3,12.5,12.2,11.6,11.3,10.2,10.7,12.4,11.6,6.8,6.6,8,8.9,15.1,14.5,20,17.9,16.5,15.9,14.4,16.2,9.1,8.8,8.5,8.5,8,8.6,10.4,8.7,9.2,9,9.8,12.8,7.5,10.4,8.8,8.7,7.3,7.9,7.7,8.2,7.9,9.4,6.1,6.4,9,10,10.5,10.7,14.6,14.2,11.5,11.3,12.8,13.5,19.7,19.4,15.7,16,15.7,15.2,10.3,10.9,6.7,7.3,12.7,9.1,10.4,NA,NA,NA,NA,NA,NA,NA,NA,NA,NA,NA,NA,NA,NA,NA,NA,NA,NA,NA,NA,NA,NA,NA,NA,NA,NA,NA,NA,NA,NA,NA,NA,NA,NA,NA,NA,NA,NA,NA,NA,NA,NA,NA,NA,NA,NA,NA,NA,NA,NA,NA,NA,NA,NA,NA,NA,NA,NA,NA,NA,NA,NA,NA,NA,NA,NA,NA,NA,NA,NA,NA,NA,NA,NA,NA,NA,NA,NA,NA,NA,NA,NA,NA,NA,NA,NA,NA,NA,NA,NA,NA,NA,NA,NA,NA,NA,NA,NA,NA,NA,NA,NA,NA,NA,NA
26. Unmet need for spacing (%),7.7,7.9,6.6,5.5,7.1,6.4,3.9,5.7,4.5,5.9,5.3,6.2,6,5.5,5.6,4.4,5.2,8.9,8,5,5.4,4.5,4.4,6.9,7.1,6.6,7,5.9,6.1,4.3,4.6,5.5,6.7,7,6.7,6.9,6.7,6.8,6.3,6,5.9,6.1,3.7,3.8,6.2,5.7,4.2,3.8,4.9,5.3,7.5,6.8,6.5,6.4,6.6,6.3,5.9,6.9,5.6,4.7,5.4,5.5,4.3,4,5,3.8,4.2,4.4,4.7,7.2,5.6,6.5,5.9,5.1,3.6,3.6,2.9,3.4,5.8,6.9,4.6,4.7,4.4,5.3,5.9,6.1,5.7,5.8,5.8,5.3,7.3,7.4,7.8,7.7,7.4,7.1,6.5,6.2,4.9,4.8,4.2,4.2,5.7,6.3,6.1,NA,NA,NA,NA,NA,NA,NA,NA,NA,NA,NA,NA,NA,NA,NA,NA,NA,NA,NA,NA,NA,NA,NA,NA,NA,NA,NA,NA,NA,NA,NA,NA,NA,NA,NA,NA,NA,NA,NA,NA,NA,NA,NA,NA,NA,NA,NA,NA,NA,NA,NA,NA,NA,NA,NA,NA,NA,NA,NA,NA,NA,NA,NA,NA,NA,NA,NA,NA,NA,NA,NA,NA,NA,NA,NA,NA,NA,NA,NA,NA,NA,NA,NA,NA,NA,NA,NA,NA,NA,NA,NA,NA,NA,NA,NA,NA,NA,NA,NA,NA,NA,NA,NA,NA,NA
27. Health worker ever talked to female non-users about family planning5 (%),23.2,24.7,31.1,31,14.4,22.5,25.9,24.1,25.3,21.3,24.2,32.4,32.1,8.2,8.2,13.7,14.8,8.2,9.6,12.9,11.9,14.1,14.8,13.4,15.3,22.1,22.2,19.8,17.8,10.5,11,7.5,8.1,10.8,14.2,19.7,14.6,16.4,22,23.5,33.4,34.1,22.9,25.1,23.6,21.4,23.8,27.7,17.9,19.3,15.3,15.6,8.7,9,26.9,27,32.2,34.4,34.6,33.2,18.1,16.4,27.8,26.5,25.5,28.6,27.5,14.5,13.8,28,25.4,27.1,9.7,10.5,17.8,16.7,27.2,29.1,16.4,16.2,19,18.9,21,21.5,45.1,39.7,27.2,30.3,16.9,15.2,14.4,14.6,11.9,13.4,20.4,19.2,22.1,21.3,29,27.8,33.2,30.7,23.4,15.8,18.9,NA,NA,NA,NA,NA,NA,NA,NA,NA,NA,NA,NA,NA,NA,NA,NA,NA,NA,NA,NA,NA,NA,NA,NA,NA,NA,NA,NA,NA,NA,NA,NA,NA,NA,NA,NA,NA,NA,NA,NA,NA,NA,NA,NA,NA,NA,NA,NA,NA,NA,NA,NA,NA,NA,NA,NA,NA,NA,NA,NA,NA,NA,NA,NA,NA,NA,NA,NA,NA,NA,NA,NA,NA,NA,NA,NA,NA,NA,NA,NA,NA,NA,NA,NA,NA,NA,NA,NA,NA,NA,NA,NA,NA,NA,NA,NA,NA,NA,NA,NA,NA,NA,NA,NA,NA
28. Current users ever told about side effects of current method (%),29.6,29.7,47.9,50.1,24.7,31.5,55.1,51.2,53.4,33.2,33.6,56.3,61.4,23.1,21.7,31.3,28.9,21.7,19,21.7,21.1,19.1,23.6,20.5,22.4,45.5,44.6,15.7,16.4,77.3,72.6,10.8,16.3,48.6,52.5,50,42,44.9,65.9,67.6,50.6,55.8,47.9,51.4,68.8,60.3,65.9,61,23.5,21.8,31.4,33.7,26.2,24.8,65.8,63.1,56,56.2,45.4,48.8,17.4,21.8,47.6,46.7,66.2,42.7,47.1,24,22,38,35.5,36.5,26.2,23.5,25.2,26,29.3,30.7,18.6,19,18.6,18.5,22.5,22.7,54.3,52.6,50.1,52.9,28.4,25.8,23.3,24.4,22.5,20.6,22.4,22.7,44.1,42.1,55.5,57.4,64.8,61.5,30.4,28.9,29.4,NA,NA,NA,NA,NA,NA,NA,NA,NA,NA,NA,NA,NA,NA,NA,NA,NA,NA,NA,NA,NA,NA,NA,NA,NA,NA,NA,NA,NA,NA,NA,NA,NA,NA,NA,NA,NA,NA,NA,NA,NA,NA,NA,NA,NA,NA,NA,NA,NA,NA,NA,NA,NA,NA,NA,NA,NA,NA,NA,NA,NA,NA,NA,NA,NA,NA,NA,NA,NA,NA,NA,NA,NA,NA,NA,NA,NA,NA,NA,NA,NA,NA,NA,NA,NA,NA,NA,NA,NA,NA,NA,NA,NA,NA,NA,NA,NA,NA,NA,NA,NA,NA,NA,NA,NA
29. Mothers who had antenatal check-up in the first trimester (%),32.2,36.7,73,69,53.7,55.3,56.5,48.9,53.8,45.1,49.6,55,58.5,32.4,33.7,35,36.3,38.2,39.9,32.1,35.3,25.3,31.2,49.4,50.1,38.2,40.2,47.8,51.8,46.8,47.7,46.6,45.5,53.1,54.1,66.9,50.2,56.4,69.6,70.6,61.4,66.4,54.8,61.7,85.4,81.8,60.7,64.1,36.6,42.7,53.4,52.2,26.9,29.6,78.9,77.2,64.2,65.1,65.1,65.4,57.6,62,52.2,55.9,50.4,56.9,55.2,35.5,36.6,65.4,53.2,59.7,41.2,43.8,44.3,44.9,53.2,56.1,54.4,56.6,53.5,55.2,61.2,60.2,58,60.7,63.6,68.3,31,33,41.9,45,24.9,27.7,22.5,29.2,29,29.4,28,29.8,70.6,73,73.6,41.5,52.5,NA,NA,NA,NA,NA,NA,NA,NA,NA,NA,NA,NA,NA,NA,NA,NA,NA,NA,NA,NA,NA,NA,NA,NA,NA,NA,NA,NA,NA,NA,NA,NA,NA,NA,NA,NA,NA,NA,NA,NA,NA,NA,NA,NA,NA,NA,NA,NA,NA,NA,NA,NA,NA,NA,NA,NA,NA,NA,NA,NA,NA,NA,NA,NA,NA,NA,NA,NA,NA,NA,NA,NA,NA,NA,NA,NA,NA,NA,NA,NA,NA,NA,NA,NA,NA,NA,NA,NA,NA,NA,NA,NA,NA,NA,NA,NA,NA,NA,NA,NA,NA,NA,NA,NA,NA
30. Mothers who had at least 4 antenatal care visits (%),16,18.7,36,41.2,26.3,28,43,24.8,36.4,24.4,29.5,20.2,26,19.1,18.9,15,19.5,12.7,13.8,12.9,16.7,21.4,24.3,17.4,23.1,24,24.4,14.4,18.1,34.3,33,30.8,34.8,29,38.1,54.2,32.4,40.5,54.6,56.5,35.1,41.3,28.9,29.6,76.7,76.1,34.9,38.8,22.8,26.3,33.7,35.9,17,16.9,57.3,56.6,38,40.9,51.4,52.1,32.8,39.8,35.7,39.9,51.4,44.5,46.3,29.8,32.7,65.9,48.1,57.5,30.8,34.4,22,23.5,40,44.7,37.4,41.9,40.5,42,37.1,37.7,31.4,31.9,39.2,38.5,22.8,21.9,32.5,35.1,11,11.2,15,20.9,20.5,20.9,19.7,21.1,45,48.5,50.4,35.7,40.8,NA,NA,NA,NA,NA,NA,NA,NA,NA,NA,NA,NA,NA,NA,NA,NA,NA,NA,NA,NA,NA,NA,NA,NA,NA,NA,NA,NA,NA,NA,NA,NA,NA,NA,NA,NA,NA,NA,NA,NA,NA,NA,NA,NA,NA,NA,NA,NA,NA,NA,NA,NA,NA,NA,NA,NA,NA,NA,NA,NA,NA,NA,NA,NA,NA,NA,NA,NA,NA,NA,NA,NA,NA,NA,NA,NA,NA,NA,NA,NA,NA,NA,NA,NA,NA,NA,NA,NA,NA,NA,NA,NA,NA,NA,NA,NA,NA,NA,NA,NA,NA,NA,NA,NA,NA
31. Mothers whose last birth was protected against neonatal tetanus6 (%),92.8,93.6,98.2,98,91.7,92,94.7,93,94.1,90.7,91.6,91.9,93.2,81.6,81.9,81.1,82.2,78.8,77.6,86.9,85.9,84.9,86,86.2,85.8,88,88.9,90.4,90.8,88.7,89.6,83.5,84.8,85.1,87.8,92.3,89.8,90.7,97.4,96.2,94,94.6,83,84.7,96.4,97,94,94,69.9,73.3,90.8,91.7,83.4,85,96.1,96.8,96.2,95.2,95.2,96.4,93.3,93.7,90.7,91.6,97.9,94.4,95.3,91.3,90.8,96.2,90.5,93.5,82.6,83.7,88.6,89.1,89.7,91,91.9,90.7,97,97,95,94.8,94.9,95.9,93.4,93.8,87,88.1,90.7,91.8,83.6,84.5,67.2,71.6,81,81.4,67,68.9,94.9,95.9,95.6,87.2,90.1,NA,NA,NA,NA,NA,NA,NA,NA,NA,NA,NA,NA,NA,NA,NA,NA,NA,NA,NA,NA,NA,NA,NA,NA,NA,NA,NA,NA,NA,NA,NA,NA,NA,NA,NA,NA,NA,NA,NA,NA,NA,NA,NA,NA,NA,NA,NA,NA,NA,NA,NA,NA,NA,NA,NA,NA,NA,NA,NA,NA,NA,NA,NA,NA,NA,NA,NA,NA,NA,NA,NA,NA,NA,NA,NA,NA,NA,NA,NA,NA,NA,NA,NA,NA,NA,NA,NA,NA,NA,NA,NA,NA,NA,NA,NA,NA,NA,NA,NA,NA,NA,NA,NA,NA,NA
32. Mothers who consumed iron folic acid for 100 days or more when they were pregnant (%),20.9,21.7,15.4,18.2,21.7,23.3,36.1,28.3,33.3,14.3,16.3,15.2,16.5,13.4,14,14.2,16.5,16.5,16,17.7,17.5,18.4,21.1,14.9,17.1,14.8,13.7,13.5,16.4,19.8,22.8,9,14.6,16.1,23.1,25.6,15.3,19.1,27.8,28.6,21,25.2,15.5,14.1,36.7,34.6,22.1,24,17.7,20,15.8,17.2,14.7,15.2,37.8,37.1,20.2,20.4,20,23.2,23.6,26.8,17.7,21.6,37.7,22.8,26.7,25.7,29.4,49.7,36.1,43.3,28.9,33.5,16.8,18.9,23.9,27.6,36.7,37.5,39.9,37.4,34.5,33.2,20,21.2,14.6,18.1,20.8,20.4,32.8,30.7,9.9,10.2,17,18.9,18.8,19.5,11,12.7,34.8,34.4,32.7,26.8,28.8,NA,NA,NA,NA,NA,NA,NA,NA,NA,NA,NA,NA,NA,NA,NA,NA,NA,NA,NA,NA,NA,NA,NA,NA,NA,NA,NA,NA,NA,NA,NA,NA,NA,NA,NA,NA,NA,NA,NA,NA,NA,NA,NA,NA,NA,NA,NA,NA,NA,NA,NA,NA,NA,NA,NA,NA,NA,NA,NA,NA,NA,NA,NA,NA,NA,NA,NA,NA,NA,NA,NA,NA,NA,NA,NA,NA,NA,NA,NA,NA,NA,NA,NA,NA,NA,NA,NA,NA,NA,NA,NA,NA,NA,NA,NA,NA,NA,NA,NA,NA,NA,NA,NA,NA,NA
33. Mothers who had full antenatal care7 (%),5.7,7.2,4,7.4,5.6,7.5,17.1,10.3,14.6,3.1,5.1,4.4,7.2,2.6,3.2,2.4,4.6,2.4,2.5,3,3.2,6.8,8.2,5.4,7.6,3.8,3.6,3.6,6.5,10.6,10.6,3.5,7.3,6.6,12.4,13,7.5,9.6,17.1,18.7,12.3,15,5,4.1,30,27.5,10.3,11.9,6.7,7.9,4.6,5.9,5.4,4.5,24.2,22.3,7.5,9.2,13.4,13.8,11.9,14.4,8.6,11.8,24.8,9.7,13.6,8.8,12.4,39.4,20.5,30.5,11.3,15.3,3.6,5.1,11.4,15.4,17.9,19.1,19.2,18.7,16.9,16,8.6,8.4,4.3,5.1,7,7.2,15.6,15.5,1.9,1.8,7.6,10.1,4.8,5.3,3.4,4.8,18.2,19.1,17.3,12.6,14.2,NA,NA,NA,NA,NA,NA,NA,NA,NA,NA,NA,NA,NA,NA,NA,NA,NA,NA,NA,NA,NA,NA,NA,NA,NA,NA,NA,NA,NA,NA,NA,NA,NA,NA,NA,NA,NA,NA,NA,NA,NA,NA,NA,NA,NA,NA,NA,NA,NA,NA,NA,NA,NA,NA,NA,NA,NA,NA,NA,NA,NA,NA,NA,NA,NA,NA,NA,NA,NA,NA,NA,NA,NA,NA,NA,NA,NA,NA,NA,NA,NA,NA,NA,NA,NA,NA,NA,NA,NA,NA,NA,NA,NA,NA,NA,NA,NA,NA,NA,NA,NA,NA,NA,NA,NA
34. Registered pregnancies for which the mother received Mother and Child Protection (MCP) card (%),93.3,93.2,94.9,95.2,93.1,94,93,88.7,91.5,87.6,89.5,92.6,94.1,85.3,85.5,80.4,81.3,83.5,84.1,92.9,92.7,90.1,89.6,93.6,91.7,93.3,94.5,88,90,95.5,94.7,92.9,89.3,91.1,90,95,92.8,93.6,99.1,99.3,97.3,97.5,97.9,96.4,97.4,97.7,91,90.8,89.6,91,95.6,96.3,89.7,89.8,96.1,96.9,97.8,97.9,98.5,98.9,88.9,91,85.2,86.8,93.2,95,94.5,88.6,88.9,90.5,95.3,92.9,90.8,90.7,89.2,89.8,89,90,93.8,94.8,99.1,98.6,95.2,94.8,91.9,93.2,94.2,94.5,82.6,83.3,87.5,88.4,79.2,79.9,72,75.1,78.4,79.4,56.8,59.3,95.9,96.3,94.4,87.7,90.2,NA,NA,NA,NA,NA,NA,NA,NA,NA,NA,NA,NA,NA,NA,NA,NA,NA,NA,NA,NA,NA,NA,NA,NA,NA,NA,NA,NA,NA,NA,NA,NA,NA,NA,NA,NA,NA,NA,NA,NA,NA,NA,NA,NA,NA,NA,NA,NA,NA,NA,NA,NA,NA,NA,NA,NA,NA,NA,NA,NA,NA,NA,NA,NA,NA,NA,NA,NA,NA,NA,NA,NA,NA,NA,NA,NA,NA,NA,NA,NA,NA,NA,NA,NA,NA,NA,NA,NA,NA,NA,NA,NA,NA,NA,NA,NA,NA,NA,NA,NA,NA,NA,NA,NA,NA
35. Mothers who received postnatal care from a doctor/nurse/LHV/ANM/midwife/other health personnel within 2 days of delivery (%),24.1,27.3,66,67.2,41.2,45.7,76.4,55.5,68.9,55.6,58.7,57.4,61.9,43.6,44.1,47.8,50.1,43.7,45.4,43.7,45.4,29.3,31.6,52,53.9,49.4,53.7,60.3,64.5,69.6,70.1,54.9,55.8,54.6,58.2,63.1,51.9,56.1,44.2,49.1,72.9,77.9,65.7,70,70.6,67.4,53.1,54.2,38.5,42.6,50.1,52.8,30,32.5,63.2,58.7,67.8,67.7,57.4,60.2,51.1,56.3,62,66.2,80.7,71.2,73.7,56.9,61.3,66.7,56.9,62.1,52,57.1,44.1,45.1,48.1,52.1,51.3,52.7,55.8,54.9,51,52.3,54.3,57.2,65.4,70,34.9,35.2,51.5,53.4,24.5,25.3,27.8,32.4,48.9,51.2,40.6,44.1,51.8,56.1,70.3,52.3,58.4,NA,NA,NA,NA,NA,NA,NA,NA,NA,NA,NA,NA,NA,NA,NA,NA,NA,NA,NA,NA,NA,NA,NA,NA,NA,NA,NA,NA,NA,NA,NA,NA,NA,NA,NA,NA,NA,NA,NA,NA,NA,NA,NA,NA,NA,NA,NA,NA,NA,NA,NA,NA,NA,NA,NA,NA,NA,NA,NA,NA,NA,NA,NA,NA,NA,NA,NA,NA,NA,NA,NA,NA,NA,NA,NA,NA,NA,NA,NA,NA,NA,NA,NA,NA,NA,NA,NA,NA,NA,NA,NA,NA,NA,NA,NA,NA,NA,NA,NA,NA,NA,NA,NA,NA,NA
36. Mothers who received financial assistance under Janani Suraksha Yojana (JSY) for births delivered in an institution (%),73.8,72.8,79.1,75.3,76.6,74.1,51.9,66,56.4,69.9,65.2,75.2,76.2,50.3,51.2,64.7,61.2,75,72.8,66.4,67.9,80.1,74.7,69.1,67,67.6,64.6,78.2,76.3,58.1,53.1,61.2,62.1,64.1,52.4,35.5,44,40.7,72.8,68.1,60.3,58.3,58.3,57.2,30.3,33.4,71.6,65,72.2,65.6,67.1,60.6,56.6,58.4,45.5,51.6,64.2,62.6,68.5,67.9,61.3,55,68.5,65.5,59.2,68,65.5,57,49,45.9,76.5,59.5,43.1,41.7,75.8,73.9,75.3,66,61.6,60.8,73.4,71.3,66.7,65.6,76,76.7,71.3,69.7,81.1,78.8,73.6,67.2,70.7,69.9,60.2,50.3,50.7,50.4,66.5,63.9,84.2,81.1,44.6,59.7,53.4,NA,NA,NA,NA,NA,NA,NA,NA,NA,NA,NA,NA,NA,NA,NA,NA,NA,NA,NA,NA,NA,NA,NA,NA,NA,NA,NA,NA,NA,NA,NA,NA,NA,NA,NA,NA,NA,NA,NA,NA,NA,NA,NA,NA,NA,NA,NA,NA,NA,NA,NA,NA,NA,NA,NA,NA,NA,NA,NA,NA,NA,NA,NA,NA,NA,NA,NA,NA,NA,NA,NA,NA,NA,NA,NA,NA,NA,NA,NA,NA,NA,NA,NA,NA,NA,NA,NA,NA,NA,NA,NA,NA,NA,NA,NA,NA,NA,NA,NA,NA,NA,NA,NA,NA,NA
37. Average out of pocket expenditure per delivery in public health facility (Rs.),618,612,587,566,749,717,1846,1256,1623,905,1063,1574,1637,2538,2274,1174,1209,1285,1255,2213,2198,1611,1711,4242,3568,948,1377,917,886,1161,1211,1054,1225,1592,1354,2064,1868,1933,930,1114,867,1586,1614,1495,1902,1804,663,698,680,874,1608,1586,1958,1913,1782,1497,1071,951,981,1020,722,793,2158,1870,1688,838,1053,1439,4229,1877,731,1252,1761,1636,552,582,626,751,1107,1251,688,649,1585,1613,1120,1044,978,864,943,1067,876,870,915,884,567,1192,935,927,760,754,772,753,845,446,592,NA,NA,NA,NA,NA,NA,NA,NA,NA,NA,NA,NA,NA,NA,NA,NA,NA,NA,NA,NA,NA,NA,NA,NA,NA,NA,NA,NA,NA,NA,NA,NA,NA,NA,NA,NA,NA,NA,NA,NA,NA,NA,NA,NA,NA,NA,NA,NA,NA,NA,NA,NA,NA,NA,NA,NA,NA,NA,NA,NA,NA,NA,NA,NA,NA,NA,NA,NA,NA,NA,NA,NA,NA,NA,NA,NA,NA,NA,NA,NA,NA,NA,NA,NA,NA,NA,NA,NA,NA,NA,NA,NA,NA,NA,NA,NA,NA,NA,NA,NA,NA,NA,NA,NA,NA
38. Children born at home who were taken to a health facility for check-up within 24 hours of birth (%),0,0,NA,NA,2.7,2.2,NA,1.4,7.7,0,0,2.1,2,0,0,0,0,3.6,3.5,3.3,2.9,0,0,9.7,8,0,2.1,6.8,6.6,3.5,3.2,2.9,2.4,2.6,2.4,NA,2.1,2.8,NA,NA,NA,NA,1.8,1.5,NA,NA,0,0,3.1,3.1,0,0,1.2,1.1,NA,NA,0,0,1.6,1.5,2.8,2.7,0,0,NA,0,0,5.8,5.7,NA,2.5,1.7,0,0,1.7,1.6,1.1,1.1,2.9,2.7,0,0,2.3,2.2,3.3,3.2,0,0,0,0,5.7,5,2.4,2.3,1,0.9,7.4,7.3,2,2,0,0,NA,0,0,NA,NA,NA,NA,NA,NA,NA,NA,NA,NA,NA,NA,NA,NA,NA,NA,NA,NA,NA,NA,NA,NA,NA,NA,NA,NA,NA,NA,NA,NA,NA,NA,NA,NA,NA,NA,NA,NA,NA,NA,NA,NA,NA,NA,NA,NA,NA,NA,NA,NA,NA,NA,NA,NA,NA,NA,NA,NA,NA,NA,NA,NA,NA,NA,NA,NA,NA,NA,NA,NA,NA,NA,NA,NA,NA,NA,NA,NA,NA,NA,NA,NA,NA,NA,NA,NA,NA,NA,NA,NA,NA,NA,NA,NA,NA,NA,NA,NA,NA,NA,NA,NA,NA,NA,NA
39. Children who received postnatal care from a doctor/nurse/LHV/ANM/midwife/other health personnel within 2 days of delivery (%),8.5,11,22.4,19,13,13.1,20,17.8,19.2,9.2,10.3,17.7,19.1,9.3,8.9,5.1,5.7,21.2,21.4,20.7,20.8,4.2,3.9,24.6,27.8,10.7,12.4,31.2,33.4,37.9,36.7,19.2,20.3,18.7,21.1,17,16.4,16.7,8.8,9.4,26.5,26.8,26.9,28,14.6,13.6,16.9,15,19.4,18.5,12.2,15.7,5.2,4.3,16.6,14.9,18.6,20.8,19.6,23.4,27,30.4,24.8,26.3,23.7,17.9,19.4,15.9,14.3,19,23.6,21.1,14.3,17.3,14.7,15.4,20.9,22.1,25.9,24,23.6,21.7,15.9,16.6,15.3,18.1,18.3,19.8,3.8,4.2,20.3,18.4,2,1.9,11.7,13,16.5,17.3,15.6,16.5,12.7,16.8,15.3,16.3,16,NA,NA,NA,NA,NA,NA,NA,NA,NA,NA,NA,NA,NA,NA,NA,NA,NA,NA,NA,NA,NA,NA,NA,NA,NA,NA,NA,NA,NA,NA,NA,NA,NA,NA,NA,NA,NA,NA,NA,NA,NA,NA,NA,NA,NA,NA,NA,NA,NA,NA,NA,NA,NA,NA,NA,NA,NA,NA,NA,NA,NA,NA,NA,NA,NA,NA,NA,NA,NA,NA,NA,NA,NA,NA,NA,NA,NA,NA,NA,NA,NA,NA,NA,NA,NA,NA,NA,NA,NA,NA,NA,NA,NA,NA,NA,NA,NA,NA,NA,NA,NA,NA,NA,NA,NA
40. Institutional births (%),75.2,77.2,91.9,93.5,81.4,85.6,93.8,79.3,88,82.6,84.5,84.8,86.9,79.5,81,79.7,81.4,71.9,74.4,72.9,77.6,63.5,70,80.4,80.7,79.7,81.6,82.6,84.5,83.7,86.7,86.6,88.2,81.4,86.2,92.3,87,88.9,96.1,96.1,90.1,92.4,75.7,78,96.1,94.7,70.7,74.3,45.9,50.7,86.6,88.6,67.7,73.7,94.2,91.7,86.7,88.3,80.7,84.7,71.6,76,75.8,79.7,98,86,88.8,75.6,78.4,92.3,84.2,88.3,83.3,85.8,54.7,55.8,54.5,59.2,83.4,86.1,84.1,86,82.1,83.7,87.6,90.1,78.8,82.3,71.6,71.9,75.2,77.1,59.4,61.2,38.1,43.5,73.2,74.5,48.2,50.5,79.2,81.8,93.8,67.6,76.2,NA,NA,NA,NA,NA,NA,NA,NA,NA,NA,NA,NA,NA,NA,NA,NA,NA,NA,NA,NA,NA,NA,NA,NA,NA,NA,NA,NA,NA,NA,NA,NA,NA,NA,NA,NA,NA,NA,NA,NA,NA,NA,NA,NA,NA,NA,NA,NA,NA,NA,NA,NA,NA,NA,NA,NA,NA,NA,NA,NA,NA,NA,NA,NA,NA,NA,NA,NA,NA,NA,NA,NA,NA,NA,NA,NA,NA,NA,NA,NA,NA,NA,NA,NA,NA,NA,NA,NA,NA,NA,NA,NA,NA,NA,NA,NA,NA,NA,NA,NA,NA,NA,NA,NA,NA
41. Institutional births in public facility (%),69.1,70.8,83.8,81.9,74.4,78.3,66.6,71,68.4,75.1,73.1,82.3,83.2,67.5,68.6,74.1,73.4,68.2,69.3,67.2,69.8,60.3,63,74.7,72.6,76.4,75.6,80.7,80,74.3,73.2,79,79.8,78.4,78.3,66.1,78.9,74.4,90,88.4,76.7,73.8,66.1,65.4,46.9,50.6,64.9,64.7,43.8,46.1,80,77.5,62.7,68.5,65.5,68,78.8,77.7,69.8,72.5,65.5,62.7,65.7,66.3,78.3,77.4,77.6,72,68.2,57.3,78.8,68,68.8,67.3,53.3,53.4,52.3,53.9,80.4,79.2,79.3,76.9,74.2,73.4,83.6,86.1,75.8,75.9,70.5,70.1,72.1,70.2,56.2,57.5,37,38.4,65.5,66,45.5,46,76.8,76.4,63.2,56.6,58.8,NA,NA,NA,NA,NA,NA,NA,NA,NA,NA,NA,NA,NA,NA,NA,NA,NA,NA,NA,NA,NA,NA,NA,NA,NA,NA,NA,NA,NA,NA,NA,NA,NA,NA,NA,NA,NA,NA,NA,NA,NA,NA,NA,NA,NA,NA,NA,NA,NA,NA,NA,NA,NA,NA,NA,NA,NA,NA,NA,NA,NA,NA,NA,NA,NA,NA,NA,NA,NA,NA,NA,NA,NA,NA,NA,NA,NA,NA,NA,NA,NA,NA,NA,NA,NA,NA,NA,NA,NA,NA,NA,NA,NA,NA,NA,NA,NA,NA,NA,NA,NA,NA,NA,NA,NA
42. Home delivery conducted by skilled health personnel (out of total deliveries) (%),1.1,1.1,0.5,0.7,3.1,2,2.2,3,2.5,1,0.9,1.3,1.1,2.5,2.1,1.6,2.2,2.2,2,4.8,4.2,3.4,2.7,3.7,3.6,3.2,3,3.6,3.3,4.4,3.5,2.8,2.8,2,2,0.8,2.3,1.8,0.6,1.1,0.3,0.3,1,1.3,1.2,1,2.6,2.2,3.1,2.8,3.7,3.1,0.9,0.9,2.3,2.6,2.3,1.9,2.3,1.8,2.6,2.4,1.3,1,1.4,2.6,2.3,5.4,4.8,1.6,0.8,1.2,2.9,2.4,4.2,4.4,5.5,4.9,1.8,1.9,1.8,1.6,4.3,3.9,1.4,1,2.4,1.9,2.2,2,3.3,3.8,2.7,2.7,5.4,5,4.3,4.2,2.6,2.5,0.9,1.2,1.9,2.4,2.2,NA,NA,NA,NA,NA,NA,NA,NA,NA,NA,NA,NA,NA,NA,NA,NA,NA,NA,NA,NA,NA,NA,NA,NA,NA,NA,NA,NA,NA,NA,NA,NA,NA,NA,NA,NA,NA,NA,NA,NA,NA,NA,NA,NA,NA,NA,NA,NA,NA,NA,NA,NA,NA,NA,NA,NA,NA,NA,NA,NA,NA,NA,NA,NA,NA,NA,NA,NA,NA,NA,NA,NA,NA,NA,NA,NA,NA,NA,NA,NA,NA,NA,NA,NA,NA,NA,NA,NA,NA,NA,NA,NA,NA,NA,NA,NA,NA,NA,NA,NA,NA,NA,NA,NA,NA
43. Births assisted by a doctor/nurse/LHV/ANM/other health personnel (%),76.3,78.3,85.7,85.2,83.5,86.7,94.7,81.7,89.5,78.4,80.6,86.1,87.9,69.4,70.2,71.5,74.5,69.9,72.3,66.9,69.9,60,65.9,82.4,82.9,77,76.9,83.6,84.9,77,80.5,86.5,88.4,75.9,82.1,89.1,85.5,86.8,96.2,96.6,80.7,84.9,68.9,68.1,97.2,95.2,71.4,73.9,47.5,52,89.4,91,55.6,60.6,96.5,94.3,79.1,81.2,83,86.4,73,76.1,74.3,78.5,95.2,79.1,82.8,75.4,75.5,90,80.8,85.4,74.9,76.4,52.6,54.1,55.9,60.1,77.5,79.2,80.4,82.7,82.1,83.8,87.9,90.4,68,69.7,72.7,71.2,73.3,73.9,56.5,57.7,39.8,44.8,67.5,69,47.9,50,79.7,82.6,94.9,68.1,76.9,NA,NA,NA,NA,NA,NA,NA,NA,NA,NA,NA,NA,NA,NA,NA,NA,NA,NA,NA,NA,NA,NA,NA,NA,NA,NA,NA,NA,NA,NA,NA,NA,NA,NA,NA,NA,NA,NA,NA,NA,NA,NA,NA,NA,NA,NA,NA,NA,NA,NA,NA,NA,NA,NA,NA,NA,NA,NA,NA,NA,NA,NA,NA,NA,NA,NA,NA,NA,NA,NA,NA,NA,NA,NA,NA,NA,NA,NA,NA,NA,NA,NA,NA,NA,NA,NA,NA,NA,NA,NA,NA,NA,NA,NA,NA,NA,NA,NA,NA,NA,NA,NA,NA,NA,NA
44. Births delivered by caesarean section (%),7.2,7.5,3.3,6.1,3.9,4.9,21.4,5.7,15.2,4,7.2,2.9,6.2,7,7.6,3.7,5.9,4.5,4.7,6.9,7.9,3.9,5.8,6.6,6.2,1.5,3.5,5.1,6.7,4.8,6.9,6.5,12.5,4.2,6.7,16.2,5.7,9.4,3.8,5,9.8,14.8,4.7,7.3,24.5,21.6,8.1,10.9,2.4,4.1,6.1,6.2,2.7,2.7,23.5,19.4,6.7,8.6,8.5,9.5,5.9,9.9,9.6,13,23,8.4,11.8,3.2,8.4,32.4,4.7,18.7,7.5,9.7,1.1,1.1,2.3,5,6.6,8.8,4,7.5,11.9,14.7,3.5,3.9,2.7,4.8,4.6,6.2,3.8,5.9,2.4,2.6,0.9,3.7,3.2,3.5,0.6,1.6,7.6,9.7,19.1,6.6,10.7,NA,NA,NA,NA,NA,NA,NA,NA,NA,NA,NA,NA,NA,NA,NA,NA,NA,NA,NA,NA,NA,NA,NA,NA,NA,NA,NA,NA,NA,NA,NA,NA,NA,NA,NA,NA,NA,NA,NA,NA,NA,NA,NA,NA,NA,NA,NA,NA,NA,NA,NA,NA,NA,NA,NA,NA,NA,NA,NA,NA,NA,NA,NA,NA,NA,NA,NA,NA,NA,NA,NA,NA,NA,NA,NA,NA,NA,NA,NA,NA,NA,NA,NA,NA,NA,NA,NA,NA,NA,NA,NA,NA,NA,NA,NA,NA,NA,NA,NA,NA,NA,NA,NA,NA,NA
45. Births in a private health facility delivered by caesarean section (%),69.8,64.1,24.3,42.9,NA,36.3,48.8,45,48.2,NA,42.1,NA,NA,38.3,43.2,NA,26.8,NA,NA,NA,43.1,NA,52.3,NA,23.3,NA,19.2,NA,NA,20.2,18.1,NA,34,NA,5.5,39.4,44.6,41.3,NA,38,47,56.4,31.7,33.7,37.6,36.4,NA,50.2,NA,25.6,35.7,23.8,NA,24,46.6,46.8,46.3,45.9,35.7,34.8,NA,54.5,57.7,58.8,60,41.8,49.3,NA,69.9,54.9,NA,49.1,32.5,37.3,NA,NA,NA,NA,NA,39.8,NA,52.6,54.2,57.6,NA,NA,NA,48,NA,NA,NA,44,NA,NA,NA,43.9,26,27.7,NA,26.7,NA,49.9,38.3,37.4,37.9,NA,NA,NA,NA,NA,NA,NA,NA,NA,NA,NA,NA,NA,NA,NA,NA,NA,NA,NA,NA,NA,NA,NA,NA,NA,NA,NA,NA,NA,NA,NA,NA,NA,NA,NA,NA,NA,NA,NA,NA,NA,NA,NA,NA,NA,NA,NA,NA,NA,NA,NA,NA,NA,NA,NA,NA,NA,NA,NA,NA,NA,NA,NA,NA,NA,NA,NA,NA,NA,NA,NA,NA,NA,NA,NA,NA,NA,NA,NA,NA,NA,NA,NA,NA,NA,NA,NA,NA,NA,NA,NA,NA,NA,NA,NA,NA,NA,NA,NA,NA,NA,NA,NA,NA,NA
46. Births in a public health facility delivered by caesarean section (%),4.3,4.9,1.6,1.4,2.9,2.9,12.2,2.8,8.4,2.7,3.4,2.3,5.4,3.5,3.2,3.6,5.2,2.9,2.6,6.5,6.5,2.6,3.4,6.6,5.9,1.4,3.1,4.3,5.3,3.9,6.1,5.3,12,4.9,8,8.9,2.7,4.6,1.4,2.4,4.6,5.8,2.5,4.6,12.7,10.9,6.7,9.4,4,6.4,4.7,4.6,2.2,2.2,15.5,12.2,3.9,4.9,6.6,7.3,3.8,4.2,5.8,7.7,14.4,6.3,8.2,0.9,1.9,23,5.3,12.8,4,4.2,1,1,2,3.4,7.4,7.7,2.5,3.5,10.3,12,2.9,3.2,1.8,2.3,5.5,7.1,4.3,4.1,1.3,1.5,0,3.8,1.9,1.7,0.3,0.8,8,9.2,11.7,4.4,6.9,NA,NA,NA,NA,NA,NA,NA,NA,NA,NA,NA,NA,NA,NA,NA,NA,NA,NA,NA,NA,NA,NA,NA,NA,NA,NA,NA,NA,NA,NA,NA,NA,NA,NA,NA,NA,NA,NA,NA,NA,NA,NA,NA,NA,NA,NA,NA,NA,NA,NA,NA,NA,NA,NA,NA,NA,NA,NA,NA,NA,NA,NA,NA,NA,NA,NA,NA,NA,NA,NA,NA,NA,NA,NA,NA,NA,NA,NA,NA,NA,NA,NA,NA,NA,NA,NA,NA,NA,NA,NA,NA,NA,NA,NA,NA,NA,NA,NA,NA,NA,NA,NA,NA,NA,NA
47. Children age 12-23 months fully immunized (BCG measles and 3 doses each of polio/DPT) (%),45.7,48.7,61.4,60.6,52.4,51,51.4,54.4,52.5,48.2,53.2,60.6,63.1,32.6,34.4,42.7,41.1,26.2,26.6,53,52.7,53,55.9,49.5,52.4,47.8,52.8,65.8,67.1,42.7,47,38.9,43.5,43.8,45.2,60.1,55,56.8,67.6,71.7,64.5,60.3,62.3,65.6,60.5,57.8,62.7,64.2,38.3,41.8,41.6,42.7,38.9,45.7,62.5,62.3,55,60,76.1,78.5,68.3,69.1,45.8,48.6,58.1,46.6,49.5,45.7,46.7,61.8,73.6,67.5,48.5,54.2,48.5,49.4,51,55.1,57.5,64.3,52.9,57.1,60.7,64.6,61.3,65.1,30.7,37.2,39.2,40.3,54,57.8,33.3,34.4,39.8,42.2,19.9,25,22.1,22.6,53.9,58.7,57.3,36.1,43.3,NA,NA,NA,NA,NA,NA,NA,NA,NA,NA,NA,NA,NA,NA,NA,NA,NA,NA,NA,NA,NA,NA,NA,NA,NA,NA,NA,NA,NA,NA,NA,NA,NA,NA,NA,NA,NA,NA,NA,NA,NA,NA,NA,NA,NA,NA,NA,NA,NA,NA,NA,NA,NA,NA,NA,NA,NA,NA,NA,NA,NA,NA,NA,NA,NA,NA,NA,NA,NA,NA,NA,NA,NA,NA,NA,NA,NA,NA,NA,NA,NA,NA,NA,NA,NA,NA,NA,NA,NA,NA,NA,NA,NA,NA,NA,NA,NA,NA,NA,NA,NA,NA,NA,NA,NA
48. Children age 12-23 months who have received BCG (%),92.9,93.8,92.8,92.3,92.4,91.7,100,96,98.5,93,94.1,92.9,94.1,89.2,89.1,86.9,88.5,67.4,67.7,82.9,85.4,90,90.5,90.5,92,93.4,94.3,93.7,94.6,89.6,88.6,85.3,83.8,92.4,92.2,93.4,91.1,91.9,96.1,97.1,95.4,92.9,93,94.8,96.4,97,90.9,91,75,77.3,92.3,93.3,75.5,75.8,96.4,94.5,100,98.9,95.6,96.6,96.7,97.5,94.5,95.4,100,96.4,97.3,98.4,97.3,97.2,98.8,98,92.1,93.7,97.2,97.3,100,100,94.8,96,97.8,98,91.6,92.4,94.4,94.9,78.1,80.9,86.4,85.4,94.1,95.4,75.6,77.1,85,87.1,77.8,78.4,82.4,82.9,98.7,98.9,92.6,89.9,90.8,NA,NA,NA,NA,NA,NA,NA,NA,NA,NA,NA,NA,NA,NA,NA,NA,NA,NA,NA,NA,NA,NA,NA,NA,NA,NA,NA,NA,NA,NA,NA,NA,NA,NA,NA,NA,NA,NA,NA,NA,NA,NA,NA,NA,NA,NA,NA,NA,NA,NA,NA,NA,NA,NA,NA,NA,NA,NA,NA,NA,NA,NA,NA,NA,NA,NA,NA,NA,NA,NA,NA,NA,NA,NA,NA,NA,NA,NA,NA,NA,NA,NA,NA,NA,NA,NA,NA,NA,NA,NA,NA,NA,NA,NA,NA,NA,NA,NA,NA,NA,NA,NA,NA,NA,NA
49. Children age 12-23 months who have received 3 doses of polio vaccine (%),51.1,53.5,71,68.5,60.5,61.5,59.9,61,60.3,58.6,63.5,64.4,68.3,50.9,52.8,54.8,53.2,42.3,41.3,63.2,66.1,67.8,68.1,60.8,63.3,65.6,69.4,76.9,76.7,52.9,57.7,64.7,66.7,61.9,59.9,68.8,62.8,64.9,71.3,74.5,75.1,73,75.5,75.4,62.8,60.8,69.7,71.5,49.6,53.1,60.4,60.6,50.6,54.9,65.3,65.8,71.4,74.1,82.2,83.1,73.3,72.9,48,51.8,62.6,59.8,60.5,57.2,57.5,65.2,75.8,70.3,74.7,76.5,66.1,66.7,66.4,68.2,65.8,71.8,58.9,64,72.9,75.6,70.8,73.2,41.8,47.6,47.7,50.1,57.8,62.4,50,51.5,46.6,49.2,26.4,30.7,40.4,39.5,67.3,71,64,51.4,55.7,NA,NA,NA,NA,NA,NA,NA,NA,NA,NA,NA,NA,NA,NA,NA,NA,NA,NA,NA,NA,NA,NA,NA,NA,NA,NA,NA,NA,NA,NA,NA,NA,NA,NA,NA,NA,NA,NA,NA,NA,NA,NA,NA,NA,NA,NA,NA,NA,NA,NA,NA,NA,NA,NA,NA,NA,NA,NA,NA,NA,NA,NA,NA,NA,NA,NA,NA,NA,NA,NA,NA,NA,NA,NA,NA,NA,NA,NA,NA,NA,NA,NA,NA,NA,NA,NA,NA,NA,NA,NA,NA,NA,NA,NA,NA,NA,NA,NA,NA,NA,NA,NA,NA,NA,NA
50. Children age 12-23 months who have received 3 doses of DPT vaccine (%),65.8,69.2,70.6,69.8,76.1,78,78,77.9,78,67.8,71.3,79.5,79.9,43.3,45.7,51.7,53.7,51.3,51.1,68.1,66.7,67.4,72.5,78,80,70.3,72.4,77.2,78.3,61.3,66.4,57.8,59.3,62.1,65.1,76.4,67.9,70.8,84.6,87.1,86,85.2,90,88.8,72.6,73,68.6,71.7,51.1,55.7,66.2,67.2,55.1,58.5,88.2,86.3,75.8,78,89.7,90.3,87.8,90.8,69.6,72.8,87.7,69.3,73.9,83.9,83.7,84,93.4,88.6,82,84.4,70.7,71.3,77.4,80.7,85.6,87.1,92.2,93.2,90.3,91.3,69.8,73.4,55.8,59.1,72.6,74.5,79.3,80.7,61.5,59.7,61.7,67.4,42.8,46.2,35.2,37,71.3,74.9,84,59.6,67.9,NA,NA,NA,NA,NA,NA,NA,NA,NA,NA,NA,NA,NA,NA,NA,NA,NA,NA,NA,NA,NA,NA,NA,NA,NA,NA,NA,NA,NA,NA,NA,NA,NA,NA,NA,NA,NA,NA,NA,NA,NA,NA,NA,NA,NA,NA,NA,NA,NA,NA,NA,NA,NA,NA,NA,NA,NA,NA,NA,NA,NA,NA,NA,NA,NA,NA,NA,NA,NA,NA,NA,NA,NA,NA,NA,NA,NA,NA,NA,NA,NA,NA,NA,NA,NA,NA,NA,NA,NA,NA,NA,NA,NA,NA,NA,NA,NA,NA,NA,NA,NA,NA,NA,NA,NA
51. Children age 12-23 months who have received measles vaccine (%),82.8,85,87,82,87,82.4,78.9,79.8,79.2,80.2,81.7,82,81.9,60.4,63,66.4,67.2,49.9,49.9,70.7,72.9,80,76.3,83.6,84.7,79.2,82,84.9,85.9,69.3,71.4,58.2,63.3,60.3,64.1,91.1,86.8,88.3,90.3,92.8,83.2,79.5,82.4,85.7,86,82.9,88.6,86.6,60.9,62.3,67.2,71.2,62.2,65.4,93.3,89.5,85.2,86.1,91.1,91.4,95,96.2,89.9,88.6,90.2,75.2,79,85.8,85.4,85.5,94.8,90,69.6,75.6,85,85.3,88.9,90.5,91.6,92.4,90.3,89.8,84.4,85.9,78.4,80.7,54.9,59.6,80.8,80.7,90.4,90.8,60.8,63.8,69.5,73.5,70.3,71.7,57.7,60,89.9,89.9,79.2,65.3,70,NA,NA,NA,NA,NA,NA,NA,NA,NA,NA,NA,NA,NA,NA,NA,NA,NA,NA,NA,NA,NA,NA,NA,NA,NA,NA,NA,NA,NA,NA,NA,NA,NA,NA,NA,NA,NA,NA,NA,NA,NA,NA,NA,NA,NA,NA,NA,NA,NA,NA,NA,NA,NA,NA,NA,NA,NA,NA,NA,NA,NA,NA,NA,NA,NA,NA,NA,NA,NA,NA,NA,NA,NA,NA,NA,NA,NA,NA,NA,NA,NA,NA,NA,NA,NA,NA,NA,NA,NA,NA,NA,NA,NA,NA,NA,NA,NA,NA,NA,NA,NA,NA,NA,NA,NA
52. Children age 12-23 months who have received 3 doses of Hepatitis B vaccine (%),49.3,51.9,65.9,66.4,64.1,58.3,58,58,58,44.8,51.7,62.7,64.8,29.3,31.4,34,34.4,33.7,33.4,50.2,49.9,50.4,54,52.6,57.5,51.3,55.8,69.7,71.9,44.5,51.4,47.9,51.1,43.7,49.2,65.2,49.5,54.9,63.2,68.4,73.2,70.5,66.6,69.7,55,54.1,62.5,66.5,42.3,44.7,51.1,51.1,41.9,42.7,57.7,57.2,59.9,63.3,74.9,76.3,66.7,68.9,48.5,50.9,66.1,51.6,55.2,49.5,49.1,64.3,64.7,64.5,63.6,66.4,52.8,53.7,53.1,56.9,73.5,77.7,60.7,63.9,74.2,76.8,57.8,64.4,38.6,43.7,39.3,41.7,59.1,61.8,43.8,44.6,46.2,49.2,19.7,23.8,24.3,24.6,62,66.6,61,36,44.5,NA,NA,NA,NA,NA,NA,NA,NA,NA,NA,NA,NA,NA,NA,NA,NA,NA,NA,NA,NA,NA,NA,NA,NA,NA,NA,NA,NA,NA,NA,NA,NA,NA,NA,NA,NA,NA,NA,NA,NA,NA,NA,NA,NA,NA,NA,NA,NA,NA,NA,NA,NA,NA,NA,NA,NA,NA,NA,NA,NA,NA,NA,NA,NA,NA,NA,NA,NA,NA,NA,NA,NA,NA,NA,NA,NA,NA,NA,NA,NA,NA,NA,NA,NA,NA,NA,NA,NA,NA,NA,NA,NA,NA,NA,NA,NA,NA,NA,NA,NA,NA,NA,NA,NA,NA
53. Children age 9-59 months who received a vitamin A dose in last 6 months (%),57.9,58.1,55.8,54.8,58.3,56.8,62.2,63,62.5,42.3,43.5,55,55.1,50.5,52,50.2,53.1,47.1,49,47.3,47.9,46.9,50,58.2,60.4,63.1,63.4,59.7,60.9,67.6,67.6,51.9,55.3,62.2,67.6,82.2,68.1,72.9,44.5,48.5,64.3,65.8,64.5,70.6,62.4,64.5,79.9,80.8,49,51.7,46.2,49.1,41.1,41.5,54.6,53.3,61.3,64.3,73.4,74.1,67.9,71.7,69.3,69.8,75.6,67.4,69.3,71,69.2,67,70.6,68.8,62.5,64,59.6,58.7,66.6,67.6,68.3,71.1,67.6,68.3,61,61.8,57.6,59.9,61.2,61.4,53.6,51.6,65,66.7,46.7,47,48.6,51.7,49.6,51.5,53.6,54.8,74.9,77.8,63.1,51.7,55.6,NA,NA,NA,NA,NA,NA,NA,NA,NA,NA,NA,NA,NA,NA,NA,NA,NA,NA,NA,NA,NA,NA,NA,NA,NA,NA,NA,NA,NA,NA,NA,NA,NA,NA,NA,NA,NA,NA,NA,NA,NA,NA,NA,NA,NA,NA,NA,NA,NA,NA,NA,NA,NA,NA,NA,NA,NA,NA,NA,NA,NA,NA,NA,NA,NA,NA,NA,NA,NA,NA,NA,NA,NA,NA,NA,NA,NA,NA,NA,NA,NA,NA,NA,NA,NA,NA,NA,NA,NA,NA,NA,NA,NA,NA,NA,NA,NA,NA,NA,NA,NA,NA,NA,NA,NA
54. Children age 12-23 months who received most of the vaccinations in public health facility (%),100,100,100,100,100,98.7,87.9,100,92.3,100,98.7,100,99,96.2,96.6,97.3,97.8,89,90,97.5,97.1,100,97.9,98.1,94.6,95.2,95.9,98.3,95.7,100,100,96.7,96.3,98.1,97,91.2,96.9,94.9,100,96.8,98.4,98.9,98.6,94.9,68.7,74.1,100,100,95.6,95.1,100,100,100,100,87,88.7,98.4,97.6,98.6,96,93.7,91.7,100,100,96.5,99,98.4,97.1,97.3,76.7,100,88,92.2,93.8,100,100,100,98.3,100,100,100,98.7,100,100,98.5,98.8,98.1,98.5,100,100,97.5,98.1,96.7,95.4,95.5,96.4,100,99,98.2,97.5,98.7,98.9,95.7,95.7,95.7,NA,NA,NA,NA,NA,NA,NA,NA,NA,NA,NA,NA,NA,NA,NA,NA,NA,NA,NA,NA,NA,NA,NA,NA,NA,NA,NA,NA,NA,NA,NA,NA,NA,NA,NA,NA,NA,NA,NA,NA,NA,NA,NA,NA,NA,NA,NA,NA,NA,NA,NA,NA,NA,NA,NA,NA,NA,NA,NA,NA,NA,NA,NA,NA,NA,NA,NA,NA,NA,NA,NA,NA,NA,NA,NA,NA,NA,NA,NA,NA,NA,NA,NA,NA,NA,NA,NA,NA,NA,NA,NA,NA,NA,NA,NA,NA,NA,NA,NA,NA,NA,NA,NA,NA,NA
55. Children age 12-23 months who received most of the vaccinations in private health facility (%),0,0,0,0,0,0,12.1,0,7.7,0,1.3,0,1,2.1,1.9,1.3,1,4.1,3.7,2.5,2.9,0,2.1,1.9,5.4,1.6,1.3,1.7,4.3,0,0,3.3,2.4,2,3,8.8,3.1,5.1,0,3.2,1.6,1.2,1.5,5.1,31.3,25.9,0,0,0,1,0,0,0,0,13,11.3,1.6,2.4,0,3,4.2,6.7,0,0,3.6,1,1.6,2.9,2.7,22.3,0,11.4,7.8,6.2,0,0,0,1.7,0,0,0,1.3,0,0,0,0,0,0,0,0,2.5,1.9,1.7,3.1,0,0,0,1,0.9,1.6,0,0,4.3,4.3,4.3,NA,NA,NA,NA,NA,NA,NA,NA,NA,NA,NA,NA,NA,NA,NA,NA,NA,NA,NA,NA,NA,NA,NA,NA,NA,NA,NA,NA,NA,NA,NA,NA,NA,NA,NA,NA,NA,NA,NA,NA,NA,NA,NA,NA,NA,NA,NA,NA,NA,NA,NA,NA,NA,NA,NA,NA,NA,NA,NA,NA,NA,NA,NA,NA,NA,NA,NA,NA,NA,NA,NA,NA,NA,NA,NA,NA,NA,NA,NA,NA,NA,NA,NA,NA,NA,NA,NA,NA,NA,NA,NA,NA,NA,NA,NA,NA,NA,NA,NA,NA,NA,NA,NA,NA,NA
56. Prevalence of diarrhoea (reported) in the last 2 weeks preceding the survey (%),4.7,5.3,11.4,11.3,7.6,8.8,9.6,8.2,9.1,13.8,12.9,7.3,7.8,11.6,11.5,8.1,7.5,8,9.1,9.9,10.3,8.4,8.5,7.6,8.1,9.7,9.6,18.3,18.6,13.2,12.9,14.4,13.9,11.3,10.3,10,7.4,8.3,2.2,3.8,10.1,10,10.7,11,6,5.7,12.4,13.1,11.1,11.2,10.2,13,8.8,8.7,7.4,7.4,8.1,7.6,16.9,15.9,13.9,13.6,13,12.1,8,11.3,10.5,6.3,6.6,7.9,10.1,9,11.9,12.7,11.4,12.4,9.7,10.3,10.3,10.4,6.4,6.7,5.2,5.6,9.8,10.6,9.2,12.1,6.8,6.6,4.6,3.9,5.4,5.4,6.4,5.6,11.1,11.4,7.7,7.8,12.8,15,6.8,6.9,6.9,NA,NA,NA,NA,NA,NA,NA,NA,NA,NA,NA,NA,NA,NA,NA,NA,NA,NA,NA,NA,NA,NA,NA,NA,NA,NA,NA,NA,NA,NA,NA,NA,NA,NA,NA,NA,NA,NA,NA,NA,NA,NA,NA,NA,NA,NA,NA,NA,NA,NA,NA,NA,NA,NA,NA,NA,NA,NA,NA,NA,NA,NA,NA,NA,NA,NA,NA,NA,NA,NA,NA,NA,NA,NA,NA,NA,NA,NA,NA,NA,NA,NA,NA,NA,NA,NA,NA,NA,NA,NA,NA,NA,NA,NA,NA,NA,NA,NA,NA,NA,NA,NA,NA,NA,NA
57. Children with diarrhoea in the last 2 weeks who received oral rehydration salts (ORS) (%),NA,38.6,59.4,57.8,NA,63.9,51.2,49.8,50.7,52.1,49.9,43.5,47.2,43.6,46.7,47.7,51.8,34.3,32.9,58.6,61.6,57.5,57.1,NA,25.8,50,51.8,49.8,50.4,59.6,67.4,47.2,43.9,66.1,61.4,64,51.8,56.9,NA,NA,70.5,71.8,54.3,64,59.1,57.9,58.8,57.6,53.1,54,50,55.7,30.2,32.7,NA,71.2,56.7,61.3,37.7,39.9,43.9,45.5,74.1,68.6,NA,70.4,72.4,NA,NA,NA,55.8,58.5,60.8,63,59.3,55.3,59.2,63,40.6,49.1,NA,NA,NA,NA,54.6,50.6,68,77.8,NA,NA,NA,NA,NA,70.3,21.1,25.1,49.2,52.2,76.6,76.5,57.3,63.1,74.2,51.8,59.1,NA,NA,NA,NA,NA,NA,NA,NA,NA,NA,NA,NA,NA,NA,NA,NA,NA,NA,NA,NA,NA,NA,NA,NA,NA,NA,NA,NA,NA,NA,NA,NA,NA,NA,NA,NA,NA,NA,NA,NA,NA,NA,NA,NA,NA,NA,NA,NA,NA,NA,NA,NA,NA,NA,NA,NA,NA,NA,NA,NA,NA,NA,NA,NA,NA,NA,NA,NA,NA,NA,NA,NA,NA,NA,NA,NA,NA,NA,NA,NA,NA,NA,NA,NA,NA,NA,NA,NA,NA,NA,NA,NA,NA,NA,NA,NA,NA,NA,NA,NA,NA,NA,NA,NA,NA
58. Children with diarrhoea in the last 2 weeks who received zinc (%),NA,28.9,23.7,22.3,NA,25.1,16.9,17.9,17.3,27.3,27.1,29.7,26.2,18.9,18.8,23.6,25.3,32.2,34.2,34.8,32.5,23.9,23,NA,32,27.1,28.2,42.2,42.7,21.7,27.9,19.1,16.5,18.7,20.3,19.6,26.4,23.6,NA,NA,25.4,35.6,43.8,49.5,14.5,12,17.7,18.6,24.7,26.6,19.3,20.5,16.3,18.5,NA,38.9,67.5,71,25.1,23.4,24,20.4,58.6,52.8,NA,65.2,63.4,NA,NA,NA,8.5,17.9,20.3,15.8,17.7,15.6,24.7,24.2,10.8,11.2,NA,NA,NA,NA,34.1,24.1,51.6,62.2,NA,NA,NA,NA,NA,22.9,20.5,19.4,16.5,17.9,45.4,45.7,17.5,20.1,28.4,13.9,18.6,NA,NA,NA,NA,NA,NA,NA,NA,NA,NA,NA,NA,NA,NA,NA,NA,NA,NA,NA,NA,NA,NA,NA,NA,NA,NA,NA,NA,NA,NA,NA,NA,NA,NA,NA,NA,NA,NA,NA,NA,NA,NA,NA,NA,NA,NA,NA,NA,NA,NA,NA,NA,NA,NA,NA,NA,NA,NA,NA,NA,NA,NA,NA,NA,NA,NA,NA,NA,NA,NA,NA,NA,NA,NA,NA,NA,NA,NA,NA,NA,NA,NA,NA,NA,NA,NA,NA,NA,NA,NA,NA,NA,NA,NA,NA,NA,NA,NA,NA,NA,NA,NA,NA,NA,NA
59. Children with diarrhoea in the last 2 weeks taken to a health facility (%),NA,60.9,82.9,78.6,NA,70.9,67.5,70.3,68.5,75.6,69.3,58.2,58.7,71.9,71.5,47.7,49.4,51.4,51.4,76.4,65,57.6,62.8,NA,42.8,60.8,58.5,48.2,53.1,85.2,79.3,64,66.5,76.6,76.2,73.9,68.3,70.7,NA,NA,70.1,75.3,68.3,76.2,96,90.7,69.3,70.2,77.9,77.9,66.8,64.7,66.3,73.3,NA,74.7,86,87.5,71.7,73.4,52,55,83.2,78.8,NA,68.8,69.3,NA,NA,NA,82.5,72.5,64.6,59.8,58.2,57.3,52.8,47.8,62.2,65.9,NA,NA,NA,NA,74.7,73.8,64.9,75.8,NA,NA,NA,NA,NA,61.7,49.1,49.6,78.6,79.1,72.1,70.7,64.2,70.6,73,66.1,68.4,NA,NA,NA,NA,NA,NA,NA,NA,NA,NA,NA,NA,NA,NA,NA,NA,NA,NA,NA,NA,NA,NA,NA,NA,NA,NA,NA,NA,NA,NA,NA,NA,NA,NA,NA,NA,NA,NA,NA,NA,NA,NA,NA,NA,NA,NA,NA,NA,NA,NA,NA,NA,NA,NA,NA,NA,NA,NA,NA,NA,NA,NA,NA,NA,NA,NA,NA,NA,NA,NA,NA,NA,NA,NA,NA,NA,NA,NA,NA,NA,NA,NA,NA,NA,NA,NA,NA,NA,NA,NA,NA,NA,NA,NA,NA,NA,NA,NA,NA,NA,NA,NA,NA,NA,NA
60. Prevalence of symptoms of acute respiratory infection (ARI) in the last 2 weeks preceding the survey (%),0,0,1.8,1.2,0,0.3,0.3,0.7,0.5,0.6,0.5,1.4,1.1,4.9,5.3,4.8,4.3,4.4,4.2,8,6.2,1.5,2.6,3.1,3.4,2.7,2.7,2.9,3,3.8,5.1,5.2,4.6,4.8,3.6,2.1,2.7,2.5,0,0.6,2.2,1.9,3.9,3.3,0.2,0.2,3.2,3,1.9,1.9,0.6,0.5,1.9,2.3,0,0,1.6,1.5,2.5,1.9,3.5,2.9,3.3,2.9,1,1.9,1.7,2.5,2.5,0.3,0.5,0.4,4.9,4.6,1.6,1.9,1,0.9,0.7,0.6,3.2,2.8,1.2,1.7,1,0.8,1.9,3.5,2.9,2.5,3.7,2.9,2,2.1,1.9,1.6,2.1,2,1.8,1.9,1,1.4,1.1,2,1.7,NA,NA,NA,NA,NA,NA,NA,NA,NA,NA,NA,NA,NA,NA,NA,NA,NA,NA,NA,NA,NA,NA,NA,NA,NA,NA,NA,NA,NA,NA,NA,NA,NA,NA,NA,NA,NA,NA,NA,NA,NA,NA,NA,NA,NA,NA,NA,NA,NA,NA,NA,NA,NA,NA,NA,NA,NA,NA,NA,NA,NA,NA,NA,NA,NA,NA,NA,NA,NA,NA,NA,NA,NA,NA,NA,NA,NA,NA,NA,NA,NA,NA,NA,NA,NA,NA,NA,NA,NA,NA,NA,NA,NA,NA,NA,NA,NA,NA,NA,NA,NA,NA,NA,NA,NA
61. Children with fever or symptoms of ARI in the last 2 weeks preceding the survey taken to a health facility (%),NA,66.9,96.7,97.3,NA,NA,79.7,82,80.4,84.7,85.4,71.4,69.2,55.1,58.7,69.1,71.2,67.9,68.2,57.4,58,70.6,72.8,60,69.3,57.9,62.2,65.2,67.6,86.3,84.3,72.1,77,69,72.3,80.1,74.7,76.3,NA,NA,61.2,68.2,80.4,82.5,83,83.3,78.1,77.7,68.9,71.7,68.6,68.2,61.9,65.9,NA,NA,79.3,77,71.8,73.6,61,67.2,77.2,79.3,NA,72.4,73.4,53.8,55.4,NA,69.8,74.7,64.6,63,55.3,55.9,55.6,50.1,78.8,75.3,NA,NA,84,85.8,76,75.2,61.4,72.7,54,57.4,47.9,52.7,66.6,68.2,53.8,54,59.4,62.6,62.4,63.5,84.7,85.3,82.8,68.2,72.6,NA,NA,NA,NA,NA,NA,NA,NA,NA,NA,NA,NA,NA,NA,NA,NA,NA,NA,NA,NA,NA,NA,NA,NA,NA,NA,NA,NA,NA,NA,NA,NA,NA,NA,NA,NA,NA,NA,NA,NA,NA,NA,NA,NA,NA,NA,NA,NA,NA,NA,NA,NA,NA,NA,NA,NA,NA,NA,NA,NA,NA,NA,NA,NA,NA,NA,NA,NA,NA,NA,NA,NA,NA,NA,NA,NA,NA,NA,NA,NA,NA,NA,NA,NA,NA,NA,NA,NA,NA,NA,NA,NA,NA,NA,NA,NA,NA,NA,NA,NA,NA,NA,NA,NA,NA
62. Children under age 3 years breastfed within one hour of birth8 (%),43.2,44,35.6,38.5,40.8,44.1,25.8,28.9,26.9,33.5,32,37.5,41.9,34,32.3,38.9,37.9,31,32,26,25.5,48.5,46.5,33.3,33,46.3,44.8,35.8,37.2,22.4,21.4,37.9,36.4,8.3,19.1,19.8,18.5,19,21.5,22.7,29.1,25.3,15.8,20.9,23.4,21.9,20,17.8,34.9,34.8,34.1,35.5,47,46.6,14.6,18.3,31,31.1,41.7,41.9,47.6,49.2,27,30.3,24.9,40.5,36.7,48,47,46,52.5,49.2,28.8,30.9,38,36.8,53.6,53,36.9,37.4,46.9,46.3,52.3,52.2,45.1,41,30.5,32.8,54.8,56.6,45.1,43.8,48.7,49.3,34.4,33.5,21.6,21,26.5,25.5,30,30.6,45.2,40.7,42.2,NA,NA,NA,NA,NA,NA,NA,NA,NA,NA,NA,NA,NA,NA,NA,NA,NA,NA,NA,NA,NA,NA,NA,NA,NA,NA,NA,NA,NA,NA,NA,NA,NA,NA,NA,NA,NA,NA,NA,NA,NA,NA,NA,NA,NA,NA,NA,NA,NA,NA,NA,NA,NA,NA,NA,NA,NA,NA,NA,NA,NA,NA,NA,NA,NA,NA,NA,NA,NA,NA,NA,NA,NA,NA,NA,NA,NA,NA,NA,NA,NA,NA,NA,NA,NA,NA,NA,NA,NA,NA,NA,NA,NA,NA,NA,NA,NA,NA,NA,NA,NA,NA,NA,NA,NA
63. Children under age 6 months exclusively breastfed9 (%),60.6,63.5,NA,36.6,NA,33.3,32.4,18.8,26.4,70.7,63.9,69.1,69.9,63.1,59.8,66.5,68.9,61.2,55.5,65.1,60.4,71.9,69.6,55.2,55.7,46.4,46.3,NA,36.9,NA,60.3,93.1,95.1,79.1,72.3,58.1,57.3,57.6,49.1,53.9,72.3,64.7,72.7,72.1,63.8,61.3,59.7,62.8,72.8,71.4,51.6,51.4,78.9,71.7,NA,NA,43.6,43.1,47.5,52.4,NA,NA,51.1,51.2,40.5,34.8,36.5,72.5,72,51.1,NA,47.7,NA,84.3,35,35.5,NA,66.5,NA,60.8,60.7,64.6,68.6,67.6,51.6,52.5,27.5,30.2,NA,NA,66.8,61.3,75.7,72.7,55.4,59.8,55.4,55.8,58.8,58,45.5,46.1,47,49.3,48.7,NA,NA,NA,NA,NA,NA,NA,NA,NA,NA,NA,NA,NA,NA,NA,NA,NA,NA,NA,NA,NA,NA,NA,NA,NA,NA,NA,NA,NA,NA,NA,NA,NA,NA,NA,NA,NA,NA,NA,NA,NA,NA,NA,NA,NA,NA,NA,NA,NA,NA,NA,NA,NA,NA,NA,NA,NA,NA,NA,NA,NA,NA,NA,NA,NA,NA,NA,NA,NA,NA,NA,NA,NA,NA,NA,NA,NA,NA,NA,NA,NA,NA,NA,NA,NA,NA,NA,NA,NA,NA,NA,NA,NA,NA,NA,NA,NA,NA,NA,NA,NA,NA,NA,NA,NA
64. Children age 6-8 months receiving solid or semi-solid food and breastmilk9 (%),NA,21.4,NA,27.3,NA,NA,NA,31.6,40.7,NA,NA,NA,NA,NA,NA,NA,NA,30.5,30.5,NA,NA,NA,NA,NA,NA,NA,45.6,NA,NA,NA,NA,NA,19.6,NA,NA,NA,NA,39.4,NA,NA,NA,NA,35.1,47.8,59.4,60.9,NA,40.1,24.4,26.1,NA,NA,NA,NA,NA,NA,NA,NA,NA,22.5,NA,NA,NA,NA,NA,NA,26.8,NA,NA,NA,NA,49.2,NA,NA,NA,NA,NA,NA,NA,NA,NA,NA,NA,NA,NA,16.8,NA,NA,NA,NA,NA,NA,30.4,30.4,46.8,39.3,27.7,26.8,40.2,37.1,39.4,36,NA,NA,15.7,NA,NA,NA,NA,NA,NA,NA,NA,NA,NA,NA,NA,NA,NA,NA,NA,NA,NA,NA,NA,NA,NA,NA,NA,NA,NA,NA,NA,NA,NA,NA,NA,NA,NA,NA,NA,NA,NA,NA,NA,NA,NA,NA,NA,NA,NA,NA,NA,NA,NA,NA,NA,NA,NA,NA,NA,NA,NA,NA,NA,NA,NA,NA,NA,NA,NA,NA,NA,NA,NA,NA,NA,NA,NA,NA,NA,NA,NA,NA,NA,NA,NA,NA,NA,NA,NA,NA,NA,NA,NA,NA,NA,NA,NA,NA,NA,NA,NA,NA,NA,NA,NA,NA,NA,NA
65. Breastfeeding children age 6-23 months receiving an adequate diet9 10 (%),0,0.4,4.2,4.4,2.3,2.6,3.3,1.9,2.7,4.9,4.4,6.4,6.8,3.2,2.8,11.3,11.6,11.9,13.1,7.7,5.7,6.6,6.3,4.1,4.4,4.7,4.6,6.7,9,9.6,7.9,3.4,2.5,8.9,11.8,9.2,7.4,8,0,0.8,12.2,11.6,14.5,17.8,14.4,12,5.5,5.7,3.2,3.6,0,0,9,8.8,7,7.1,7.5,8.1,4.4,4.5,6.4,7.3,0.9,0.7,3.5,1.2,1.6,16.6,18,7.1,6.9,7,8.7,10.3,2,1.9,3.7,3.2,11.8,11.6,12.1,10.8,4.6,8.2,1.7,2.1,6.1,6.4,9.3,8.3,7.2,9.1,7,8.4,11.6,11.7,5.1,4.8,3.7,3.5,1.9,3,1.9,2.6,2.4,NA,NA,NA,NA,NA,NA,NA,NA,NA,NA,NA,NA,NA,NA,NA,NA,NA,NA,NA,NA,NA,NA,NA,NA,NA,NA,NA,NA,NA,NA,NA,NA,NA,NA,NA,NA,NA,NA,NA,NA,NA,NA,NA,NA,NA,NA,NA,NA,NA,NA,NA,NA,NA,NA,NA,NA,NA,NA,NA,NA,NA,NA,NA,NA,NA,NA,NA,NA,NA,NA,NA,NA,NA,NA,NA,NA,NA,NA,NA,NA,NA,NA,NA,NA,NA,NA,NA,NA,NA,NA,NA,NA,NA,NA,NA,NA,NA,NA,NA,NA,NA,NA,NA,NA,NA
66. Non-breastfeeding children age 6-23 months receiving an adequate diet9 10 (%),NA,NA,NA,NA,NA,NA,0,NA,0,NA,NA,NA,NA,NA,NA,NA,NA,NA,NA,NA,NA,NA,NA,NA,NA,NA,NA,NA,NA,NA,NA,NA,NA,NA,NA,NA,NA,6.3,NA,NA,NA,4.4,3.2,3.1,0.7,0.6,NA,NA,NA,NA,NA,NA,NA,NA,NA,NA,NA,NA,NA,NA,NA,NA,NA,NA,NA,NA,1.6,NA,NA,NA,NA,0,NA,NA,NA,NA,NA,NA,NA,NA,NA,NA,NA,NA,NA,NA,NA,NA,NA,NA,NA,NA,NA,NA,NA,NA,21.1,18.2,5.8,5.3,NA,NA,8.2,NA,12.1,NA,NA,NA,NA,NA,NA,NA,NA,NA,NA,NA,NA,NA,NA,NA,NA,NA,NA,NA,NA,NA,NA,NA,NA,NA,NA,NA,NA,NA,NA,NA,NA,NA,NA,NA,NA,NA,NA,NA,NA,NA,NA,NA,NA,NA,NA,NA,NA,NA,NA,NA,NA,NA,NA,NA,NA,NA,NA,NA,NA,NA,NA,NA,NA,NA,NA,NA,NA,NA,NA,NA,NA,NA,NA,NA,NA,NA,NA,NA,NA,NA,NA,NA,NA,NA,NA,NA,NA,NA,NA,NA,NA,NA,NA,NA,NA,NA,NA,NA,NA,NA,NA,NA,NA,NA
67. Total children age 6-23 months receiving an adequate diet9 10 (%),0.9,1.1,3.9,4,3,2.8,2.4,1.5,2.1,4.3,3.9,6.9,7.8,3.9,3.5,9.9,10.1,11.9,12.6,8,6.1,7.3,6.8,3.9,4.1,5.2,5,6.7,8.6,7.6,6.3,3.1,2.4,7.1,11,9.1,6.9,7.7,0,0.8,11,10.2,11.5,14.6,12.3,10.3,6.5,6.5,3.4,4.6,0,0,7.2,7.3,6.7,6.5,6.6,7.1,4.1,4,5.9,6.6,1.8,2.3,3.6,1,1.6,16.4,17.5,6.4,5.7,6,8,9.5,1.9,1.8,3.6,3.2,10.3,10.3,11.6,10.4,4.4,7.9,3.2,3,6.2,6.3,8.7,7.8,6.8,10.4,7,8.3,11.5,11.2,8.1,7.5,4,3.8,1.7,2.7,3.3,4.4,4,NA,NA,NA,NA,NA,NA,NA,NA,NA,NA,NA,NA,NA,NA,NA,NA,NA,NA,NA,NA,NA,NA,NA,NA,NA,NA,NA,NA,NA,NA,NA,NA,NA,NA,NA,NA,NA,NA,NA,NA,NA,NA,NA,NA,NA,NA,NA,NA,NA,NA,NA,NA,NA,NA,NA,NA,NA,NA,NA,NA,NA,NA,NA,NA,NA,NA,NA,NA,NA,NA,NA,NA,NA,NA,NA,NA,NA,NA,NA,NA,NA,NA,NA,NA,NA,NA,NA,NA,NA,NA,NA,NA,NA,NA,NA,NA,NA,NA,NA,NA,NA,NA,NA,NA,NA
68. Children under 5 years who are stunted11 (%),50.1,52.1,50.5,47.7,50.3,47.6,42.1,44.1,42.8,51.3,48.9,51,48.6,50,49.7,44.4,42.7,43.1,42.3,39.7,41,43.2,43.2,44.5,41.2,41.3,40.4,42.9,41.1,36.1,36.3,36.3,34,50.3,46.1,37.6,34.8,35.8,49.6,48.1,44.4,42,44.2,42.6,39.2,39.2,49.3,48.3,54.5,52,39.7,38.8,43.7,41.1,47.9,47.6,33,33.6,47.6,45.8,37.4,34.7,42.6,39.7,30.4,39.3,37.2,48.9,45.5,28.1,44.8,36.2,36.8,37.9,46.9,45.8,39.4,36.9,37.1,33.6,33.6,34.7,33.4,32.1,42.7,43.4,42.8,42.5,37.6,36.7,36.2,33.5,48.4,48.7,34.4,33,45.8,45.6,49.9,48.6,46.8,43.6,40,54.9,50,NA,NA,NA,NA,NA,NA,NA,NA,NA,NA,NA,NA,NA,NA,NA,NA,NA,NA,NA,NA,NA,NA,NA,NA,NA,NA,NA,NA,NA,NA,NA,NA,NA,NA,NA,NA,NA,NA,NA,NA,NA,NA,NA,NA,NA,NA,NA,NA,NA,NA,NA,NA,NA,NA,NA,NA,NA,NA,NA,NA,NA,NA,NA,NA,NA,NA,NA,NA,NA,NA,NA,NA,NA,NA,NA,NA,NA,NA,NA,NA,NA,NA,NA,NA,NA,NA,NA,NA,NA,NA,NA,NA,NA,NA,NA,NA,NA,NA,NA,NA,NA,NA,NA,NA,NA
69. Children under 5 years who are wasted11 (%),27.3,28.1,34.5,29.5,30.9,30.6,25.5,31.9,28,26.8,26.2,24.1,25.8,19.4,19.2,17.8,18.9,24.7,24,17.5,16.9,21.4,21,26,26.6,18,18,26.9,27.4,27.7,24.6,22.9,21.9,23.7,21.7,20.7,18.4,19.2,33.6,30,28.1,25.7,32.7,31.4,16.3,17.8,21.8,21.2,29.3,28.3,33,32.1,21,21.4,17.8,21,28.8,27,25.5,24.9,33.8,34.1,26.2,25.2,31,29.1,29.6,23.5,23.8,26.7,34.8,30.7,22.9,21.9,27.8,27.4,34.2,33.5,29.5,30.5,31.4,32.4,32.7,32.4,34.1,33,32.7,31.2,29.6,27.8,32.5,30,25,24.9,34.8,34,24.1,24.4,33.6,32.9,23.2,21.5,14,23,20.1,NA,NA,NA,NA,NA,NA,NA,NA,NA,NA,NA,NA,NA,NA,NA,NA,NA,NA,NA,NA,NA,NA,NA,NA,NA,NA,NA,NA,NA,NA,NA,NA,NA,NA,NA,NA,NA,NA,NA,NA,NA,NA,NA,NA,NA,NA,NA,NA,NA,NA,NA,NA,NA,NA,NA,NA,NA,NA,NA,NA,NA,NA,NA,NA,NA,NA,NA,NA,NA,NA,NA,NA,NA,NA,NA,NA,NA,NA,NA,NA,NA,NA,NA,NA,NA,NA,NA,NA,NA,NA,NA,NA,NA,NA,NA,NA,NA,NA,NA,NA,NA,NA,NA,NA,NA
70. Children under 5 years who are severely wasted12 (%),8.8,9,14.2,12.5,14.1,12.6,8.5,15.3,11.1,8.4,8.2,7.5,7.7,7.8,7.6,7,7.2,10.8,10,4.3,5.2,9.2,8.8,8.9,10.1,6.5,7.4,10.3,9.4,8.5,8.2,7.5,7.5,7.8,7.5,6.2,7.2,6.9,11.8,10,5.8,5.5,11.2,10.5,6.2,6.7,6.5,5.7,9.2,8.7,9.2,9,6.5,6.3,7.7,8.1,12.9,12.5,7.7,7.3,10.4,11.1,8.5,8.6,11.6,10.2,10.6,12,12.2,8.2,13,10.5,9.4,10.1,11,10.5,10.8,11,9.2,10.6,13,12.9,8.6,8.9,12.1,12.1,11.6,10.8,12,10.9,16.2,13.9,8.1,8.5,18.3,17.4,8.6,9,11.4,11.3,7.4,6.6,4.7,7.7,6.7,NA,NA,NA,NA,NA,NA,NA,NA,NA,NA,NA,NA,NA,NA,NA,NA,NA,NA,NA,NA,NA,NA,NA,NA,NA,NA,NA,NA,NA,NA,NA,NA,NA,NA,NA,NA,NA,NA,NA,NA,NA,NA,NA,NA,NA,NA,NA,NA,NA,NA,NA,NA,NA,NA,NA,NA,NA,NA,NA,NA,NA,NA,NA,NA,NA,NA,NA,NA,NA,NA,NA,NA,NA,NA,NA,NA,NA,NA,NA,NA,NA,NA,NA,NA,NA,NA,NA,NA,NA,NA,NA,NA,NA,NA,NA,NA,NA,NA,NA,NA,NA,NA,NA,NA,NA
71. Children under 5 years who are underweight11 (%),53.6,55,55,52.2,51,49.8,47.6,50,48.5,48.8,46.9,49.8,49.6,43.1,43.3,41.2,41.3,43.3,40.8,29.2,30.5,38.7,38,42.9,39.6,35.8,36.2,48.4,46.6,40.4,39.2,33,31.2,46.4,41.9,33.9,29.9,31.3,52.7,48.6,46.3,44.7,51.5,47.9,30,30.6,46.9,44.7,57.2,55,48,46.8,40.1,40.4,37.7,39.5,40.4,39.9,45,44.4,48.4,45,43.6,40.6,34.4,42.6,40.7,45.5,43.1,33.3,52.6,42.7,34,35.3,48,46.6,52.4,49.8,42.3,41.4,43.9,43.8,42.6,41.5,51.9,51.2,47.7,46.3,42.9,41.2,42.2,40,43.7,43.9,38.9,37.5,44.1,43.6,54.1,52.4,49.9,46.8,33.3,52.3,46.1,NA,NA,NA,NA,NA,NA,NA,NA,NA,NA,NA,NA,NA,NA,NA,NA,NA,NA,NA,NA,NA,NA,NA,NA,NA,NA,NA,NA,NA,NA,NA,NA,NA,NA,NA,NA,NA,NA,NA,NA,NA,NA,NA,NA,NA,NA,NA,NA,NA,NA,NA,NA,NA,NA,NA,NA,NA,NA,NA,NA,NA,NA,NA,NA,NA,NA,NA,NA,NA,NA,NA,NA,NA,NA,NA,NA,NA,NA,NA,NA,NA,NA,NA,NA,NA,NA,NA,NA,NA,NA,NA,NA,NA,NA,NA,NA,NA,NA,NA,NA,NA,NA,NA,NA,NA
72. Women whose Body Mass Index (BMI) is below normal (BMI <18.5 kg/m2) (%),43.9,43.9,30.1,27.5,32.1,29.6,21,24.8,22.2,35,32.3,34.9,31.4,32.4,30.8,30.1,28.2,25.9,25.8,24.9,24.1,31.7,27.1,25.3,22.2,24.1,23.2,30.6,29.3,34.2,31.1,33.6,31.1,38.8,33.7,19.2,31.5,26.4,30.5,29.4,31.9,28.7,33.5,30.4,17.7,18.9,39.4,36.8,45.2,40.8,38.4,37.5,26.4,28,18.4,19.1,27.1,26.6,32.1,29.5,30.4,27.2,24.1,22.3,18,25.5,23,29.4,27.2,18.5,30,23.3,28.4,25.1,36.2,35.8,36.8,34,31.7,29.1,33.4,32.4,44.9,42.4,37.2,34.2,32.1,30.1,30.6,29.1,29.8,26.2,27.7,27,21.4,19.4,31.1,30.4,37.5,35.8,38.6,34.7,22.8,32.1,28.4,NA,NA,NA,NA,NA,NA,NA,NA,NA,NA,NA,NA,NA,NA,NA,NA,NA,NA,NA,NA,NA,NA,NA,NA,NA,NA,NA,NA,NA,NA,NA,NA,NA,NA,NA,NA,NA,NA,NA,NA,NA,NA,NA,NA,NA,NA,NA,NA,NA,NA,NA,NA,NA,NA,NA,NA,NA,NA,NA,NA,NA,NA,NA,NA,NA,NA,NA,NA,NA,NA,NA,NA,NA,NA,NA,NA,NA,NA,NA,NA,NA,NA,NA,NA,NA,NA,NA,NA,NA,NA,NA,NA,NA,NA,NA,NA,NA,NA,NA,NA,NA,NA,NA,NA,NA
73. Men whose Body Mass Index (BMI) is below normal (BMI <18.5 kg/m2) (%),40.8,39.2,29.8,30.4,29,29,22.6,27.9,24.5,42.7,40.3,35,33.4,30.3,31.2,34.3,31.1,35.7,33.6,27.6,29.3,40.1,35.4,27,25.5,26.1,25.8,37.6,36.4,15.5,15.9,36.1,34.9,43.1,35.9,17.7,26.6,23.1,27.2,28.9,23.6,23.5,34.8,27.2,18.6,16.8,31.3,29,46.1,39.7,34,29.5,32.9,35.9,21.7,23.5,32,29.3,40.7,38.2,24.3,21.5,31.1,28.4,9.4,23.3,18.5,22.1,21.4,21.3,29.9,25.3,27.5,25,26.3,24.3,35.2,34.1,20.3,22.5,25.3,23.5,43.9,39.9,44.7,39,37.8,36,31.2,29.9,30,27.3,31.4,32.9,16.7,15,31.3,32.6,38,35.9,38.8,34.9,18.2,25.6,22.9,NA,NA,NA,NA,NA,NA,NA,NA,NA,NA,NA,NA,NA,NA,NA,NA,NA,NA,NA,NA,NA,NA,NA,NA,NA,NA,NA,NA,NA,NA,NA,NA,NA,NA,NA,NA,NA,NA,NA,NA,NA,NA,NA,NA,NA,NA,NA,NA,NA,NA,NA,NA,NA,NA,NA,NA,NA,NA,NA,NA,NA,NA,NA,NA,NA,NA,NA,NA,NA,NA,NA,NA,NA,NA,NA,NA,NA,NA,NA,NA,NA,NA,NA,NA,NA,NA,NA,NA,NA,NA,NA,NA,NA,NA,NA,NA,NA,NA,NA,NA,NA,NA,NA,NA,NA
74. Women who are overweight or obese (BMI >=25.0 kg/m2) (%),5.8,6.4,10.1,14.1,11.1,12.1,17.5,6.7,14.1,7.2,10,5.2,9.5,6.1,8,6.5,10.4,9,11.5,10.8,14.1,9.1,13,11.4,15.9,12.8,15.4,6.2,9.6,11.5,14.3,10.5,14.1,8.7,15.6,27.8,10.2,17.5,9.4,11.6,10.5,14.6,8.9,12.1,24.3,23.6,8.1,11.3,6.7,10.8,4.8,7.2,11.1,11.3,26,23.5,11.7,14.4,8.3,14.2,10.3,12.2,11.7,16.3,23,10.7,14.7,11.1,16,28.2,10.8,21,12,15.4,4,4.8,5.4,7.6,11.3,14,7.2,8.7,5.4,7.4,6.8,10.9,8.3,10,8.8,12.3,4.6,10.3,9.7,10.3,6.2,11,9.1,9.9,5.1,7.2,8.1,12.9,25.2,10.5,16.3,NA,NA,NA,NA,NA,NA,NA,NA,NA,NA,NA,NA,NA,NA,NA,NA,NA,NA,NA,NA,NA,NA,NA,NA,NA,NA,NA,NA,NA,NA,NA,NA,NA,NA,NA,NA,NA,NA,NA,NA,NA,NA,NA,NA,NA,NA,NA,NA,NA,NA,NA,NA,NA,NA,NA,NA,NA,NA,NA,NA,NA,NA,NA,NA,NA,NA,NA,NA,NA,NA,NA,NA,NA,NA,NA,NA,NA,NA,NA,NA,NA,NA,NA,NA,NA,NA,NA,NA,NA,NA,NA,NA,NA,NA,NA,NA,NA,NA,NA,NA,NA,NA,NA,NA,NA
75. Men who are overweight or obese (BMI >=25.0 kg/m2) (%),5.9,5.7,6.6,10,9.8,11.7,14.1,5.7,11.1,2.6,3.5,4.5,4.2,6.7,6.7,6.4,6.7,3.6,8.9,5.9,8.4,2.6,6.2,7.6,12.6,13,14.1,1.6,3.2,15,16.4,13.2,12.4,2.9,7,19.1,6.6,11.4,9.9,10.5,14.4,16.8,10,12.7,21.4,22.3,8.9,11.7,4,9.9,6.2,6.6,4.6,4.4,24,21.7,11.6,12.9,5.3,7.1,3.8,6.8,10.4,12.4,15.8,3.7,7.8,10,14.7,20.1,9.8,15.3,12.9,14.8,5,4.5,5.8,6.4,8.9,12,12.8,15.2,1.7,2.1,4.3,5.8,6.6,6.4,6.9,8.2,3.4,10.1,7.6,7.1,9,12.3,7,6.4,6,8.1,5.2,9.1,20.6,7.4,12.2,NA,NA,NA,NA,NA,NA,NA,NA,NA,NA,NA,NA,NA,NA,NA,NA,NA,NA,NA,NA,NA,NA,NA,NA,NA,NA,NA,NA,NA,NA,NA,NA,NA,NA,NA,NA,NA,NA,NA,NA,NA,NA,NA,NA,NA,NA,NA,NA,NA,NA,NA,NA,NA,NA,NA,NA,NA,NA,NA,NA,NA,NA,NA,NA,NA,NA,NA,NA,NA,NA,NA,NA,NA,NA,NA,NA,NA,NA,NA,NA,NA,NA,NA,NA,NA,NA,NA,NA,NA,NA,NA,NA,NA,NA,NA,NA,NA,NA,NA,NA,NA,NA,NA,NA,NA
76. Children age 6-59 months who are anaemic (<11.0 g/dl) (%),78,77.5,65.6,67.3,74.2,71.8,69.5,67.1,68.6,72,73.2,66.5,62.7,69.9,67.1,69.7,66.2,69,68.2,67.8,67.4,76.4,75.7,73.4,70.3,54.9,54.5,76.2,73.5,68.6,68.8,65.7,66.1,77.2,75.9,70.3,68.4,69.1,80.3,77.5,66.5,65.8,76.7,75.3,71.4,71.2,77.5,76.9,83.1,82,63.7,62.5,68.9,69.8,78.1,77.3,67.6,65.4,69.9,68,61.4,61.5,68.2,65.7,66.7,67.4,67.3,67,65.5,56.3,62.7,59.4,67.9,69.3,66.6,66.5,71.4,69.7,68.8,65.7,63,60.8,70.4,69.2,68,67.4,62.1,60.2,67.4,66.5,68.2,67.6,68.7,67.7,64,61.8,73.4,72.4,75.4,74.5,77.2,77,77.8,81.4,80.2,NA,NA,NA,NA,NA,NA,NA,NA,NA,NA,NA,NA,NA,NA,NA,NA,NA,NA,NA,NA,NA,NA,NA,NA,NA,NA,NA,NA,NA,NA,NA,NA,NA,NA,NA,NA,NA,NA,NA,NA,NA,NA,NA,NA,NA,NA,NA,NA,NA,NA,NA,NA,NA,NA,NA,NA,NA,NA,NA,NA,NA,NA,NA,NA,NA,NA,NA,NA,NA,NA,NA,NA,NA,NA,NA,NA,NA,NA,NA,NA,NA,NA,NA,NA,NA,NA,NA,NA,NA,NA,NA,NA,NA,NA,NA,NA,NA,NA,NA,NA,NA,NA,NA,NA,NA
77. Non-pregnant women age 15-49 years who are anaemic (<12.0 g/dl) (%),62.1,61.9,57.5,56.3,63.9,66,56.6,60.5,57.8,61.4,60.5,50.8,48.7,45.4,46,49.8,48.4,49.6,49.1,38.5,39.6,46.8,45.5,47.9,48.5,40.2,40.8,61.9,61,51.7,48.9,50.3,50.3,55.3,53.8,47.3,47.2,47.2,52.3,52.6,47.7,47.1,57.1,55.6,46.2,46.5,57.8,57.8,66,65.6,49.2,49.4,42,43.5,48.1,47.5,46.5,46.4,51,50.6,55.1,53.8,51.1,51.3,53,57.3,55.9,52.8,51.8,45.2,55,49.3,48.9,50,67.8,66.8,74.4,69.9,51.7,51.9,57.9,55.5,70.4,68.8,44.2,45.6,42.5,42.5,63.2,60.1,65.8,62.5,51,50.9,55.3,53.3,58.9,57.8,64.7,64.4,59.2,58.3,62.7,68.7,66.3,NA,NA,NA,NA,NA,NA,NA,NA,NA,NA,NA,NA,NA,NA,NA,NA,NA,NA,NA,NA,NA,NA,NA,NA,NA,NA,NA,NA,NA,NA,NA,NA,NA,NA,NA,NA,NA,NA,NA,NA,NA,NA,NA,NA,NA,NA,NA,NA,NA,NA,NA,NA,NA,NA,NA,NA,NA,NA,NA,NA,NA,NA,NA,NA,NA,NA,NA,NA,NA,NA,NA,NA,NA,NA,NA,NA,NA,NA,NA,NA,NA,NA,NA,NA,NA,NA,NA,NA,NA,NA,NA,NA,NA,NA,NA,NA,NA,NA,NA,NA,NA,NA,NA,NA,NA
78. Pregnant women age 15-49 years who are anaemic (<11.0 g/dl) (%),57.4,56.3,55.4,52.6,71.6,65.8,46.8,53.9,49.4,58.3,56,54.7,53.5,38.4,41.8,45.4,43,43.5,42.8,39.6,40.9,52.7,46.7,61.9,54.1,44.1,44.1,74,72.9,64.1,57.1,44.2,47.7,72.7,70.8,41.8,58.5,52.2,58.5,57.7,58.2,60.2,63.3,63.7,54.4,53.6,61.5,59.3,68.7,68.9,61.8,62.5,48.1,55.5,38.3,37.8,59.1,58.2,49.5,54.3,68.2,59.7,46,51.8,48.5,55.1,53,58.7,55.2,58.9,55.8,57.3,42.2,42,61.1,59.3,75.7,69.8,62.2,55.9,53.3,49.9,61.4,62.2,55,55,38.4,39.7,68.1,68.9,59.1,58.4,45.1,43.5,40.8,41.2,75.5,74.2,64.7,64.1,65.8,62.9,56.8,67.6,64.5,NA,NA,NA,NA,NA,NA,NA,NA,NA,NA,NA,NA,NA,NA,NA,NA,NA,NA,NA,NA,NA,NA,NA,NA,NA,NA,NA,NA,NA,NA,NA,NA,NA,NA,NA,NA,NA,NA,NA,NA,NA,NA,NA,NA,NA,NA,NA,NA,NA,NA,NA,NA,NA,NA,NA,NA,NA,NA,NA,NA,NA,NA,NA,NA,NA,NA,NA,NA,NA,NA,NA,NA,NA,NA,NA,NA,NA,NA,NA,NA,NA,NA,NA,NA,NA,NA,NA,NA,NA,NA,NA,NA,NA,NA,NA,NA,NA,NA,NA,NA,NA,NA,NA,NA,NA
79. All women age 15-49 years who are anaemic (%),61.8,61.6,57.4,56,64.4,66,56.1,60.1,57.4,61.2,60.3,51,49,45.1,45.8,49.5,48.1,49.2,48.7,38.5,39.7,47,45.5,48.6,48.8,40.4,40.9,62.5,61.5,52.2,49.2,50,50.2,56,54.4,47.1,47.6,47.4,52.5,52.8,48.3,47.8,57.5,56.2,46.5,46.8,57.9,57.8,66.2,65.8,50.1,50.3,42.4,44.2,47.6,47,47.2,46.9,50.9,50.7,55.6,54.1,50.8,51.3,52.8,57.2,55.8,53.1,52,45.7,55,49.6,48.5,49.6,67.5,66.5,74.4,69.9,52.2,52.1,57.7,55.3,70,68.6,45,46.2,42.2,42.3,63.5,60.5,65.4,62.3,50.6,50.5,54.3,52.6,60,58.8,64.7,64.4,59.6,58.5,62.5,68.6,66.3,NA,NA,NA,NA,NA,NA,NA,NA,NA,NA,NA,NA,NA,NA,NA,NA,NA,NA,NA,NA,NA,NA,NA,NA,NA,NA,NA,NA,NA,NA,NA,NA,NA,NA,NA,NA,NA,NA,NA,NA,NA,NA,NA,NA,NA,NA,NA,NA,NA,NA,NA,NA,NA,NA,NA,NA,NA,NA,NA,NA,NA,NA,NA,NA,NA,NA,NA,NA,NA,NA,NA,NA,NA,NA,NA,NA,NA,NA,NA,NA,NA,NA,NA,NA,NA,NA,NA,NA,NA,NA,NA,NA,NA,NA,NA,NA,NA,NA,NA,NA,NA,NA,NA,NA,NA
80. Men age 15-49 years who are anaemic (<13.0 g/dl) (%),30.3,33.4,35.8,28.8,39,35.3,32.5,39.2,35,29.4,27.5,20.5,19.6,23.5,20,19.7,19.1,16,16.2,15,15.2,25.9,23.9,29.2,24.3,22.9,23.3,43.4,37.4,20.4,16.7,21.7,25.8,24.2,23,16.4,19.3,18.2,33,33,18.7,19.9,26.4,20.5,21,22.2,28.8,28.4,46.6,44.1,17.3,18.7,25.8,22.9,22.3,23.1,20.6,20.1,22.8,21.1,36.8,37.5,30.6,29.1,30.5,37.3,35,20.7,18.9,18.4,22.2,20.2,16.3,16.4,42.2,39.5,41.7,37.6,21.5,21.2,24.4,21.5,38.7,38.8,17.3,17,22.9,23.1,39.8,34.3,50.3,43,22.8,20.6,37.3,35.1,34.6,32.1,49.2,48.5,19.8,20.8,30.8,33.4,32.4,NA,NA,NA,NA,NA,NA,NA,NA,NA,NA,NA,NA,NA,NA,NA,NA,NA,NA,NA,NA,NA,NA,NA,NA,NA,NA,NA,NA,NA,NA,NA,NA,NA,NA,NA,NA,NA,NA,NA,NA,NA,NA,NA,NA,NA,NA,NA,NA,NA,NA,NA,NA,NA,NA,NA,NA,NA,NA,NA,NA,NA,NA,NA,NA,NA,NA,NA,NA,NA,NA,NA,NA,NA,NA,NA,NA,NA,NA,NA,NA,NA,NA,NA,NA,NA,NA,NA,NA,NA,NA,NA,NA,NA,NA,NA,NA,NA,NA,NA,NA,NA,NA,NA,NA,NA
81. Blood sugar level - high (>140 mg/dl) (%),3.6,3.6,2.3,2.4,1.2,1.9,4.2,2.2,3.6,3.2,3.7,3.9,4.6,5.7,6.5,4.9,5.3,7,7.2,8.7,9.5,7.5,8.3,5.4,6.2,3.9,3.7,4.2,4.7,6.8,7.5,7.4,7,4.7,5.9,8.1,6.9,7.4,3.2,4.2,3.5,4.9,4.5,4.9,6.1,5.4,4.5,4.7,4.5,5.7,2.9,2.7,7.9,8.1,4.5,4.1,1.7,2.4,2,2.9,2.3,4.1,5,5,3.9,2.6,3,10,9.4,5.7,4.7,5.3,6.8,8.9,5.5,5.4,4.2,4.6,4.1,4.7,5.7,6,4.5,4.6,1.8,2.8,1.6,1.8,4.7,5,4.8,5.3,4.5,4.6,4.3,4.8,4.8,5,4.2,4,4.7,4.8,5,4.6,4.8,NA,NA,NA,NA,NA,NA,NA,NA,NA,NA,NA,NA,NA,NA,NA,NA,NA,NA,NA,NA,NA,NA,NA,NA,NA,NA,NA,NA,NA,NA,NA,NA,NA,NA,NA,NA,NA,NA,NA,NA,NA,NA,NA,NA,NA,NA,NA,NA,NA,NA,NA,NA,NA,NA,NA,NA,NA,NA,NA,NA,NA,NA,NA,NA,NA,NA,NA,NA,NA,NA,NA,NA,NA,NA,NA,NA,NA,NA,NA,NA,NA,NA,NA,NA,NA,NA,NA,NA,NA,NA,NA,NA,NA,NA,NA,NA,NA,NA,NA,NA,NA,NA,NA,NA,NA
82. Blood sugar level - very high (>160 mg/dl) (%),1.5,1.6,1.2,1.5,0.8,1.1,1.4,1.3,1.4,1.6,1.6,1,1.6,2.3,3.2,1.4,1.3,2.2,2.5,3,3.8,2.4,2.5,2.5,3.3,1.7,1.5,1.6,2,2.1,2.7,3.5,3.6,2,2.6,3.4,2.1,2.6,0.6,1.4,1,1.6,1.7,2.1,3.5,3.1,1.8,1.9,2,2.9,1.1,1,2.3,2.6,2,1.9,0.2,0.5,0.7,0.9,1.1,2,1.9,2.1,1.7,1.1,1.3,3.8,3.9,2.9,1.6,2.4,2.2,3.2,2.2,2.1,1.4,1.8,1.8,2,1.5,2,2.1,2.2,0.9,1.4,1,0.9,2.3,2,1.4,2.4,1.5,1.6,1.3,1.9,1.8,1.9,1.3,1.3,1.6,2.1,1.9,1.6,1.7,NA,NA,NA,NA,NA,NA,NA,NA,NA,NA,NA,NA,NA,NA,NA,NA,NA,NA,NA,NA,NA,NA,NA,NA,NA,NA,NA,NA,NA,NA,NA,NA,NA,NA,NA,NA,NA,NA,NA,NA,NA,NA,NA,NA,NA,NA,NA,NA,NA,NA,NA,NA,NA,NA,NA,NA,NA,NA,NA,NA,NA,NA,NA,NA,NA,NA,NA,NA,NA,NA,NA,NA,NA,NA,NA,NA,NA,NA,NA,NA,NA,NA,NA,NA,NA,NA,NA,NA,NA,NA,NA,NA,NA,NA,NA,NA,NA,NA,NA,NA,NA,NA,NA,NA,NA
83. Blood sugar level - high (>140 mg/dl) (%),5.8,5.7,0.8,5.1,2.1,3.2,6.3,4.6,5.7,3.8,4.1,5.9,6.8,7.5,6.8,12.2,10.1,12.5,11.1,8.5,11,3.6,5.2,4.1,5.8,4.6,5.3,1.6,2.6,13.2,11.1,11.8,11.3,7.4,8,9.4,6.1,7.4,3.5,4.9,4.8,6.5,4.9,3.8,8.6,7.8,4.8,4.5,5,6.3,2.7,3,9,8.6,8,7.2,4.3,5.5,6.9,7.5,5.8,5.3,8.8,8.2,5.9,6.9,6.5,8.6,8.6,8.7,7.2,8,9.3,10.1,7.5,6.7,6.7,5.9,9.3,8.4,6.2,7,5.5,6.9,1.9,3,3.1,2.6,5,7.9,7.2,9.2,8,9.6,4.8,5,8.8,8.4,7.4,7.4,2.6,4.3,6.6,2.9,4.2,NA,NA,NA,NA,NA,NA,NA,NA,NA,NA,NA,NA,NA,NA,NA,NA,NA,NA,NA,NA,NA,NA,NA,NA,NA,NA,NA,NA,NA,NA,NA,NA,NA,NA,NA,NA,NA,NA,NA,NA,NA,NA,NA,NA,NA,NA,NA,NA,NA,NA,NA,NA,NA,NA,NA,NA,NA,NA,NA,NA,NA,NA,NA,NA,NA,NA,NA,NA,NA,NA,NA,NA,NA,NA,NA,NA,NA,NA,NA,NA,NA,NA,NA,NA,NA,NA,NA,NA,NA,NA,NA,NA,NA,NA,NA,NA,NA,NA,NA,NA,NA,NA,NA,NA,NA
84. Blood sugar level - very high (>160 mg/dl) (%),2.4,3.1,0,1.9,2.1,1.9,3.2,2,2.8,0,0,0.7,1.4,0,0.9,3.7,2.8,6.7,5.7,3,4.1,0.9,1.5,3.3,3.8,3.1,4,0.8,1.3,6,4.9,3.2,2.8,3.8,3.7,4.4,2.6,3.3,0,0.6,2.5,4.9,3.6,2.9,2.1,2.2,1.8,1.5,2.1,3.3,1.9,1.9,3.2,2.3,7.3,6.1,0.7,2.4,1.5,2.7,2.9,2.3,3.1,3.9,3.7,4,3.9,1.5,2.4,3.8,3,3.4,3,3,3.3,3,2.3,2,5.3,4.2,1.7,2.3,1,1.6,1.9,1.4,1.3,1.1,1.7,4,5.2,5.3,4.1,5.5,1.7,2,5.1,4.3,4,4.4,0.6,1.8,3.4,1.7,2.3,NA,NA,NA,NA,NA,NA,NA,NA,NA,NA,NA,NA,NA,NA,NA,NA,NA,NA,NA,NA,NA,NA,NA,NA,NA,NA,NA,NA,NA,NA,NA,NA,NA,NA,NA,NA,NA,NA,NA,NA,NA,NA,NA,NA,NA,NA,NA,NA,NA,NA,NA,NA,NA,NA,NA,NA,NA,NA,NA,NA,NA,NA,NA,NA,NA,NA,NA,NA,NA,NA,NA,NA,NA,NA,NA,NA,NA,NA,NA,NA,NA,NA,NA,NA,NA,NA,NA,NA,NA,NA,NA,NA,NA,NA,NA,NA,NA,NA,NA,NA,NA,NA,NA,NA,NA
85. Slightly above normal (Systolic 140-159 mm of Hg and/or Diastolic 90-99 mm of Hg) (%),4.5,4.6,4.3,3.8,3.8,3.3,4.5,3,4,2.9,3.3,3.5,4.6,6.1,7.2,5.6,6.7,7.6,7.5,7.8,8.9,6.3,7.5,5.4,5.5,4.4,4.9,6.4,6.5,9,10.1,8.5,8.6,6.4,7.6,8.2,6.7,7.4,4,4.8,6.6,6.8,7,7.2,5.6,5.2,7.2,7.5,9.4,9.5,4.2,4.2,9.7,9.3,5,4.7,5.4,5.7,4.6,4.3,3.3,3.2,6.5,6.1,6.5,5.4,5.8,7.4,7.3,6.1,6,6.1,8.4,8.5,7.7,7.5,7.1,7.1,4.7,4.4,5.9,5.8,6.1,5.7,4.8,5.5,3.6,3.2,7.8,7.4,6.2,6.8,5.5,5.2,4.8,5.3,7.4,7.7,7,7.5,5.9,6.8,7.4,6.5,6.8,NA,NA,NA,NA,NA,NA,NA,NA,NA,NA,NA,NA,NA,NA,NA,NA,NA,NA,NA,NA,NA,NA,NA,NA,NA,NA,NA,NA,NA,NA,NA,NA,NA,NA,NA,NA,NA,NA,NA,NA,NA,NA,NA,NA,NA,NA,NA,NA,NA,NA,NA,NA,NA,NA,NA,NA,NA,NA,NA,NA,NA,NA,NA,NA,NA,NA,NA,NA,NA,NA,NA,NA,NA,NA,NA,NA,NA,NA,NA,NA,NA,NA,NA,NA,NA,NA,NA,NA,NA,NA,NA,NA,NA,NA,NA,NA,NA,NA,NA,NA,NA,NA,NA,NA,NA
86. Moderately high (Systolic 160-179 mm of Hg and/or Diastolic 100-109 mm of Hg) (%),0.9,0.8,0.2,0.2,0.5,0.3,0.5,0.8,0.6,0.6,0.4,0.9,1.2,0.5,0.9,0.7,0.9,0.9,1.1,1.6,1.4,1.1,1.3,0.7,1.6,0.7,0.7,0.9,0.9,1.3,1.3,1.9,1.8,0.8,1.8,1.3,1.2,1.2,0.7,1,1.7,1.5,1.7,1.5,0.8,0.9,1.4,1.3,1.9,1.8,0.1,0.2,1.6,1.9,1.4,1.4,0.8,1.4,0.8,1.1,0.8,0.9,1.6,1.4,1.6,1.2,1.3,1.3,1.3,1.6,1.1,1.4,1.1,1.1,1.4,1.5,2.2,2.1,1.2,1.1,2.3,2.2,1.5,1.7,1,1.1,1.2,1.5,1.6,1.5,1.4,1.1,0.8,0.7,0.1,0.3,0.8,0.9,1.3,1.2,1.3,1.6,2.2,1.1,1.5,NA,NA,NA,NA,NA,NA,NA,NA,NA,NA,NA,NA,NA,NA,NA,NA,NA,NA,NA,NA,NA,NA,NA,NA,NA,NA,NA,NA,NA,NA,NA,NA,NA,NA,NA,NA,NA,NA,NA,NA,NA,NA,NA,NA,NA,NA,NA,NA,NA,NA,NA,NA,NA,NA,NA,NA,NA,NA,NA,NA,NA,NA,NA,NA,NA,NA,NA,NA,NA,NA,NA,NA,NA,NA,NA,NA,NA,NA,NA,NA,NA,NA,NA,NA,NA,NA,NA,NA,NA,NA,NA,NA,NA,NA,NA,NA,NA,NA,NA,NA,NA,NA,NA,NA,NA
87. Very high (Systolic ?180 mm of Hg and/or Diastolic ?110 mm of Hg) (%),0.2,0.4,0.3,0.3,0.1,0.1,0.5,0.3,0.4,0.3,0.4,0.1,0.2,0.8,0.9,0.8,0.6,0.4,0.7,1.6,1.1,0.4,0.3,0.3,0.3,0.1,0.1,0.8,0.6,0.8,0.7,1.4,1.5,1.5,2.2,1.6,0.5,0.9,0.2,0.3,0.4,0.7,0.6,0.5,1,0.8,1.1,1,0.5,0.4,0.1,0.3,0.9,1.2,0.5,0.5,0.1,0.1,0.4,0.4,0.6,0.7,1,0.7,0.8,0.4,0.5,1.3,1.1,1.2,0.6,0.9,1.2,1.4,0.8,0.8,0.9,0.9,0.3,0.4,0.5,0.5,0.2,0.2,0.6,0.5,0.4,0.5,0.4,0.4,0.8,0.9,0.4,0.3,0.8,0.6,0.5,0.5,0.7,0.8,0.7,0.7,0.5,0.8,0.7,NA,NA,NA,NA,NA,NA,NA,NA,NA,NA,NA,NA,NA,NA,NA,NA,NA,NA,NA,NA,NA,NA,NA,NA,NA,NA,NA,NA,NA,NA,NA,NA,NA,NA,NA,NA,NA,NA,NA,NA,NA,NA,NA,NA,NA,NA,NA,NA,NA,NA,NA,NA,NA,NA,NA,NA,NA,NA,NA,NA,NA,NA,NA,NA,NA,NA,NA,NA,NA,NA,NA,NA,NA,NA,NA,NA,NA,NA,NA,NA,NA,NA,NA,NA,NA,NA,NA,NA,NA,NA,NA,NA,NA,NA,NA,NA,NA,NA,NA,NA,NA,NA,NA,NA,NA
88. Slightly above normal (Systolic 140-159 mm of Hg and/or Diastolic 90-99 mm of Hg) (%),10.6,10.3,2.6,4.4,2.6,2.2,8.6,8,8.4,3.1,3.4,3.8,4.4,11.6,14,7.5,9.6,10,12,5.9,7,4.5,7,8.5,10.7,10.1,10,4.3,5.4,17.2,15.8,15.9,14.1,12.5,13.6,8.7,6.8,7.6,5.8,6.4,15.2,13,7.5,5.6,11.6,10.4,9.4,8.8,7.6,8.7,1.6,3.2,2.8,8.9,10.5,9.6,5.1,6.9,4.9,6,4.8,3.8,10.8,11.2,5.1,5.3,5.3,8.9,10.2,12.7,5.3,9.2,11.4,12.3,6.5,7.8,13.2,12.2,1.8,3.1,4.5,5.5,7.8,8.6,6.7,6.8,5.5,5,8.4,7.5,9.3,9.7,6.7,7.7,5.5,5.5,7.5,9.6,10.5,9.7,4,7.7,8.5,12.1,10.8,NA,NA,NA,NA,NA,NA,NA,NA,NA,NA,NA,NA,NA,NA,NA,NA,NA,NA,NA,NA,NA,NA,NA,NA,NA,NA,NA,NA,NA,NA,NA,NA,NA,NA,NA,NA,NA,NA,NA,NA,NA,NA,NA,NA,NA,NA,NA,NA,NA,NA,NA,NA,NA,NA,NA,NA,NA,NA,NA,NA,NA,NA,NA,NA,NA,NA,NA,NA,NA,NA,NA,NA,NA,NA,NA,NA,NA,NA,NA,NA,NA,NA,NA,NA,NA,NA,NA,NA,NA,NA,NA,NA,NA,NA,NA,NA,NA,NA,NA,NA,NA,NA,NA,NA,NA
89. Moderately high (Systolic 160-179 mm of Hg and/or Diastolic 100-109 mm of Hg) (%),0,0,0,1,0,0.6,2.4,0.6,1.7,0.8,1.3,0.7,2.5,1,2.2,2,1.5,1,2,4.8,3.3,0,1.6,3.1,2.9,0,0.6,1.8,1.4,4.9,5.3,5.7,5.4,5.7,5.5,4.3,3,3.5,0.8,0.6,3.1,3.1,2.9,2,1.5,1.1,3,2.9,2.9,2.7,0,0,2.5,1.8,4.8,4,1.5,1.1,1,2,1,0.8,1.3,1,0.6,1.2,0.9,0.9,0.7,1.6,4.1,2.8,2,1.4,2.5,2.3,4.5,4.6,1.4,1.7,3.3,4,0,0,1.2,0.8,0,0,0.8,0.7,1.1,0.8,1.2,1.6,1.5,1.8,1.3,2.2,2.2,1.9,1.3,2.1,1.7,1.7,1.7,NA,NA,NA,NA,NA,NA,NA,NA,NA,NA,NA,NA,NA,NA,NA,NA,NA,NA,NA,NA,NA,NA,NA,NA,NA,NA,NA,NA,NA,NA,NA,NA,NA,NA,NA,NA,NA,NA,NA,NA,NA,NA,NA,NA,NA,NA,NA,NA,NA,NA,NA,NA,NA,NA,NA,NA,NA,NA,NA,NA,NA,NA,NA,NA,NA,NA,NA,NA,NA,NA,NA,NA,NA,NA,NA,NA,NA,NA,NA,NA,NA,NA,NA,NA,NA,NA,NA,NA,NA,NA,NA,NA,NA,NA,NA,NA,NA,NA,NA,NA,NA,NA,NA,NA,NA
90. Very high (Systolic ?180 mm of Hg and/or Diastolic ?110 mm of Hg) (%),0.8,0.6,0,0,0,0,1.1,0,0.7,0,0,0,0,0,0,0,0,2,1.6,0,1.4,0,0,1.2,0.9,0,0,1.9,1.4,1.8,1.6,0,1.4,0,0.6,1.2,0,0.5,0,0.6,0.8,0.5,3.2,2.6,2.3,2.1,1.2,0.9,0,0,0,0,0.9,2.6,0,0,1.6,1.2,0,0.6,0,0,0,1,0.9,0,0.3,1.5,1.8,1.1,0,0.6,0,0,0.7,0.6,0.7,1.3,1,0.8,0.7,1,0,0,0,0.4,0,0.5,0,0,0,1,0,0,0.8,0.6,1.2,1,0,0,2,1.6,1.2,0.6,0.8,NA,NA,NA,NA,NA,NA,NA,NA,NA,NA,NA,NA,NA,NA,NA,NA,NA,NA,NA,NA,NA,NA,NA,NA,NA,NA,NA,NA,NA,NA,NA,NA,NA,NA,NA,NA,NA,NA,NA,NA,NA,NA,NA,NA,NA,NA,NA,NA,NA,NA,NA,NA,NA,NA,NA,NA,NA,NA,NA,NA,NA,NA,NA,NA,NA,NA,NA,NA,NA,NA,NA,NA,NA,NA,NA,NA,NA,NA,NA,NA,NA,NA,NA,NA,NA,NA,NA,NA,NA,NA,NA,NA,NA,NA,NA,NA,NA,NA,NA,NA,NA,NA,NA,NA,NA
91. Cervix (%),15.4,17.3,43.8,44.7,21.9,23.5,37,43.1,38.9,43.2,40.6,39.8,43.3,2.4,2.3,2.5,2.9,5.4,6.2,7.2,7.8,10.4,10.1,5.7,5.3,3.1,2.8,4.3,4.1,27.1,28.8,13.9,15,21.9,22.9,28.7,20.2,23.7,45.2,41.6,43.5,42,43.4,43.4,42.5,44.8,52.8,52,18.8,21.1,16.7,19.9,7.3,8.6,45.9,44.4,35.2,32.9,51.7,52.8,4.7,5.5,33.5,34.2,39.1,40.1,39.8,5.2,5.6,7.4,3.4,5.7,9.1,9.6,1.7,1.8,1.4,1.6,5.8,7.1,9.1,8.4,8.9,10.3,55,54.2,36.7,37.2,9.8,9.8,7.9,8.6,8.1,9.1,5.2,6.1,16.1,18.3,31,29.4,61.9,61,22.6,20.4,21.3,NA,NA,NA,NA,NA,NA,NA,NA,NA,NA,NA,NA,NA,NA,NA,NA,NA,NA,NA,NA,NA,NA,NA,NA,NA,NA,NA,NA,NA,NA,NA,NA,NA,NA,NA,NA,NA,NA,NA,NA,NA,NA,NA,NA,NA,NA,NA,NA,NA,NA,NA,NA,NA,NA,NA,NA,NA,NA,NA,NA,NA,NA,NA,NA,NA,NA,NA,NA,NA,NA,NA,NA,NA,NA,NA,NA,NA,NA,NA,NA,NA,NA,NA,NA,NA,NA,NA,NA,NA,NA,NA,NA,NA,NA,NA,NA,NA,NA,NA,NA,NA,NA,NA,NA,NA
92. Breast (%),3.8,4,19.2,18.1,3.4,3.2,11.1,16.4,12.8,7.2,6.8,20.2,21.2,3.7,3.9,9.4,9.8,4.7,5.7,7.5,8.7,6.3,6.9,7.5,6.6,11,11.2,5.4,5.4,18.8,18.2,4.4,5.1,12.7,12.8,9.9,6,7.6,7.2,8.3,15.7,15.8,23.6,21.7,10.1,9.3,24.9,24.6,7.8,8.2,3.1,3.3,4.3,4.7,10.6,9.7,12.3,12.6,20.4,22.3,2.2,2.7,11.1,13.3,14.8,13.8,14.1,8.2,7.8,5.8,3.5,4.8,6.9,7.2,4.6,4.4,3.4,3.5,3.2,3.6,3.7,3.5,4.1,5.2,27.3,30.9,11.2,10.4,3.6,3.7,5.2,4.8,4,4.5,5.3,6.2,10.5,11.3,17,16.4,36.5,32.5,3.7,5.6,4.8,NA,NA,NA,NA,NA,NA,NA,NA,NA,NA,NA,NA,NA,NA,NA,NA,NA,NA,NA,NA,NA,NA,NA,NA,NA,NA,NA,NA,NA,NA,NA,NA,NA,NA,NA,NA,NA,NA,NA,NA,NA,NA,NA,NA,NA,NA,NA,NA,NA,NA,NA,NA,NA,NA,NA,NA,NA,NA,NA,NA,NA,NA,NA,NA,NA,NA,NA,NA,NA,NA,NA,NA,NA,NA,NA,NA,NA,NA,NA,NA,NA,NA,NA,NA,NA,NA,NA,NA,NA,NA,NA,NA,NA,NA,NA,NA,NA,NA,NA,NA,NA,NA,NA,NA,NA
93. Oral cavity (%),4.1,4.2,16.2,15.3,3.2,3.5,15.7,18.3,16.5,8.6,9,11.7,13.1,4.7,5,7.6,7.9,6.5,7.3,8.8,10.5,13,12.2,6.8,6,9.3,9.7,5.3,5.7,15.4,15.8,6,7.4,10.2,11.8,13.9,10.4,11.8,16.6,18.1,15.1,16.1,22.6,22.8,21.7,19.5,28.5,29.5,11.5,12.2,5,6.7,7.5,8.8,19.7,18.1,14.7,14.2,21.5,21.5,3,4.4,19.2,20,20.3,17.6,18.5,8,8.8,6.1,5.1,5.7,8,9,4.6,4.4,2.8,3,3.4,4,3.7,3.4,7.9,8.8,17.3,21.3,8.7,9,6.6,6.3,5.9,7.1,6.7,7,5.5,6.4,12.2,13.2,23,22,33.2,31.7,8.1,6.8,7.3,NA,NA,NA,NA,NA,NA,NA,NA,NA,NA,NA,NA,NA,NA,NA,NA,NA,NA,NA,NA,NA,NA,NA,NA,NA,NA,NA,NA,NA,NA,NA,NA,NA,NA,NA,NA,NA,NA,NA,NA,NA,NA,NA,NA,NA,NA,NA,NA,NA,NA,NA,NA,NA,NA,NA,NA,NA,NA,NA,NA,NA,NA,NA,NA,NA,NA,NA,NA,NA,NA,NA,NA,NA,NA,NA,NA,NA,NA,NA,NA,NA,NA,NA,NA,NA,NA,NA,NA,NA,NA,NA,NA,NA,NA,NA,NA,NA,NA,NA,NA,NA,NA,NA,NA,NA
