Residence,Ganganagar - Rural,Ganganagar - Total,Hanumangarh - Rural,Hanumangarh - Total,Bikaner - Urban,Bikaner - Rural,Bikaner - Total,Churu - Rural,Churu - Total,Jhunjhunun - Rural,Jhunjhunun - Total,Alwar - Rural,Alwar - Total,Bharatpur - Rural,Bharatpur - Total,Dhaulpur - Rural,Dhaulpur - Total,Karauli - Rural,Karauli - Total,Sawai Madhopur - Rural,Sawai Madhopur - Total,Dausa - Rural,Dausa - Total,Jaipur - Urban,Jaipur - Rural,Jaipur - Total,Sikar - Rural,Sikar - Total,Nagaur - Rural,Nagaur - Total,Jodhpur - Urban,Jodhpur - Rural,Jodhpur - Total,Jaisalmer - Rural,Jaisalmer - Total,Barmer - Rural,Barmer - Total,Jalor - Rural,Jalor - Total,Sirohi - Rural,Sirohi - Total,Pali - Rural,Pali - Total,Ajmer - Urban,Ajmer - Rural,Ajmer - Total,Tonk - Rural,Tonk - Total,Bundi - Rural,Bundi - Total,Bhilwara - Rural,Bhilwara - Total,Rajsamand - Rural,Rajsamand - Total,Dungarpur - Rural,Dungarpur - Total,Banswara - Rural,Banswara - Total,Chittaurgarh - Rural,Chittaurgarh - Total,Kota - Urban,Kota - Rural,Kota - Total,Baran - Rural,Baran - Total,Jhalawar - Rural,Jhalawar - Total,Udaipur - Rural,Udaipur - Total,Pratapgarh - Rural,Pratapgarh - Total,Note of Ganganagar - Rural,Note of Ganganagar - Total,Note of Hanumangarh - Rural,Note of Hanumangarh - Total,Note of Bikaner - Urban,Note of Bikaner - Rural,Note of Bikaner - Total,Note of Churu - Rural,Note of Churu - Total,Note of Jhunjhunun - Rural,Note of Jhunjhunun - Total,Note of Alwar - Rural,Note of Alwar - Total,Note of Bharatpur - Rural,Note of Bharatpur - Total,Note of Dhaulpur - Rural,Note of Dhaulpur - Total,Note of Karauli - Rural,Note of Karauli - Total,Note of Sawai Madhopur - Rural,Note of Sawai Madhopur - Total,Note of Dausa - Rural,Note of Dausa - Total,Note of Jaipur - Urban,Note of Jaipur - Rural,Note of Jaipur - Total,Note of Sikar - Rural,Note of Sikar - Total,Note of Nagaur - Rural,Note of Nagaur - Total,Note of Jodhpur - Urban,Note of Jodhpur - Rural,Note of Jodhpur - Total,Note of Jaisalmer - Rural,Note of Jaisalmer - Total,Note of Barmer - Rural,Note of Barmer - Total,Note of Jalor - Rural,Note of Jalor - Total,Note of Sirohi - Rural,Note of Sirohi - Total,Note of Pali - Rural,Note of Pali - Total,Note of Ajmer - Urban,Note of Ajmer - Rural,Note of Ajmer - Total,Note of Tonk - Rural,Note of Tonk - Total,Note of Bundi - Rural,Note of Bundi - Total,Note of Bhilwara - Rural,Note of Bhilwara - Total,Note of Rajsamand - Rural,Note of Rajsamand - Total,Note of Dungarpur - Rural,Note of Dungarpur - Total,Note of Banswara - Rural,Note of Banswara - Total,Note of Chittaurgarh - Rural,Note of Chittaurgarh - Total,Note of Kota - Urban,Note of Kota - Rural,Note of Kota - Total,Note of Baran - Rural,Note of Baran - Total,Note of Jhalawar - Rural,Note of Jhalawar - Total,Note of Udaipur - Rural,Note of Udaipur - Total,Note of Pratapgarh - Rural,Note of Pratapgarh - Total
Households surveyed,774.62,1076.96,733.68,925.59,416.9,678.56,1095.47,719.17,990.61,821.67,1100.47,1431.67,1773.16,962.31,1239.83,422.24,546.48,594.05,698.51,561.01,692.78,699.5,803.76,1539.77,1340.03,2879.79,945.53,1281.75,1262.08,1595.23,682.92,1163.86,1846.78,280.34,319.01,1113.88,1193.99,841.31,921.67,426.54,548.4,916.26,1159.74,576.57,818.36,1394.93,585.21,756.15,464.81,582.48,1069.81,1405.82,566.97,660.94,726.46,773,922.51,998.6,720.07,879.09,702.02,414.61,1116.63,528.93,665.18,687.17,812.62,1368.56,1689.83,453.58,489.77,NA,NA,NA,NA,NA,NA,NA,NA,NA,NA,NA,NA,NA,NA,NA,NA,NA,NA,NA,NA,NA,NA,NA,NA,NA,NA,NA,NA,NA,NA,NA,NA,NA,NA,NA,NA,NA,NA,NA,NA,NA,NA,NA,NA,NA,NA,NA,NA,NA,NA,NA,NA,NA,NA,NA,NA,NA,NA,NA,NA,NA,NA,NA,NA,NA,NA,NA,NA,NA,NA,NA
Women age 15-49 years interviewed,1001.68,1396.26,864.5,1090.81,558.29,863.67,1421.96,859.18,1195.59,1086.95,1464.51,1836.17,2159.98,1151.05,1465.2,510.35,668.13,715.17,850.62,695.91,867.14,830.88,967.21,1868.76,1845.61,3714.37,1327.14,1839.47,1542.49,1991.59,800.12,1502.72,2302.84,313.9,353.97,1201.66,1293.27,1046.25,1142.88,477.39,601.68,1000.13,1323.72,678.3,1056.68,1734.98,655.26,900.61,491.37,627.12,1144.36,1529.21,633.56,748.72,830.16,879.79,1058.68,1157.04,714,880.6,784.09,485.56,1269.65,668.16,846.74,737.54,884.42,1506.37,1840.78,510.91,554.14,NA,NA,NA,NA,NA,NA,NA,NA,NA,NA,NA,NA,NA,NA,NA,NA,NA,NA,NA,NA,NA,NA,NA,NA,NA,NA,NA,NA,NA,NA,NA,NA,NA,NA,NA,NA,NA,NA,NA,NA,NA,NA,NA,NA,NA,NA,NA,NA,NA,NA,NA,NA,NA,NA,NA,NA,NA,NA,NA,NA,NA,NA,NA,NA,NA,NA,NA,NA,NA,NA,NA
Men age 15-49 years interviewed,153.4,219.7,146.22,181.52,80.83,134.5,215.33,112.08,164.91,133.09,180.09,208.19,263.38,189.68,235.21,65.63,91.89,96.44,121.03,96.74,122.8,107.86,128.19,289.48,258.46,547.94,162.62,240.34,221.56,282.9,112.38,178.47,290.85,43.26,50.5,158.96,176.22,161.03,182.54,59.09,86.58,124.01,159.86,100.13,135.5,235.63,81.35,109.33,75.3,100.37,141.14,204.07,75.99,94.13,106.42,112.79,135.72,156.23,112.39,147.25,133.7,81.7,215.39,95.74,122.82,110.33,135.24,176.68,227.12,70.23,77.58,NA,NA,NA,NA,NA,NA,NA,NA,NA,NA,NA,NA,NA,NA,NA,NA,NA,NA,NA,NA,NA,NA,NA,NA,NA,NA,NA,NA,NA,NA,NA,NA,NA,NA,NA,NA,NA,NA,NA,NA,NA,NA,NA,NA,NA,NA,NA,NA,NA,NA,NA,NA,NA,NA,NA,NA,NA,NA,NA,NA,NA,NA,NA,NA,NA,NA,NA,NA,NA,NA,NA
1. Population (female) age 6+ years who ever attended school (%),61.41,64.81,58.38,59.93,73.58,54.49,61.49,53.85,57.28,59.87,60.69,58.49,61.15,52.94,56.32,58.6,62.71,52.89,54.72,48.8,51.71,56.15,59.32,79.39,58.42,68.48,59.02,61.4,49.96,52.72,75.05,49.26,57.99,42.3,45.24,42.69,44.72,45.61,47.42,45.26,48.29,52.55,56.7,80.64,54.66,64.69,49.28,54.15,46.74,51.13,44.68,49.99,51.86,55.62,52.14,53.33,47.91,50.4,44.25,50.03,76.75,60.44,70.4,53.09,56.87,48.75,53.37,46.08,52.71,46.42,48.7,NA,NA,NA,NA,NA,NA,NA,NA,NA,NA,NA,NA,NA,NA,NA,NA,NA,NA,NA,NA,NA,NA,NA,NA,NA,NA,NA,NA,NA,NA,NA,NA,NA,NA,NA,NA,NA,NA,NA,NA,NA,NA,NA,NA,NA,NA,NA,NA,NA,NA,NA,NA,NA,NA,NA,NA,NA,NA,NA,NA,NA,NA,NA,NA,NA,NA,NA,NA,NA,NA,NA
2. Population below age 15 years (%),25.61,25.78,26.66,27.31,27.55,34.5,31.98,32.58,32.06,26.35,26.95,34.97,33.47,37.25,36.31,39.06,37.76,34.41,33.48,32.79,32.5,33.31,32.3,26.2,31.83,29.03,29.93,30.33,30.03,29.47,26.01,34.93,31.93,40.65,39.82,39.18,38.54,35.17,34.59,34.68,33.53,31.12,30.1,24.95,31.69,29.15,28.37,28.67,28.84,27.66,30.13,29.47,31.53,30.64,34.6,33.97,36.17,35.53,27.77,27.29,25.37,28.84,26.71,28.6,28.11,28.96,28.38,34.9,32.63,33.41,32.74,NA,NA,NA,NA,NA,NA,NA,NA,NA,NA,NA,NA,NA,NA,NA,NA,NA,NA,NA,NA,NA,NA,NA,NA,NA,NA,NA,NA,NA,NA,NA,NA,NA,NA,NA,NA,NA,NA,NA,NA,NA,NA,NA,NA,NA,NA,NA,NA,NA,NA,NA,NA,NA,NA,NA,NA,NA,NA,NA,NA,NA,NA,NA,NA,NA,NA,NA,NA,NA,NA,NA
3. Sex ratio of the total population (females per 1000 males),919.7,928.89,930.79,928.07,946.88,962.43,956.77,1003.9,1009.02,1049.7,1019.82,951.58,937.1,972.19,970.32,911.79,916.5,999.29,988.47,1012.8,1001.21,1004.86,1015.58,859.03,984.3,920.08,1001.99,1014.99,1024.75,1011.07,948.28,953.87,951.98,941.36,916.08,990.15,979.95,961.29,957.21,1031.06,998.82,1086.66,1056.46,954.65,951.97,952.98,1000.45,987.44,943.55,930.22,1030.66,999.63,1013.89,1001.04,1015.7,1008.9,978.97,983.12,979.85,967.63,936.18,950.79,941.81,973.65,958.68,962.97,947.98,1076.8,1042.64,977.26,981.51,NA,NA,NA,NA,NA,NA,NA,NA,NA,NA,NA,NA,NA,NA,NA,NA,NA,NA,NA,NA,NA,NA,NA,NA,NA,NA,NA,NA,NA,NA,NA,NA,NA,NA,NA,NA,NA,NA,NA,NA,NA,NA,NA,NA,NA,NA,NA,NA,NA,NA,NA,NA,NA,NA,NA,NA,NA,NA,NA,NA,NA,NA,NA,NA,NA,NA,NA,NA,NA,NA,NA
4. Sex ratio at birth for children born in the last five years (females per 1000 males),874.23,906.69,1040.37,1013.12,1004.8,974.32,983.79,877.16,896.03,946.65,887.19,780.67,747.98,1003.82,940.89,897.14,852.32,886.11,936,792.45,850.33,949.56,964.87,805.76,961.17,883.26,921.38,938.4,800.54,819.56,970.09,830.74,869.7,836.64,824.28,926.25,896.68,909.27,882.73,1031.07,958.55,919.16,875.18,802.91,742.81,761.17,972.8,879.96,1012.14,987.41,925.73,981.11,803.56,779.56,808.43,811.34,1022.56,1011.99,1036.7,1046.51,814.87,849.57,828.9,793.94,805.31,829.34,806.99,1005.23,993.06,821.55,795.64,NA,NA,NA,NA,NA,NA,NA,NA,NA,NA,NA,NA,NA,NA,NA,NA,NA,NA,NA,NA,NA,NA,NA,NA,NA,NA,NA,NA,NA,NA,NA,NA,NA,NA,NA,NA,NA,NA,NA,NA,NA,NA,NA,NA,NA,NA,NA,NA,NA,NA,NA,NA,NA,NA,NA,NA,NA,NA,NA,NA,NA,NA,NA,NA,NA,NA,NA,NA,NA,NA,NA
5. Children under age 5 years whose birth was registered (%),81.51,81.95,71.89,77.62,77.4,58.31,64.7,68.62,72.3,76.74,77.06,54.06,56.05,47,52.24,43.99,47.21,48.46,50.8,54.69,59.67,53.63,53.06,78.9,58.55,68.34,65.7,67.68,70.01,70.16,88.53,59.34,68.39,49.37,52.74,51.26,52.27,63.19,64.86,63.19,68.03,69.39,71.34,95.42,77,82.64,75.17,79.28,76.43,78.67,71.52,76.21,74.98,77.54,65.64,66.88,64.16,65.06,70.36,72.77,82.73,65.45,75.88,77.26,78.92,76.3,78.44,56.85,59.75,62.32,63.68,NA,NA,NA,NA,NA,NA,NA,NA,NA,NA,NA,NA,NA,NA,NA,NA,NA,NA,NA,NA,NA,NA,NA,NA,NA,NA,NA,NA,NA,NA,NA,NA,NA,NA,NA,NA,NA,NA,NA,NA,NA,NA,NA,NA,NA,NA,NA,NA,NA,NA,NA,NA,NA,NA,NA,NA,NA,NA,NA,NA,NA,NA,NA,NA,NA,NA,NA,NA,NA,NA,NA
6. Households with electricity (%),92.69,94.07,93.97,94.78,99.37,86.73,91.54,94.24,95.33,95.8,96.22,96.82,96.91,88.81,90.72,89.67,91.36,93.41,94.28,84.69,86.43,89.22,90.44,99.37,96.45,98.01,94.68,95.97,88.97,90.62,99.51,86.45,91.28,73.28,76.43,63.1,65.57,81.25,82.78,85.72,87.24,94.11,95.12,99.55,97.58,98.39,95.67,96.65,88.78,91.05,95.69,96.03,94.46,95.24,77.29,78.66,65.66,67.86,94.39,95.3,99.12,96.45,98.13,90.37,91.66,94.38,95.03,80.48,84.19,73.3,75.28,NA,NA,NA,NA,NA,NA,NA,NA,NA,NA,NA,NA,NA,NA,NA,NA,NA,NA,NA,NA,NA,NA,NA,NA,NA,NA,NA,NA,NA,NA,NA,NA,NA,NA,NA,NA,NA,NA,NA,NA,NA,NA,NA,NA,NA,NA,NA,NA,NA,NA,NA,NA,NA,NA,NA,NA,NA,NA,NA,NA,NA,NA,NA,NA,NA,NA,NA,NA,NA,NA,NA
7. Households with an improved drinking-water source1 (%),90.66,92.09,95.71,96.6,97.99,78.92,86.18,84.84,83.63,90.67,88.3,97.94,97.87,80.96,73.65,92.25,91.35,84.32,86.16,86.61,85.21,94.51,93.99,95.56,91.53,93.68,91.2,90.88,68.43,66.13,98.89,63.97,76.88,54.31,56.66,68.61,70.14,79.26,79,89.51,90.28,77.12,80.27,96.64,78.9,86.23,87.44,90.16,88.51,90.83,78.84,82.57,77.7,80.68,90.89,90.7,91.54,92.03,87.26,88.82,98.34,94.33,96.86,90.67,91.44,82.23,84.49,73.17,77.89,82.95,83.05,NA,NA,NA,NA,NA,NA,NA,NA,NA,NA,NA,NA,NA,NA,NA,NA,NA,NA,NA,NA,NA,NA,NA,NA,NA,NA,NA,NA,NA,NA,NA,NA,NA,NA,NA,NA,NA,NA,NA,NA,NA,NA,NA,NA,NA,NA,NA,NA,NA,NA,NA,NA,NA,NA,NA,NA,NA,NA,NA,NA,NA,NA,NA,NA,NA,NA,NA,NA,NA,NA,NA
8. Households using improved sanitation facility2 (%),70.62,73.44,51.05,55.19,81.84,54.35,64.81,72.44,73.34,61.63,65.97,32.63,40.29,28.44,34.31,24.13,31.57,15.81,21.1,28.99,34.63,31.13,36.12,74.28,39.46,58.08,55.27,61.2,50.52,53.79,84.93,33.55,52.55,31.87,36.84,17.03,20.19,36.09,39.38,36.98,42.02,47.95,50.92,85.54,57.95,69.35,24.69,32.59,20.38,26.61,21.35,32.7,24.38,32.27,29.97,32.92,15.84,20.75,24.35,31.95,63.48,28.59,50.53,25.59,31.41,29.23,36.06,17,29.24,10.98,15.06,NA,NA,NA,NA,NA,NA,NA,NA,NA,NA,NA,NA,NA,NA,NA,NA,NA,NA,NA,NA,NA,NA,NA,NA,NA,NA,NA,NA,NA,NA,NA,NA,NA,NA,NA,NA,NA,NA,NA,NA,NA,NA,NA,NA,NA,NA,NA,NA,NA,NA,NA,NA,NA,NA,NA,NA,NA,NA,NA,NA,NA,NA,NA,NA,NA,NA,NA,NA,NA,NA,NA
9. Households using clean fuel for cooking3 (%),25.61,39.58,13.92,25.12,86.73,10.76,39.67,12.35,30.33,40.89,51.02,10.1,24.04,5.91,16.19,7.91,20.71,6.76,14.03,8.43,17.93,8.53,16.68,87.08,17.33,54.63,28.22,42.76,15.09,24.35,91.98,17.05,44.76,8.78,17.1,8.57,14.7,20.8,27.05,31.42,40.03,30.61,40.77,91.35,21.9,50.61,8.74,21.49,11.75,22.83,12.36,27.26,15.37,25.13,12.83,16.86,7.35,12.62,12.38,25.42,82.11,22.54,59.99,14.69,25.02,14.26,25.45,8.2,24.16,8.76,13.55,NA,NA,NA,NA,NA,NA,NA,NA,NA,NA,NA,NA,NA,NA,NA,NA,NA,NA,NA,NA,NA,NA,NA,NA,NA,NA,NA,NA,NA,NA,NA,NA,NA,NA,NA,NA,NA,NA,NA,NA,NA,NA,NA,NA,NA,NA,NA,NA,NA,NA,NA,NA,NA,NA,NA,NA,NA,NA,NA,NA,NA,NA,NA,NA,NA,NA,NA,NA,NA,NA,NA
10. Households using iodized salt (%),97.48,97.25,96.79,97.04,94.26,87.89,90.31,91.27,92.47,96.26,96.94,94.26,95.15,90.11,91.71,83.55,85.61,85.39,87.35,86.61,88.85,92.02,92.85,97.82,95.26,96.62,92.58,93.96,86.86,88.93,98.9,82.56,88.57,89.66,90.69,86.28,87.05,99.38,99.24,97.62,98.01,97.34,97.64,98.82,95.49,96.87,97.38,96.44,96.82,96.84,94.93,96.06,94.2,94.82,91.79,92.28,77.63,79.25,99.04,98.99,98.05,97.87,97.99,97.66,97.65,96.31,96.55,86.31,88.82,95.01,95.18,NA,NA,NA,NA,NA,NA,NA,NA,NA,NA,NA,NA,NA,NA,NA,NA,NA,NA,NA,NA,NA,NA,NA,NA,NA,NA,NA,NA,NA,NA,NA,NA,NA,NA,NA,NA,NA,NA,NA,NA,NA,NA,NA,NA,NA,NA,NA,NA,NA,NA,NA,NA,NA,NA,NA,NA,NA,NA,NA,NA,NA,NA,NA,NA,NA,NA,NA,NA,NA,NA,NA
11. Households with any usual member covered by a health scheme or health insurance (%),12.2,12.87,5.83,7.04,10.26,6.36,7.85,19.21,18.64,25.87,23.58,9.34,10.64,13.45,13.16,35.08,32.48,25.92,24.89,32.86,31.56,33.93,34.03,25.76,32.47,28.89,17.98,17.44,31.41,29.16,16.81,18.08,17.61,31.09,31,8.53,8.89,9.05,9.27,22.06,22.11,32.47,32.8,15.69,14,14.7,23.78,23.8,8.19,8.7,21.84,22.58,9.15,8.79,9.73,9.6,11.56,12.54,5.31,6.64,20.77,28.24,23.55,10.68,13.44,10.98,11.55,25.31,24.27,10.53,10.5,NA,NA,NA,NA,NA,NA,NA,NA,NA,NA,NA,NA,NA,NA,NA,NA,NA,NA,NA,NA,NA,NA,NA,NA,NA,NA,NA,NA,NA,NA,NA,NA,NA,NA,NA,NA,NA,NA,NA,NA,NA,NA,NA,NA,NA,NA,NA,NA,NA,NA,NA,NA,NA,NA,NA,NA,NA,NA,NA,NA,NA,NA,NA,NA,NA,NA,NA,NA,NA,NA,NA
12. Women who are literate (%),67.02,69.03,60.67,62.6,77.31,48.49,59.81,54.87,58.11,68.49,68.71,55.5,59.11,47.23,52.45,50.77,57.05,46.46,49.25,39.67,44.88,52.94,57.25,79.71,57.33,68.59,64.86,66.54,48.77,53.17,77.18,44.31,55.73,33.08,37.01,34.97,37.81,38.84,41.73,39.18,43.45,52.31,57.79,82.56,53.84,65.07,46.13,52.08,46.46,51.8,40.4,48.54,54.71,59.03,51.45,53.94,40.37,44.1,42.14,48.62,77.84,59.02,70.64,49.73,52.86,44.12,49.86,41.57,50.51,42.68,45.65,NA,NA,NA,NA,NA,NA,NA,NA,NA,NA,NA,NA,NA,NA,NA,NA,NA,NA,NA,NA,NA,NA,NA,NA,NA,NA,NA,NA,NA,NA,NA,NA,NA,NA,NA,NA,NA,NA,NA,NA,NA,NA,NA,NA,NA,NA,NA,NA,NA,NA,NA,NA,NA,NA,NA,NA,NA,NA,NA,NA,NA,NA,NA,NA,NA,NA,NA,NA,NA,NA,NA
13. Men who are literate (%),84.89,85.78,81.36,82.07,88.49,72.56,78.54,76.24,79.26,95.15,94.45,92.3,90.35,85.4,87.65,82.91,87.12,87.51,86.6,82.31,84.14,92.45,92.31,94.25,90.74,92.59,91.6,88.26,79.97,84.32,95.63,84.87,89.03,68.28,69.57,69.38,71.3,76.44,79.22,79.86,84.26,90.39,91.16,96.22,74.61,83.79,89.99,88.92,75.94,80.24,87.74,91.52,79.88,83.75,78.58,79.79,76.78,78.74,72.47,77.67,95.4,80.15,89.62,85.3,85.61,77.17,78.83,81.87,84.27,70.16,72.07,NA,NA,NA,NA,NA,NA,NA,NA,NA,NA,NA,NA,NA,NA,NA,NA,NA,NA,NA,NA,NA,NA,NA,NA,NA,NA,NA,NA,NA,NA,NA,NA,NA,NA,NA,NA,NA,NA,NA,NA,NA,NA,NA,NA,NA,NA,NA,NA,NA,NA,NA,NA,NA,NA,NA,NA,NA,NA,NA,NA,NA,NA,NA,NA,NA,NA,NA,NA,NA,NA,NA
14. Women with 10 or more years of schooling (%),26.72,31.86,26.99,29.18,39.13,13.28,23.43,23.93,24.57,39.21,38.21,24.5,28.85,16.8,22.02,13.71,21.93,17.1,19.35,11.49,14.52,22.94,27.28,50.11,26.55,38.4,28.31,27.48,19.59,23.61,49.21,12.24,25.09,5.8,8.97,8.22,10.18,10.9,12.6,11.6,14.54,14.5,19.35,51.05,18.66,31.32,18.04,22.37,16.77,20.05,15.37,23.73,16.71,22.75,22.82,24.5,16.31,18.9,13.16,19.17,45.33,18.74,35.16,16.08,19.79,15.56,20.15,13.59,21.53,13.8,16.13,NA,NA,NA,NA,NA,NA,NA,NA,NA,NA,NA,NA,NA,NA,NA,NA,NA,NA,NA,NA,NA,NA,NA,NA,NA,NA,NA,NA,NA,NA,NA,NA,NA,NA,NA,NA,NA,NA,NA,NA,NA,NA,NA,NA,NA,NA,NA,NA,NA,NA,NA,NA,NA,NA,NA,NA,NA,NA,NA,NA,NA,NA,NA,NA,NA,NA,NA,NA,NA,NA,NA
15. Women age 20-24 years married before age 18 years (%),20.79,18.96,24.19,23.06,21.1,41.9,33.37,37.72,36.39,25.05,23.78,44.09,40.84,39.5,37.33,40.24,35.36,53.25,49.79,55.07,47.68,46.08,40.09,22.13,37.22,29.46,29.85,24.24,47.02,42.17,22.06,41.92,34.67,48.61,48.37,48.38,46.67,33.86,32.44,31.91,30.98,35.03,31.28,15.14,48.03,35.04,52.66,47.26,41.48,35.13,67.34,57.21,47.82,44.46,30.78,29.44,29.86,28.29,57.35,53.61,15.83,25.07,19.69,37.91,33.71,40.57,36.3,43.48,40.42,42.19,41.19,NA,NA,NA,NA,NA,NA,NA,NA,NA,NA,NA,NA,NA,NA,NA,NA,NA,NA,NA,NA,NA,NA,NA,NA,NA,NA,NA,NA,NA,NA,NA,NA,NA,NA,NA,NA,NA,NA,NA,NA,NA,NA,NA,NA,NA,NA,NA,NA,NA,NA,NA,NA,NA,NA,NA,NA,NA,NA,NA,NA,NA,NA,NA,NA,NA,NA,NA,NA,NA,NA,NA
16. Men age 25-29 years married before age 21 years (%),11.52,13.78,NA,31.6,15.21,38.83,29.55,NA,47.69,NA,19.8,NA,NA,NA,34.43,NA,NA,NA,NA,NA,52.18,NA,NA,3.41,46.67,24.84,NA,NA,NA,NA,27.72,NA,31.18,NA,NA,NA,NA,NA,NA,NA,NA,NA,44.53,7.48,52.08,36.23,NA,NA,NA,NA,NA,NA,NA,44.3,NA,NA,NA,NA,NA,46.24,NA,37.45,30.93,NA,36.81,NA,41.05,NA,35.2,NA,NA,NA,NA,*,NA,NA,NA,NA,*,NA,*,NA,*,*,*,NA,*,*,*,*,*,NA,*,*,NA,NA,NA,*,*,*,*,NA,*,NA,*,*,*,*,*,*,*,*,*,NA,NA,NA,NA,*,*,*,*,*,*,*,NA,*,*,*,*,*,NA,*,NA,NA,*,NA,*,NA,*,NA,*,*
17. Women age 15-19 years who were already mothers or pregnant at the time of the survey (%),3.88,2.78,4.27,4.64,3.28,8.17,6.41,7.81,8.39,3.86,4.47,9.64,9.67,9.29,8.05,9.38,8.74,12.55,10.82,9.73,9.61,8.54,7.79,8.65,4.63,6.31,3.11,3.68,8.35,6.97,3.57,9.65,8.15,9.13,8.59,7.73,7.41,4.6,4.3,4.67,4.33,3.48,3.43,3.27,6.56,5.59,5.32,4.51,5.48,4.63,8.09,6.37,4.88,4.75,6.76,6.92,12.52,12.07,6.44,5.25,1.44,0.53,1.05,2.47,2.83,4.38,3.76,7.11,6.84,5.09,4.84,NA,NA,NA,NA,NA,NA,NA,NA,NA,NA,NA,NA,NA,NA,NA,NA,NA,NA,NA,NA,NA,NA,NA,NA,NA,NA,NA,NA,NA,NA,NA,NA,NA,NA,NA,NA,NA,NA,NA,NA,NA,NA,NA,NA,NA,NA,NA,NA,NA,NA,NA,NA,NA,NA,NA,NA,NA,NA,NA,NA,NA,NA,NA,NA,NA,NA,NA,NA,NA,NA,NA
18. Any method (%),69.84,71.14,72.53,70.58,73.59,70.12,71.44,56.31,52.39,64.89,63.65,58.78,59.75,44.25,44.63,52.35,53.73,56.4,56.01,50.87,50.37,54.11,54.81,63.81,69.7,66.69,61.94,59.77,54.08,54.7,66.89,58.32,61.21,52.1,53.46,45.14,46.17,57.87,58.99,45.01,47.54,54.62,57.06,71.99,66.64,68.67,64.3,65.97,57.54,57.67,53.32,57.04,58.86,61.22,65.09,64.24,54.99,54.91,44.37,47.25,71.08,71.59,71.28,65.8,65.43,66.99,68.24,47.15,51.18,62.52,63.6,NA,NA,NA,NA,NA,NA,NA,NA,NA,NA,NA,NA,NA,NA,NA,NA,NA,NA,NA,NA,NA,NA,NA,NA,NA,NA,NA,NA,NA,NA,NA,NA,NA,NA,NA,NA,NA,NA,NA,NA,NA,NA,NA,NA,NA,NA,NA,NA,NA,NA,NA,NA,NA,NA,NA,NA,NA,NA,NA,NA,NA,NA,NA,NA,NA,NA,NA,NA,NA,NA,NA
19. Any modern method (%),64.79,64.7,69.16,67.38,70.41,64.52,66.75,51.69,47.73,60.35,58.65,55.67,56.48,40.02,40.39,43.42,45.11,48.94,47.87,47.41,46.24,50.15,50.05,61.06,66.28,63.62,57.65,55.98,51.96,52.41,63.48,51.83,55.76,43.92,45.02,36.28,37.37,49.03,48.8,37.71,40.12,43.31,46.7,64.85,59.83,61.74,54.25,56.03,51.39,52.08,45.96,49.23,50.21,52.33,55.92,55.1,51.95,51.64,36.27,38.77,61.21,63.28,62.01,62.45,62.29,58.86,59.96,34.54,37.82,53.93,54.56,NA,NA,NA,NA,NA,NA,NA,NA,NA,NA,NA,NA,NA,NA,NA,NA,NA,NA,NA,NA,NA,NA,NA,NA,NA,NA,NA,NA,NA,NA,NA,NA,NA,NA,NA,NA,NA,NA,NA,NA,NA,NA,NA,NA,NA,NA,NA,NA,NA,NA,NA,NA,NA,NA,NA,NA,NA,NA,NA,NA,NA,NA,NA,NA,NA,NA,NA,NA,NA,NA,NA
20. Female sterilization (%),48.28,46.93,56.29,53.38,41.73,45.12,43.83,42.98,37.8,50.01,47.32,48.55,46.99,33.39,31.34,37.47,37.52,44.36,41.05,40.65,36.72,45.51,43.82,36.96,53.63,45.13,46.59,41.62,43.99,43.17,37.79,40.06,39.3,36.84,36.56,32.65,31.7,42.92,41.73,28.26,29.31,33.1,34.61,43.04,46.14,44.96,45.76,41.7,42.06,39.49,39.23,38.45,32.78,32.19,41.05,40.03,44.58,43.26,29.58,29.48,35.98,51.05,41.77,52.39,50.89,48.76,47.42,25.94,25.35,45.2,44.4,NA,NA,NA,NA,NA,NA,NA,NA,NA,NA,NA,NA,NA,NA,NA,NA,NA,NA,NA,NA,NA,NA,NA,NA,NA,NA,NA,NA,NA,NA,NA,NA,NA,NA,NA,NA,NA,NA,NA,NA,NA,NA,NA,NA,NA,NA,NA,NA,NA,NA,NA,NA,NA,NA,NA,NA,NA,NA,NA,NA,NA,NA,NA,NA,NA,NA,NA,NA,NA,NA,NA
21. Male sterilization (%),0.76,0.55,0.32,0.25,0.09,0.22,0.17,1.06,1.02,0.92,0.69,0.26,0.35,0,0.11,0,0,0,0.11,0.28,0.23,0,0,0.22,0.69,0.45,0.15,0.11,0,0.09,0.24,0.11,0.15,0.15,0.13,0,0,0,0,0,0,0.18,0.14,0.34,0,0.13,0.33,0.37,0.19,0.15,0.18,0.13,0.32,0.27,0.14,0.13,0,0,0,0.13,0,0.12,0.05,0,0,0,0,0,0,0,0,NA,NA,NA,NA,NA,NA,NA,NA,NA,NA,NA,NA,NA,NA,NA,NA,NA,NA,NA,NA,NA,NA,NA,NA,NA,NA,NA,NA,NA,NA,NA,NA,NA,NA,NA,NA,NA,NA,NA,NA,NA,NA,NA,NA,NA,NA,NA,NA,NA,NA,NA,NA,NA,NA,NA,NA,NA,NA,NA,NA,NA,NA,NA,NA,NA,NA,NA,NA,NA,NA,NA
22. IUD/PPIUD (%),3.47,3.34,1.78,2.08,0.9,0.84,0.86,0.97,1.28,1.32,0.99,1.77,2.15,1.55,2.34,0.52,0.41,0.28,0.8,0.6,0.72,0.25,0.44,1.54,0.69,1.12,0.63,1.04,1.06,1.03,3.09,1.08,1.76,0.62,0.78,0.28,0.61,0.52,0.48,0.65,1.06,0.91,1.04,1.58,1.09,1.28,0.86,1.41,1.16,1.03,0.5,1.26,1.67,1.65,0.4,0.38,0.69,0.64,0.38,0.93,1.57,0.51,1.16,0.78,0.85,0.3,0.37,0.77,1.38,0.96,0.97,NA,NA,NA,NA,NA,NA,NA,NA,NA,NA,NA,NA,NA,NA,NA,NA,NA,NA,NA,NA,NA,NA,NA,NA,NA,NA,NA,NA,NA,NA,NA,NA,NA,NA,NA,NA,NA,NA,NA,NA,NA,NA,NA,NA,NA,NA,NA,NA,NA,NA,NA,NA,NA,NA,NA,NA,NA,NA,NA,NA,NA,NA,NA,NA,NA,NA,NA,NA,NA,NA,NA
23. Pill (%),1.06,1.61,1.15,1.38,4.88,2.93,3.67,1.61,1.44,1.82,1.94,0.64,0.54,0.78,0.73,1.42,2.15,0.69,0.95,1.7,2.4,1.38,1.21,4.05,3.33,3.7,3.15,3.67,2.07,2.18,4.09,2.52,3.05,1.24,1.4,0.41,0.84,1.54,1.83,4.14,4.53,2,2.26,2.74,3.95,3.49,1.94,3.01,1.46,2.39,1.5,2.1,6.43,5.79,4.05,4.16,1.55,1.94,2.12,2,2.7,2.11,2.47,2.79,2.84,1.42,1.97,2.37,2.83,2.09,2.03,NA,NA,NA,NA,NA,NA,NA,NA,NA,NA,NA,NA,NA,NA,NA,NA,NA,NA,NA,NA,NA,NA,NA,NA,NA,NA,NA,NA,NA,NA,NA,NA,NA,NA,NA,NA,NA,NA,NA,NA,NA,NA,NA,NA,NA,NA,NA,NA,NA,NA,NA,NA,NA,NA,NA,NA,NA,NA,NA,NA,NA,NA,NA,NA,NA,NA,NA,NA,NA,NA,NA
24. Condom (%),11.22,12.27,9.61,10.29,22.61,15.14,17.98,4.89,6.06,6.28,7.71,4.19,6.11,3.97,5.62,4,5.03,3.46,4.83,3.3,5.23,2.83,4.28,18.16,7.17,12.78,6.55,8.55,4.68,5.64,17.21,7.51,10.79,4.66,5.56,2.8,4.09,4.06,4.77,4.5,5.09,7.12,8.65,16.66,8.2,11.41,5.37,9.38,6.34,8.86,4.56,7.15,9.01,12.43,10.27,10.4,4.89,5.57,3.63,5.76,20.85,9.13,16.34,6.32,7.34,8.38,10.21,5.46,8.26,5.52,7,NA,NA,NA,NA,NA,NA,NA,NA,NA,NA,NA,NA,NA,NA,NA,NA,NA,NA,NA,NA,NA,NA,NA,NA,NA,NA,NA,NA,NA,NA,NA,NA,NA,NA,NA,NA,NA,NA,NA,NA,NA,NA,NA,NA,NA,NA,NA,NA,NA,NA,NA,NA,NA,NA,NA,NA,NA,NA,NA,NA,NA,NA,NA,NA,NA,NA,NA,NA,NA,NA,NA
25. Total unmet need (%),8.76,8.51,7.52,9.16,8.13,8.76,8.52,14.38,15.88,12.76,12.76,12.19,11.72,16.5,18.09,16.04,16.43,13.54,13.59,14.99,15.6,13.68,14.1,15.28,11.42,13.39,15.47,15.71,15.55,14.93,9.74,12.21,11.38,14.18,13.48,15.42,14.84,13.4,13.14,14.91,14.38,12.6,12.26,8.85,7.31,7.9,9.61,9.9,10.22,10.74,13.03,12.42,14.6,13.46,9.19,9.72,9.29,9.73,16.48,15.25,7.39,6.59,7.08,7.12,8.09,9.52,9.42,12.51,12.74,9.45,9.08,NA,NA,NA,NA,NA,NA,NA,NA,NA,NA,NA,NA,NA,NA,NA,NA,NA,NA,NA,NA,NA,NA,NA,NA,NA,NA,NA,NA,NA,NA,NA,NA,NA,NA,NA,NA,NA,NA,NA,NA,NA,NA,NA,NA,NA,NA,NA,NA,NA,NA,NA,NA,NA,NA,NA,NA,NA,NA,NA,NA,NA,NA,NA,NA,NA,NA,NA,NA,NA,NA,NA
26. Unmet need for spacing (%),4,3.84,3.06,4.01,3.73,4.16,3.99,5.08,5.76,6,5.88,6.96,6.47,6.79,7.68,7.11,7.27,6.96,6.46,6.5,6.35,7.28,6.95,6.5,5.68,6.1,7.41,7.35,6.85,6.38,4.75,4.79,4.77,8.35,7.96,7.77,7.45,6.59,6.66,6.61,6.33,6.62,5.92,5.04,4.2,4.52,5.67,5.75,4.46,4.96,6.56,5.73,6.82,6.36,3.39,3.74,3.38,3.4,8.85,7.72,3.02,3.78,3.31,2.8,2.73,4.65,4.75,5.37,5.37,5.43,5.06,NA,NA,NA,NA,NA,NA,NA,NA,NA,NA,NA,NA,NA,NA,NA,NA,NA,NA,NA,NA,NA,NA,NA,NA,NA,NA,NA,NA,NA,NA,NA,NA,NA,NA,NA,NA,NA,NA,NA,NA,NA,NA,NA,NA,NA,NA,NA,NA,NA,NA,NA,NA,NA,NA,NA,NA,NA,NA,NA,NA,NA,NA,NA,NA,NA,NA,NA,NA,NA,NA,NA
27. Health worker ever talked to female non-users about family planning5 (%),17.88,17.89,15.8,17.34,12.64,8.3,10.02,20.97,20.09,21.38,21.69,13,13.26,14.7,14.41,26.39,24.19,20.01,19.16,16.52,18.27,10.16,10.75,19.06,19.43,19.25,13.29,14.38,22.75,21.82,18.17,13.96,15.34,11.12,11.28,13.19,12.94,14.25,13.99,13.14,15.39,28.48,24.41,12.56,15.6,14.43,20.01,22.28,12.53,15.85,22.98,20.95,12.36,11.85,12.73,13.65,18.49,17.56,14.28,15.56,19.21,30.61,23.59,8.68,9.68,17.77,18,27.7,27.11,15.73,15.38,NA,NA,NA,NA,NA,NA,NA,NA,NA,NA,NA,NA,NA,NA,NA,NA,NA,NA,NA,NA,NA,NA,NA,NA,NA,NA,NA,NA,NA,NA,NA,NA,NA,NA,NA,NA,NA,NA,NA,NA,NA,NA,NA,NA,NA,NA,NA,NA,NA,NA,NA,NA,NA,NA,NA,NA,NA,NA,NA,NA,NA,NA,NA,NA,NA,NA,NA,NA,NA,NA,NA
28. Current users ever told about side effects of current method (%),48.58,46.72,40.7,42,48.17,29.4,36.3,48.43,45.87,53.05,51.69,40.87,40.26,28.35,31.13,50.2,52.46,54.28,55.46,35.52,35.81,43.58,42.56,60.79,45.24,51.51,40.84,42.02,44.21,41.71,60.19,44.53,49.73,41.95,42.94,32.53,32.87,23.72,24.05,38.13,39.17,47.55,48.3,34.73,32.06,32.7,58.54,59.3,35.16,36.41,43.05,46.46,42.58,40.24,40.93,40,44.21,45.05,36.91,39.56,61.93,64.94,63.36,42.76,41.46,37.17,38.55,55.79,55.81,26.91,26.67,NA,NA,NA,NA,NA,NA,NA,NA,NA,NA,NA,NA,NA,NA,NA,NA,NA,NA,NA,NA,NA,NA,NA,NA,NA,NA,NA,NA,NA,NA,NA,NA,NA,NA,NA,NA,NA,NA,NA,NA,NA,NA,NA,NA,NA,NA,NA,NA,NA,NA,NA,NA,NA,NA,NA,NA,NA,NA,NA,NA,NA,NA,NA,NA,NA,NA,NA,NA,NA,NA,NA
29. Mothers who had antenatal check-up in the first trimester (%),62.28,64.77,67.66,70.65,79.84,60.64,67.45,55.14,56.72,61.36,63.31,49.86,51.98,42.72,44.82,50.91,52,47.48,47.63,51.36,57.45,56.33,57.35,80.13,62.71,71.4,78.82,81.34,52.95,52.58,70.99,55.58,60.5,38.2,40.92,46.46,47.96,52.91,54.99,54.76,54.22,66.03,67.07,82.12,71.98,75.22,76.85,74.65,81.09,81.13,70.28,70.03,68.19,70.08,71.57,73.07,62.55,62.72,66.33,69.38,89.42,79.33,85.49,75.7,76.77,62.6,66.02,56.81,59.87,54.16,54.16,NA,NA,NA,NA,NA,NA,NA,NA,NA,NA,NA,NA,NA,NA,NA,NA,NA,NA,NA,NA,NA,NA,NA,NA,NA,NA,NA,NA,NA,NA,NA,NA,NA,NA,NA,NA,NA,NA,NA,NA,NA,NA,NA,NA,NA,NA,NA,NA,NA,NA,NA,NA,NA,NA,NA,NA,NA,NA,NA,NA,NA,NA,NA,NA,NA,NA,NA,NA,NA,NA,NA
30. Mothers who had at least 4 antenatal care visits (%),45.35,52.07,22.58,24.72,59.05,26.65,38.16,16.88,18.28,46.73,45.39,19.23,21.75,14.24,17.22,28.57,30.73,29.39,29.3,29.2,33.84,28.21,28.35,67.82,49.65,58.72,47.85,49.07,42.72,42.22,56.5,32.57,40.2,17.51,18.39,14.51,16.2,28.35,31.02,29.32,31.66,44.63,47.85,61.51,46.67,51.42,47.92,49.54,26.33,30.34,41.27,41.91,39.39,39.18,42.63,45.9,42.56,43.38,21.44,22.72,62.95,52.04,58.7,46.51,46.23,33.37,36.48,40.81,45.88,29.61,30.73,NA,NA,NA,NA,NA,NA,NA,NA,NA,NA,NA,NA,NA,NA,NA,NA,NA,NA,NA,NA,NA,NA,NA,NA,NA,NA,NA,NA,NA,NA,NA,NA,NA,NA,NA,NA,NA,NA,NA,NA,NA,NA,NA,NA,NA,NA,NA,NA,NA,NA,NA,NA,NA,NA,NA,NA,NA,NA,NA,NA,NA,NA,NA,NA,NA,NA,NA,NA,NA,NA,NA
31. Mothers whose last birth was protected against neonatal tetanus6 (%),94.47,95.13,91.42,91.94,94.21,92.56,93.15,94.87,94.95,94.31,94.67,86.23,86.76,81.32,84.06,88.65,88.12,85.29,85.86,81.87,84.35,85.34,85.56,91.92,93.08,92.51,95.08,95.73,86.06,87.17,92.2,83.38,86.2,74.09,75.52,68.99,68.8,80.02,81.46,87.33,87.71,93.1,93.32,96.44,94.67,95.24,96.26,94.87,92.36,91.79,97.64,96.38,94.26,94.84,94.53,94.86,94.64,94.91,85.68,87.03,96.52,94.93,95.9,96.01,96.19,98.31,97.81,83.8,84.98,93.97,94.32,NA,NA,NA,NA,NA,NA,NA,NA,NA,NA,NA,NA,NA,NA,NA,NA,NA,NA,NA,NA,NA,NA,NA,NA,NA,NA,NA,NA,NA,NA,NA,NA,NA,NA,NA,NA,NA,NA,NA,NA,NA,NA,NA,NA,NA,NA,NA,NA,NA,NA,NA,NA,NA,NA,NA,NA,NA,NA,NA,NA,NA,NA,NA,NA,NA,NA,NA,NA,NA,NA,NA
32. Mothers who consumed iron folic acid for 100 days or more when they were pregnant (%),29.69,31.3,14.81,15.55,11.58,9.92,10.51,16.86,17.71,28.8,30.11,11.36,12.95,3.01,5.26,9.88,12.76,10.76,11.9,6.79,8.17,15.79,17.8,38.57,23.9,31.22,15.38,16.59,12.76,11.78,22.76,10.88,14.67,9.27,10.43,9.04,10.55,19.7,21.16,18.52,18.41,15.55,16,13.15,7.07,9.02,21.09,19.51,12.26,10.77,30.99,31.71,7.76,8.58,9.46,8.88,14.18,13.45,13.73,16.07,41.25,15.35,31.16,7.33,8.46,18.49,19.28,16.01,19.47,30.14,30.33,NA,NA,NA,NA,NA,NA,NA,NA,NA,NA,NA,NA,NA,NA,NA,NA,NA,NA,NA,NA,NA,NA,NA,NA,NA,NA,NA,NA,NA,NA,NA,NA,NA,NA,NA,NA,NA,NA,NA,NA,NA,NA,NA,NA,NA,NA,NA,NA,NA,NA,NA,NA,NA,NA,NA,NA,NA,NA,NA,NA,NA,NA,NA,NA,NA,NA,NA,NA,NA,NA,NA
33. Mothers who had full antenatal care7 (%),14.19,17.72,4.43,6.74,8.42,4.1,5.63,3.38,3.66,17.51,16.76,2.94,5.02,0.93,2.12,6.49,9.13,5.48,6.64,3.3,4.67,7.58,7.93,27.72,14.94,21.32,9.07,10.77,6.82,7.04,15.8,6.58,9.52,4.38,5.27,3.3,4.19,10.28,12.06,8.44,9.15,8.01,9.82,9.2,4.73,6.16,10.37,9.74,6.18,5.61,13.97,13.58,4.52,4.86,6.19,5.81,10.93,10.37,5.8,6.76,27.99,7.95,20.19,5.15,6.06,9.05,10.37,6.23,10.87,16.43,16.69,NA,NA,NA,NA,NA,NA,NA,NA,NA,NA,NA,NA,NA,NA,NA,NA,NA,NA,NA,NA,NA,NA,NA,NA,NA,NA,NA,NA,NA,NA,NA,NA,NA,NA,NA,NA,NA,NA,NA,NA,NA,NA,NA,NA,NA,NA,NA,NA,NA,NA,NA,NA,NA,NA,NA,NA,NA,NA,NA,NA,NA,NA,NA,NA,NA,NA,NA,NA,NA,NA,NA
34. Registered pregnancies for which the mother received Mother and Child Protection (MCP) card (%),96.68,96.88,94.79,93.85,93.13,96.1,95.05,94.94,94.26,97.16,94.3,91.21,92.32,89.33,89.16,88.72,87.77,89.3,88.94,89.86,88.81,90.68,91.05,84.61,94.76,89.86,91.09,91.96,91.38,91.76,91.94,90.8,91.2,80.47,78.5,85.89,86.63,87.77,87.65,89.61,89.94,91.93,92.86,95.57,95.24,95.35,98.53,97.79,94.05,94.54,98.53,97,94.72,95.25,95.31,95.12,93.81,93.89,87.56,88.93,92.47,95.3,93.57,96.39,96.45,98.64,98.83,90.47,89.99,91.51,91.39,NA,NA,NA,NA,NA,NA,NA,NA,NA,NA,NA,NA,NA,NA,NA,NA,NA,NA,NA,NA,NA,NA,NA,NA,NA,NA,NA,NA,NA,NA,NA,NA,NA,NA,NA,NA,NA,NA,NA,NA,NA,NA,NA,NA,NA,NA,NA,NA,NA,NA,NA,NA,NA,NA,NA,NA,NA,NA,NA,NA,NA,NA,NA,NA,NA,NA,NA,NA,NA,NA,NA
35. Mothers who received postnatal care from a doctor/nurse/LHV/ANM/midwife/other health personnel within 2 days of delivery (%),65.82,68.56,61.72,60.85,67.07,62.59,64.18,59.65,61.11,75.82,71.05,49.82,50.68,41.92,44.45,55.6,56.5,57.17,55.97,55.71,59.04,74.28,74.77,73.52,74.57,74.05,70.22,73.58,67.97,67.06,76.11,51.51,59.36,41.9,43.82,40.34,41.33,64.77,66.03,72.8,74.57,50.13,52.47,80.32,65.8,70.44,88.39,85.66,65.32,62.55,76.26,73.22,72.38,72.81,69.12,70.75,60.43,60.76,50.43,55.01,76.77,70.9,74.48,65.48,68.33,74.17,74.14,55.83,59.72,68.44,69.73,NA,NA,NA,NA,NA,NA,NA,NA,NA,NA,NA,NA,NA,NA,NA,NA,NA,NA,NA,NA,NA,NA,NA,NA,NA,NA,NA,NA,NA,NA,NA,NA,NA,NA,NA,NA,NA,NA,NA,NA,NA,NA,NA,NA,NA,NA,NA,NA,NA,NA,NA,NA,NA,NA,NA,NA,NA,NA,NA,NA,NA,NA,NA,NA,NA,NA,NA,NA,NA,NA,NA
36. Mothers who received financial assistance under Janani Suraksha Yojana (JSY) for births delivered in an institution (%),60.08,54.35,44.88,44.62,43.47,62.6,54.94,68.05,64.8,44.13,43.33,63.06,61.92,65.86,65.63,64.43,61.17,52.95,52.92,58.34,57.54,60.73,58.29,35.89,56.84,46.5,43.27,36.74,49.62,48.79,41.54,56.28,50.66,60.82,58.65,49.8,47.92,37.05,36.84,73.48,71.28,58.79,61.33,50.65,66.14,61,67.28,69.86,72.34,68.21,69.84,67.93,58.22,57.05,54.24,52.92,63.96,62.93,71.75,71.89,43.64,71.73,54.49,70.29,72.05,69.13,69.24,63.56,61.9,61.19,61.17,NA,NA,NA,NA,NA,NA,NA,NA,NA,NA,NA,NA,NA,NA,NA,NA,NA,NA,NA,NA,NA,NA,NA,NA,NA,NA,NA,NA,NA,NA,NA,NA,NA,NA,NA,NA,NA,NA,NA,NA,NA,NA,NA,NA,NA,NA,NA,NA,NA,NA,NA,NA,NA,NA,NA,NA,NA,NA,NA,NA,NA,NA,NA,NA,NA,NA,NA,NA,NA,NA,NA
37. Average out of pocket expenditure per delivery in public health facility (Rs.),729.41,662.26,1161.42,1130.27,2567.18,2456.84,2495.49,1450.97,1329.93,986.82,881.91,1480.51,1487.3,1808.36,1796.45,837.06,907.4,1896.45,1780.91,1727.87,1678.5,1632.44,1621.32,1714.28,2909.94,2364.97,2292.48,2385.88,8270.88,9395.07,12895.45,26503.62,22171.73,1474.01,1473.15,1267.62,1238.26,894.1,927.06,1263.34,1215.7,845.99,903.95,1940.23,1273.15,1462.93,919.54,804.98,756.37,674.07,1073.15,1014.07,1468.98,1506.62,1301.9,1358.99,2550.76,5033.25,875.31,841.85,1176.22,915.48,1049.51,6740.71,5673.9,763.13,846.36,889.61,946.95,776.86,757.89,NA,NA,NA,NA,NA,NA,NA,NA,NA,NA,NA,NA,NA,NA,NA,NA,NA,NA,NA,NA,NA,NA,NA,NA,NA,NA,NA,NA,NA,NA,NA,NA,NA,NA,NA,NA,NA,NA,NA,NA,NA,NA,NA,NA,NA,NA,NA,NA,NA,NA,NA,NA,NA,NA,NA,NA,NA,NA,NA,NA,NA,NA,NA,NA,NA,NA,NA,NA,NA,NA,NA
38. Children born at home who were taken to a health facility for check-up within 24 hours of birth (%),NA,NA,3.91,2.96,0.01,0.91,0.73,0,1.13,NA,NA,0.01,0.01,0,0,0.01,0,0.01,0.01,0.01,2.52,0.01,0.01,NA,NA,2.22,NA,4.7,0.01,0.01,11.61,0.87,2.17,1.17,1.13,0.84,0.81,0,0,2.23,2.05,0.01,0.01,NA,0.01,0,NA,NA,NA,NA,0.01,0.01,0.01,0.01,4.31,4.31,NA,NA,3.56,3.56,NA,NA,3.13,NA,NA,NA,NA,0,0,2.8,2.71,*,*,NA,NA,NA,NA,NA,NA,NA,*,*,NA,NA,NA,NA,NA,NA,NA,NA,NA,NA,NA,NA,*,*,NA,*,NA,NA,NA,NA,NA,NA,NA,NA,NA,NA,NA,NA,NA,NA,NA,NA,*,NA,NA,*,*,*,*,NA,NA,NA,NA,NA,NA,*,*,NA,NA,*,*,NA,*,*,*,*,NA,NA,NA,NA
39. Children who received postnatal care from a doctor/nurse/LHV/ANM/midwife/other health personnel within 2 days of delivery (%),25.01,29.87,21.8,21.06,20.01,23.48,22.25,12.48,14.9,23.59,21.1,13.38,14.56,16.48,16.12,17.89,18.03,18.7,20.29,21.75,24.03,10.87,10.79,20.04,28.24,24.15,25.23,26.14,20.81,20.56,30.08,25.35,26.86,12.11,11.64,18.84,19.19,26.56,28.65,16.64,18.41,10.2,12.86,28.09,25.68,26.45,26.78,26.26,25.26,24.53,22.29,22.33,33.59,33.21,29.65,31.53,35.61,33.99,14.28,14.18,31.61,40.83,35.2,31.28,31.23,17.95,17.3,20.55,21.26,21.7,22.85,NA,NA,NA,NA,NA,NA,NA,NA,NA,NA,NA,NA,NA,NA,NA,NA,NA,NA,NA,NA,NA,NA,NA,NA,NA,NA,NA,NA,NA,NA,NA,NA,NA,NA,NA,NA,NA,NA,NA,NA,NA,NA,NA,NA,NA,NA,NA,NA,NA,NA,NA,NA,NA,NA,NA,NA,NA,NA,NA,NA,NA,NA,NA,NA,NA,NA,NA,NA,NA,NA,NA
40. Institutional births (%),91.87,88.79,83.36,84.19,86.57,67.42,73.43,80.3,80.63,97,96.93,80.16,81.91,77.26,79.56,85.72,85.37,87.42,88.31,87.37,87.41,89.23,89.55,92.69,94.98,93.88,90.91,92.04,88.04,86.96,88.63,66.33,72.69,48.71,49.82,59.9,60.25,83.33,83.9,82.56,84.16,80.97,83.05,90.16,85.86,87.19,95.72,93.58,91.55,92.41,80.81,81.83,83.68,84.65,85.71,86.41,92.8,93.13,83.72,85.56,92.53,91.56,92.13,97.07,96.98,94.04,93.9,70.57,73.72,89.27,89.49,NA,NA,NA,NA,NA,NA,NA,NA,NA,NA,NA,NA,NA,NA,NA,NA,NA,NA,NA,NA,NA,NA,NA,NA,NA,NA,NA,NA,NA,NA,NA,NA,NA,NA,NA,NA,NA,NA,NA,NA,NA,NA,NA,NA,NA,NA,NA,NA,NA,NA,NA,NA,NA,NA,NA,NA,NA,NA,NA,NA,NA,NA,NA,NA,NA,NA,NA,NA,NA,NA,NA
41. Institutional births in public facility (%),70.62,65.21,56.4,53.86,62.07,58.77,59.81,64.23,61.77,60.75,59.37,64.88,64.39,67.44,67.81,80.07,76.98,59.6,60.26,71.12,68.9,59.54,58.12,53.33,57.41,55.45,52.45,49.09,70.56,67.38,56.44,57.84,57.44,43.23,42.23,45.96,44.54,44.75,44.51,55.01,55.99,64.93,67.36,59.83,73.83,69.5,76.58,76.45,83.67,82.89,64.07,61.35,69.27,67.12,72.61,71.68,84.58,84.38,77.06,77.49,55.64,80.83,65.95,91.89,90.43,89.51,88.03,63.19,63.84,85.2,84.31,NA,NA,NA,NA,NA,NA,NA,NA,NA,NA,NA,NA,NA,NA,NA,NA,NA,NA,NA,NA,NA,NA,NA,NA,NA,NA,NA,NA,NA,NA,NA,NA,NA,NA,NA,NA,NA,NA,NA,NA,NA,NA,NA,NA,NA,NA,NA,NA,NA,NA,NA,NA,NA,NA,NA,NA,NA,NA,NA,NA,NA,NA,NA,NA,NA,NA,NA,NA,NA,NA,NA
42. Home delivery conducted by skilled health personnel (out of total deliveries) (%),1.33,1.46,6.64,6.44,3.85,9.18,7.51,6.46,6.71,1.37,1.03,1.79,1.59,2.02,2.43,1.59,1.87,1.56,1.41,2.15,2.53,2.55,2.5,3.33,0.23,1.72,4.58,3.7,4.33,4.43,2.23,7.2,5.78,13.18,12.72,10.23,10.2,4.14,3.99,1.48,1.79,2.5,2.47,1.61,1.16,1.3,0,2.4,1.19,1.19,2.38,2.39,2.86,3.01,0.9,0.86,2.6,2.48,3.72,3.22,1.34,0.58,1.03,0,0,1.29,1.38,0.94,0.84,1.36,1.5,NA,NA,NA,NA,NA,NA,NA,NA,NA,NA,NA,NA,NA,NA,NA,NA,NA,NA,NA,NA,NA,NA,NA,NA,NA,NA,NA,NA,NA,NA,NA,NA,NA,NA,NA,NA,NA,NA,NA,NA,NA,NA,NA,NA,NA,NA,NA,NA,NA,NA,NA,NA,NA,NA,NA,NA,NA,NA,NA,NA,NA,NA,NA,NA,NA,NA,NA,NA,NA,NA,NA
43. Births assisted by a doctor/nurse/LHV/ANM/other health personnel (%),93.57,90.76,89.99,90.27,90.42,76.44,80.83,85.3,86.03,98.36,97.96,79.16,81.03,76.97,79.77,85.6,85.82,83.43,83.62,88.82,89.37,91.07,91.15,95.45,94.98,95.21,94.89,95.31,91.5,90.93,90.36,73.13,78.04,61.31,62,70.13,70.45,87.48,87.89,84.04,85.95,83.48,85.52,91.53,87.01,88.41,95.72,95.98,92.74,93.6,83.19,84.22,86.28,87.42,86.39,87.05,95.4,95.61,87.12,88.84,93.87,91.59,92.93,96.78,96.47,95.32,95.28,71.74,74.76,90.42,90.78,NA,NA,NA,NA,NA,NA,NA,NA,NA,NA,NA,NA,NA,NA,NA,NA,NA,NA,NA,NA,NA,NA,NA,NA,NA,NA,NA,NA,NA,NA,NA,NA,NA,NA,NA,NA,NA,NA,NA,NA,NA,NA,NA,NA,NA,NA,NA,NA,NA,NA,NA,NA,NA,NA,NA,NA,NA,NA,NA,NA,NA,NA,NA,NA,NA,NA,NA,NA,NA,NA,NA
44. Births delivered by caesarean section (%),13.42,13.27,8.93,8.67,16.11,3.76,7.64,3.24,3.65,6.15,6.54,5.53,7.43,6.1,6.94,3.54,5.68,7.71,7.6,4.7,4.82,10.86,11.88,20.1,11.24,15.5,9.72,10.85,8.57,8.25,21.16,5.63,10.05,3.44,4.61,4.13,5.06,4.96,5.9,4.63,5.79,7.77,8.83,19.74,6.69,10.73,4.65,6.25,10.07,10.67,8.34,9.24,6.79,8.11,5.55,6.7,5.75,7.03,4.86,6.88,19.78,8.56,15.19,6.98,8.03,5.64,7.72,4.91,8.37,2.46,2.71,NA,NA,NA,NA,NA,NA,NA,NA,NA,NA,NA,NA,NA,NA,NA,NA,NA,NA,NA,NA,NA,NA,NA,NA,NA,NA,NA,NA,NA,NA,NA,NA,NA,NA,NA,NA,NA,NA,NA,NA,NA,NA,NA,NA,NA,NA,NA,NA,NA,NA,NA,NA,NA,NA,NA,NA,NA,NA,NA,NA,NA,NA,NA,NA,NA,NA,NA,NA,NA,NA,NA
45. Births in a private health facility delivered by caesarean section (%),32.79,34.85,21.03,19.95,30.34,17.75,24.86,10.12,11.4,14.27,14.68,22.92,27.93,32.25,28.94,32.76,37.54,19.04,18.25,12.66,13.47,20.3,21.23,28.36,12.2,20.17,20.38,20.85,26.3,22.19,35.95,20.59,29.83,35.91,38.34,24.49,27.93,10.77,13.1,12.95,16.19,29.94,32.13,28.29,25.7,27.07,12.17,14.67,NA,49.77,28.1,27.35,17.6,20.01,28.27,31.19,23.89,26.82,NA,NA,33.6,44.39,35.41,NA,40.55,NA,NA,19.44,28.71,NA,35.63,NA,NA,NA,NA,NA,NA,NA,NA,NA,NA,NA,NA,NA,NA,NA,NA,NA,NA,NA,NA,NA,NA,NA,NA,NA,NA,NA,NA,NA,NA,NA,NA,NA,NA,NA,NA,NA,NA,NA,NA,NA,NA,NA,NA,NA,NA,NA,NA,*,NA,NA,NA,NA,NA,NA,NA,NA,NA,*,*,NA,NA,NA,*,NA,*,*,NA,NA,*,NA
46. Births in a public health facility delivered by caesarean section (%),9.14,7.74,5.79,4.86,13.98,3.78,7.1,2.51,2.43,1.61,1.72,3.12,3.93,4.34,5.23,2.11,3.29,4.04,4.12,3.71,3.38,8.11,8.97,16.75,11.6,13.98,3.59,3.85,5.63,5.8,16.99,6.7,9.58,3.41,4.03,1.55,1.52,1.79,1.66,1.94,2.19,4.57,5.63,18.66,4.88,8.55,3.03,4.89,6.88,7.16,5.68,5.93,6.15,6.86,2.53,2.94,4.48,5.55,3.25,5.8,13.28,4.7,8.97,5.29,5.94,4.79,6.85,5.51,8.66,1.07,1.02,NA,NA,NA,NA,NA,NA,NA,NA,NA,NA,NA,NA,NA,NA,NA,NA,NA,NA,NA,NA,NA,NA,NA,NA,NA,NA,NA,NA,NA,NA,NA,NA,NA,NA,NA,NA,NA,NA,NA,NA,NA,NA,NA,NA,NA,NA,NA,NA,NA,NA,NA,NA,NA,NA,NA,NA,NA,NA,NA,NA,NA,NA,NA,NA,NA,NA,NA,NA,NA,NA,NA
47. Children age 12-23 months fully immunized (BCG measles and 3 doses each of polio/DPT) (%),81.31,79.9,63.36,62.08,55.59,56.18,56,58.62,57.43,71.06,65.13,45.48,47.37,49.14,50.47,57.92,55.79,53.84,54.55,42.47,46.02,53.7,56.97,54.22,63.73,58.21,57.54,56.84,43.69,44.44,54.47,36.33,42.1,39.25,38.61,36.06,35.99,35.73,35.72,43.22,47.14,54.81,57.55,71.11,65.22,67.14,73.19,75.93,65.96,63.04,63.97,66.45,60.12,60.04,64.87,65.77,47.85,46.05,40.37,42.44,72.87,69.04,71.24,66.33,68.02,72.48,75.39,37.16,43.93,66.77,66.32,NA,NA,NA,NA,NA,NA,NA,NA,NA,NA,NA,NA,NA,NA,NA,NA,NA,NA,NA,NA,NA,NA,NA,NA,NA,NA,NA,NA,NA,NA,NA,NA,NA,NA,NA,NA,NA,NA,NA,NA,NA,NA,NA,NA,NA,NA,NA,NA,NA,NA,NA,NA,NA,NA,NA,NA,NA,NA,NA,NA,NA,NA,NA,NA,NA,NA,NA,NA,NA,NA,NA
48. Children age 12-23 months who have received BCG (%),98.31,97.77,88.75,92.17,94.46,84.07,87.31,95.29,94.12,96.14,94.55,80.49,80.65,73.58,77.53,92.86,90.82,92.17,92.79,84.09,82.72,95.63,96.14,100,95.24,98,89.24,90.72,81.69,83.87,94.44,80.41,84.87,81.72,81.3,68.83,68.77,72.62,74.11,76.77,76.81,93.75,93.49,98.59,91.43,93.76,98.28,98.72,95.09,95.79,96.17,96.22,97.24,97.46,93.51,93.68,90.59,90.15,95.23,95.75,97.17,98.66,97.8,98.78,98.98,96.26,96.65,77.63,80.45,97.42,97.54,NA,NA,NA,NA,NA,NA,NA,NA,NA,NA,NA,NA,NA,NA,NA,NA,NA,NA,NA,NA,NA,NA,NA,NA,NA,NA,NA,NA,NA,NA,NA,NA,NA,NA,NA,NA,NA,NA,NA,NA,NA,NA,NA,NA,NA,NA,NA,NA,NA,NA,NA,NA,NA,NA,NA,NA,NA,NA,NA,NA,NA,NA,NA,NA,NA,NA,NA,NA,NA,NA,NA
49. Children age 12-23 months who have received 3 doses of polio vaccine (%),90.37,87.61,75.88,72.24,64.29,60.22,61.49,66.91,64.91,85.39,75.55,52.55,54.09,55.83,56.59,76.71,75.42,67.94,67.54,63.78,64.81,61.09,64.52,64.29,72.13,67.59,66.21,63.88,66.63,62.48,66.11,52.79,57.02,54.18,53.28,51.91,52.29,43.26,44.33,54.92,58.98,66.27,69.7,80.67,77.44,78.5,80.87,82.73,67.65,67.27,71.23,74.53,69.45,69.68,77.49,78.07,68.8,66.21,55.74,56.13,80.36,76.6,78.76,74.74,75.06,74.45,77.15,49.6,54.81,74.31,73.52,NA,NA,NA,NA,NA,NA,NA,NA,NA,NA,NA,NA,NA,NA,NA,NA,NA,NA,NA,NA,NA,NA,NA,NA,NA,NA,NA,NA,NA,NA,NA,NA,NA,NA,NA,NA,NA,NA,NA,NA,NA,NA,NA,NA,NA,NA,NA,NA,NA,NA,NA,NA,NA,NA,NA,NA,NA,NA,NA,NA,NA,NA,NA,NA,NA,NA,NA,NA,NA,NA,NA
50. Children age 12-23 months who have received 3 doses of DPT vaccine (%),92.59,90.89,83.69,84.23,73.09,68.44,69.89,79.2,79.58,85.86,82.47,68.56,69.31,57.58,60.69,71.57,69.94,66.65,66.35,62.52,62.87,80.22,81.43,75.27,79.22,76.93,71.87,69.08,64.17,62.75,78.09,56.04,63.05,56.06,55.01,50.98,51.38,45.76,46.56,64,66.17,66.32,68.59,92.56,83.19,86.24,90.34,92.79,76.78,74.99,91.37,90.66,76.07,77.96,75.19,75.83,72.09,70.92,54.78,57.49,87.81,81.9,85.3,78.73,81.11,80.22,82.31,58.57,63.79,79.31,79.27,NA,NA,NA,NA,NA,NA,NA,NA,NA,NA,NA,NA,NA,NA,NA,NA,NA,NA,NA,NA,NA,NA,NA,NA,NA,NA,NA,NA,NA,NA,NA,NA,NA,NA,NA,NA,NA,NA,NA,NA,NA,NA,NA,NA,NA,NA,NA,NA,NA,NA,NA,NA,NA,NA,NA,NA,NA,NA,NA,NA,NA,NA,NA,NA,NA,NA,NA,NA,NA,NA,NA
51. Children age 12-23 months who have received measles vaccine (%),94.07,92.97,87.5,89.86,75.13,73.16,73.77,82.05,83.69,91.41,89.38,78.1,78.38,65.98,70.31,78.63,77.23,78.47,79.14,70.98,71.32,84.29,84,91.23,81.81,87.27,83.63,81.99,73.71,76.11,86.69,69.84,75.2,56.74,56.45,50.08,49.65,51.29,52.94,63.7,65,72.89,75.41,86,81.5,82.96,92.36,93.24,86.85,85.94,87.41,86.99,83.58,83.84,83.41,83.83,78.03,77.35,78.38,80.74,87.53,83.95,86,94.26,95.2,90.39,91.41,61.38,66.25,83.76,83.52,NA,NA,NA,NA,NA,NA,NA,NA,NA,NA,NA,NA,NA,NA,NA,NA,NA,NA,NA,NA,NA,NA,NA,NA,NA,NA,NA,NA,NA,NA,NA,NA,NA,NA,NA,NA,NA,NA,NA,NA,NA,NA,NA,NA,NA,NA,NA,NA,NA,NA,NA,NA,NA,NA,NA,NA,NA,NA,NA,NA,NA,NA,NA,NA,NA,NA,NA,NA,NA,NA,NA
52. Children age 12-23 months who have received 3 doses of Hepatitis B vaccine (%),78.06,74.94,63.18,58.75,56.51,51.97,53.39,58.76,58.49,69.31,62.84,36.13,37.68,40.14,42.68,58.81,57.57,47.09,47.33,48.64,49.79,61.37,62.02,45.85,54.36,49.42,55.66,54.45,38.56,39.58,55.81,34.06,40.98,41.42,40.61,37.19,37.95,34.87,34.94,47.04,51.15,53.77,55.52,75.34,69.97,71.72,71.02,74.3,65.98,61.73,76.99,77.4,57.78,58.62,64.37,65.28,46.85,45.09,42.98,44.77,78.34,59.92,70.5,58.18,61.2,70.76,71.98,43.82,47.62,59.96,59.82,NA,NA,NA,NA,NA,NA,NA,NA,NA,NA,NA,NA,NA,NA,NA,NA,NA,NA,NA,NA,NA,NA,NA,NA,NA,NA,NA,NA,NA,NA,NA,NA,NA,NA,NA,NA,NA,NA,NA,NA,NA,NA,NA,NA,NA,NA,NA,NA,NA,NA,NA,NA,NA,NA,NA,NA,NA,NA,NA,NA,NA,NA,NA,NA,NA,NA,NA,NA,NA,NA,NA
53. Children age 9-59 months who received a vitamin A dose in last 6 months (%),61.46,59.21,45.21,45.56,28.14,26.34,26.92,32.85,34.61,58.41,55.66,42.48,43.02,33.88,36.6,40.29,43.26,39.2,39.77,38.95,38.97,29.59,30.81,58.35,42.42,50.23,42.42,41.31,44.63,46.55,59.3,42.35,47.36,22.39,22.37,22.73,22.85,38.5,38.88,30.31,34.23,25.46,32.06,25.36,23.48,24.05,37.27,39.14,44.12,42.66,41.83,44.82,19.9,18.1,14.95,15.41,46.27,45.6,38.37,40.83,38.96,32.64,36.46,59.8,60.87,60.21,62.34,30.6,32.39,53.07,53.26,NA,NA,NA,NA,NA,NA,NA,NA,NA,NA,NA,NA,NA,NA,NA,NA,NA,NA,NA,NA,NA,NA,NA,NA,NA,NA,NA,NA,NA,NA,NA,NA,NA,NA,NA,NA,NA,NA,NA,NA,NA,NA,NA,NA,NA,NA,NA,NA,NA,NA,NA,NA,NA,NA,NA,NA,NA,NA,NA,NA,NA,NA,NA,NA,NA,NA,NA,NA,NA,NA,NA
54. Children age 12-23 months who received most of the vaccinations in public health facility (%),98.37,94.87,98.11,95.6,94.61,97.89,96.82,98.44,97.66,98.11,97.09,97.43,97.57,95.15,96.13,96.16,94.53,96.24,95.49,94.28,94.39,95.42,95.97,83.31,97.35,89.04,88.25,84.39,98.68,98.97,81.81,98.76,92.97,89.46,88.48,89.99,90.2,84.73,84.57,96.48,93.52,95.14,95.81,94.65,98.75,97.4,100,98.64,100,100,95.92,93.37,94.32,94.78,97.8,96.95,95.8,95.93,97.66,95.83,84.05,100,90.79,94.89,95.74,100,100,95.49,96.12,100,100,NA,NA,NA,NA,NA,NA,NA,NA,NA,NA,NA,NA,NA,NA,NA,NA,NA,NA,NA,NA,NA,NA,NA,NA,NA,NA,NA,NA,NA,NA,NA,NA,NA,NA,NA,NA,NA,NA,NA,NA,NA,NA,NA,NA,NA,NA,NA,NA,NA,NA,NA,NA,NA,NA,NA,NA,NA,NA,NA,NA,NA,NA,NA,NA,NA,NA,NA,NA,NA,NA,NA
55. Children age 12-23 months who received most of the vaccinations in private health facility (%),1.63,5.13,1.89,4.4,5.39,2.11,3.18,0,1.11,0,1.5,2.57,2.43,2.48,1.98,0,2.01,2.57,3.42,1.51,2.21,0,0,16.69,2.65,10.96,11.75,15.61,1.32,1.03,18.19,0,6.21,3.64,5.19,3.81,3.73,13.81,14.1,2.43,4.24,3.29,2.83,5.35,1.25,2.6,0,1.36,0,0,1.99,5.25,3.16,2.91,2.2,3.05,2.14,2.07,2.34,4.17,15.95,0,9.21,0,0,0.01,0,1.5,1.29,0,0,NA,NA,NA,NA,NA,NA,NA,NA,NA,NA,NA,NA,NA,NA,NA,NA,NA,NA,NA,NA,NA,NA,NA,NA,NA,NA,NA,NA,NA,NA,NA,NA,NA,NA,NA,NA,NA,NA,NA,NA,NA,NA,NA,NA,NA,NA,NA,NA,NA,NA,NA,NA,NA,NA,NA,NA,NA,NA,NA,NA,NA,NA,NA,NA,NA,NA,NA,NA,NA,NA,NA
56. Prevalence of diarrhoea (reported) in the last 2 weeks preceding the survey (%),8.01,6.38,3.9,4.81,12.65,8,9.46,5.75,6.13,6.56,7.75,7.41,6.74,9.4,10.12,8.36,8.46,8.52,9.93,8.98,9.45,7.2,6.9,15.15,11.38,13.19,9.71,9.35,4.71,4.07,5.69,6.1,5.98,7.61,7.24,4.8,4.95,4.22,4.63,6.94,6.66,5.4,5.26,10.61,8.34,9.05,4.11,4.14,3.73,4.2,5.61,6.65,12.18,11.86,9.08,9.74,2.92,2.79,4.69,5.28,3.06,7.21,4.76,2.64,2.35,4.15,4.06,8.35,8.9,6.18,6.2,NA,NA,NA,NA,NA,NA,NA,NA,NA,NA,NA,NA,NA,NA,NA,NA,NA,NA,NA,NA,NA,NA,NA,NA,NA,NA,NA,NA,NA,NA,NA,NA,NA,NA,NA,NA,NA,NA,NA,NA,NA,NA,NA,NA,NA,NA,NA,NA,NA,NA,NA,NA,NA,NA,NA,NA,NA,NA,NA,NA,NA,NA,NA,NA,NA,NA,NA,NA,NA,NA,NA
57. Children with diarrhoea in the last 2 weeks who received oral rehydration salts (ORS) (%),NA,NA,NA,NA,55.91,49.47,52.18,NA,47.91,NA,64.79,42.09,43.44,38.56,38.43,39.81,39.39,58.62,60.65,29.17,29.58,56.02,55.23,67.5,52.04,60.57,65.89,63.36,NA,NA,NA,46.74,51.53,54.03,55.15,51.29,47.25,NA,NA,59.98,59.38,NA,NA,86.03,71.3,76.7,NA,NA,NA,NA,NA,NA,66.8,67.28,80.27,82.54,NA,NA,NA,NA,NA,52.71,65.21,NA,NA,NA,NA,46.4,50.35,68.38,70.25,*,*,*,*,NA,NA,NA,*,NA,*,NA,NA,NA,NA,NA,NA,NA,NA,NA,NA,NA,NA,NA,NA,NA,NA,NA,NA,*,*,*,NA,NA,NA,NA,NA,NA,*,*,NA,NA,*,*,NA,NA,NA,*,*,*,*,*,*,NA,NA,NA,NA,*,*,*,*,*,NA,NA,*,*,*,*,NA,NA,NA,NA
58. Children with diarrhoea in the last 2 weeks who received zinc (%),NA,NA,NA,NA,25.42,4.53,13.3,NA,7.9,NA,6.38,32.96,32.19,11.77,17.93,19.06,22.55,13.9,14.89,5.93,10.32,7.45,6.94,12.35,24.28,17.7,15.63,14.31,NA,NA,NA,23.58,24.07,10.37,10.12,16.46,15.17,NA,NA,14.61,12.39,NA,NA,25.55,9.87,15.62,NA,NA,NA,NA,NA,NA,9.13,10.38,7.1,6.28,NA,NA,NA,NA,NA,41.3,41.93,NA,NA,NA,NA,15.5,17.62,15.19,14.29,*,*,*,*,NA,NA,NA,*,NA,*,NA,NA,NA,NA,NA,NA,NA,NA,NA,NA,NA,NA,NA,NA,NA,NA,NA,NA,*,*,*,NA,NA,NA,NA,NA,NA,*,*,NA,NA,*,*,NA,NA,NA,*,*,*,*,*,*,NA,NA,NA,NA,*,*,*,*,*,NA,NA,*,*,*,*,NA,NA,NA,NA
59. Children with diarrhoea in the last 2 weeks taken to a health facility (%),NA,NA,NA,NA,81.26,70.02,74.74,NA,59.39,NA,86.69,66.06,66.85,64.68,67.84,67.31,68.73,78.67,78.01,71.33,74.18,77.16,74.93,79.25,74.27,77.02,78.67,80.81,NA,NA,NA,50.35,54.68,72.71,73.37,68.62,67.88,NA,NA,82.55,82.37,NA,NA,83.11,80.45,81.43,NA,NA,NA,NA,NA,NA,86.52,87.49,77.02,79.67,NA,NA,NA,NA,NA,70.7,73.15,NA,NA,NA,NA,62.66,68.89,85.55,86.4,*,*,*,*,NA,NA,NA,*,NA,*,NA,NA,NA,NA,NA,NA,NA,NA,NA,NA,NA,NA,NA,NA,NA,NA,NA,NA,*,*,*,NA,NA,NA,NA,NA,NA,*,*,NA,NA,*,*,NA,NA,NA,*,*,*,*,*,*,NA,NA,NA,NA,*,*,*,*,*,NA,NA,*,*,*,*,NA,NA,NA,NA
60. Prevalence of symptoms of acute respiratory infection (ARI) in the last 2 weeks preceding the survey (%),2.46,2.28,2.08,1.78,1.4,2.16,1.92,0.31,0.45,3.19,2.74,3.53,3.13,5.4,5.22,1.74,1.59,2.27,2.23,5.48,4.79,4.33,4.07,3.97,4.83,4.41,3.55,3.24,2.61,2.49,0.56,0.63,0.61,2.68,2.66,1.8,1.71,2.74,2.85,0.48,0.58,0.31,0.7,0.67,0.89,0.82,0.33,0.51,0.76,0.85,1.22,1.22,0.48,0.64,0.22,0.21,0.48,0.46,1.31,1.14,0,0.56,0.23,0,0.46,1.51,1.34,0.75,0.67,2.6,2.64,NA,NA,NA,NA,NA,NA,NA,NA,NA,NA,NA,NA,NA,NA,NA,NA,NA,NA,NA,NA,NA,NA,NA,NA,NA,NA,NA,NA,NA,NA,NA,NA,NA,NA,NA,NA,NA,NA,NA,NA,NA,NA,NA,NA,NA,NA,NA,NA,NA,NA,NA,NA,NA,NA,NA,NA,NA,NA,NA,NA,NA,NA,NA,NA,NA,NA,NA,NA,NA,NA,NA
61. Children with fever or symptoms of ARI in the last 2 weeks preceding the survey taken to a health facility (%),NA,83.57,NA,77.71,91.4,89.14,89.82,83.5,84.52,86.18,89.58,80.85,82.38,71.43,75.03,70.04,73.59,76.56,75.54,81.14,83.03,87.26,88.73,79.7,87.81,83.78,87.88,89.87,60.2,65.7,79.55,80.52,80.16,89.96,90.43,81.77,80.05,86.15,87.85,88.38,90.86,68.76,72.95,NA,84.23,83.87,NA,81.02,NA,NA,NA,NA,89.04,88.85,85.56,87.31,NA,NA,82.69,81.87,NA,72.6,73.99,NA,NA,NA,NA,NA,79.03,88.27,88.65,*,NA,*,NA,NA,NA,NA,NA,NA,NA,NA,NA,NA,NA,NA,NA,NA,NA,NA,NA,NA,NA,NA,NA,NA,NA,NA,NA,NA,NA,NA,NA,NA,NA,NA,NA,NA,NA,NA,NA,NA,NA,NA,*,NA,NA,*,NA,*,*,*,*,NA,NA,NA,NA,*,*,NA,NA,*,NA,NA,*,*,*,*,*,NA,NA,NA
62. Children under age 3 years breastfed within one hour of birth8 (%),27,27.84,28.42,26.05,17.59,15.34,16.07,40.54,41.93,28.63,26.92,29.78,29.65,36.35,32.5,35.11,34.27,39.15,38.76,33.49,32.87,23.1,23.58,21.77,31.15,26.47,25.01,24.7,25.13,22.75,38.86,29.13,32.07,31.85,30.86,28.57,27.63,22.07,23.95,25.32,28.56,31.42,30.52,18.68,18.46,18.53,45.17,42.96,26.77,26.84,35.07,37.35,14.62,14.57,17.6,17.45,38.98,37.81,22.45,23.35,30.26,33.81,31.75,44.01,44.09,33.12,33.18,22.1,22.53,30.3,30.14,NA,NA,NA,NA,NA,NA,NA,NA,NA,NA,NA,NA,NA,NA,NA,NA,NA,NA,NA,NA,NA,NA,NA,NA,NA,NA,NA,NA,NA,NA,NA,NA,NA,NA,NA,NA,NA,NA,NA,NA,NA,NA,NA,NA,NA,NA,NA,NA,NA,NA,NA,NA,NA,NA,NA,NA,NA,NA,NA,NA,NA,NA,NA,NA,NA,NA,NA,NA,NA,NA,NA
63. Children under age 6 months exclusively breastfed9 (%),68.29,68.37,64.43,61.75,79.44,77.15,77.82,91.53,91.3,89.34,89.12,59.84,55.01,56.54,55.25,57.56,56.3,63.77,64.16,53.47,57.57,69.24,68.07,60.84,80.86,72.38,64.43,67.82,71.86,71,61.56,44.71,49.32,53.28,55.57,32.55,34.87,55.54,56.24,42.41,39.56,NA,48.79,56.66,52.7,53.95,NA,40.5,NA,36.47,NA,NA,62.5,64.16,41.48,44.44,56,57.13,39.33,35.89,NA,37.8,42.8,67.26,63.51,61.26,60.62,49.27,48.02,46.2,44.7,NA,NA,NA,NA,NA,NA,NA,NA,NA,NA,NA,NA,NA,NA,NA,NA,NA,NA,NA,NA,NA,NA,NA,NA,NA,NA,NA,NA,NA,NA,NA,NA,NA,NA,NA,NA,NA,NA,NA,NA,NA,*,NA,NA,NA,NA,*,NA,*,NA,*,*,NA,NA,NA,NA,NA,NA,NA,NA,*,NA,NA,NA,NA,NA,NA,NA,NA,NA,NA
64. Children age 6-8 months receiving solid or semi-solid food and breastmilk9 (%),NA,NA,NA,NA,NA,30.65,30.29,NA,NA,NA,NA,21.63,28.12,36.18,40.24,29.89,25.13,NA,NA,22.91,31.72,NA,32.33,NA,NA,42.2,NA,NA,NA,19.85,NA,NA,43.85,24.43,24.43,42.02,38.36,27.22,27.4,NA,29.01,NA,NA,NA,NA,34.1,NA,29.37,NA,NA,NA,NA,24.71,26.94,NA,NA,NA,NA,NA,NA,NA,32.17,35.95,NA,NA,NA,NA,11.38,10.99,7.36,7.36,*,*,*,*,*,NA,NA,*,*,*,*,NA,NA,NA,NA,NA,NA,*,*,NA,NA,*,NA,*,*,NA,*,*,*,NA,*,*,NA,NA,NA,NA,NA,NA,NA,*,NA,*,*,*,*,NA,*,NA,*,*,*,*,NA,NA,*,*,*,*,*,*,*,NA,NA,*,*,*,*,NA,NA,NA,NA
65. Breastfeeding children age 6-23 months receiving an adequate diet9 10 (%),4.97,5.04,0,2.63,2.23,1.3,1.54,5.9,4.85,1.69,4.95,2.93,5.17,12.66,10.11,4.04,3.57,1.92,1.74,4.55,4.28,3.18,3.63,3.5,2.12,2.82,6.68,4.58,5.53,5.42,6.82,2.98,4.18,3.78,4.21,1.7,1.61,1.03,0.98,6.06,5.76,4.02,3.38,0,0,0,6.96,6.07,2.61,2.15,6.19,5.15,0.95,0.86,0,0,0.91,0.88,0,0,0,1.03,0.46,2.2,2.74,1.35,1.2,3.41,3.08,0.91,0.89,NA,NA,NA,NA,NA,NA,NA,NA,NA,NA,NA,NA,NA,NA,NA,NA,NA,NA,NA,NA,NA,NA,NA,NA,NA,NA,NA,NA,NA,NA,NA,NA,NA,NA,NA,NA,NA,NA,NA,NA,NA,NA,NA,NA,NA,NA,NA,NA,NA,NA,NA,NA,NA,NA,NA,NA,NA,NA,NA,NA,NA,NA,NA,NA,NA,NA,NA,NA,NA,NA,NA
66. Non-breastfeeding children age 6-23 months receiving an adequate diet9 10 (%),0.01,0.01,NA,NA,0.01,NA,0.01,NA,NA,3.26,2.69,11.93,11.2,0.01,0.01,NA,NA,NA,NA,NA,NA,NA,NA,NA,NA,2.93,NA,4.54,NA,NA,NA,NA,0.01,NA,NA,NA,NA,NA,0.01,NA,NA,NA,NA,NA,0.01,2.89,NA,NA,NA,NA,NA,NA,NA,NA,NA,NA,NA,NA,NA,NA,NA,NA,NA,NA,NA,NA,NA,NA,NA,NA,NA,NA,NA,*,*,NA,*,NA,*,*,NA,NA,NA,NA,NA,NA,*,*,*,*,*,*,*,*,*,*,NA,*,NA,*,*,*,*,NA,*,*,*,*,*,NA,*,*,*,*,*,NA,NA,*,*,*,*,*,*,*,*,*,*,*,*,*,*,*,*,*,*,*,*,*,*,*,*,*
67. Total children age 6-23 months receiving an adequate diet9 10 (%),3.52,3.38,0,2.04,1.61,1.17,1.3,5.34,5.04,2.21,4.27,4.8,6.38,9.98,8.05,3.54,3.09,2.44,2.22,4.82,5.04,2.7,3.11,3.76,1.83,2.84,6.72,4.57,7.17,6.62,5.59,2.65,3.62,4.04,4.3,2.27,2.15,0.84,0.77,5.64,5.2,3.45,2.95,1.98,0,0.64,6.21,6.78,2.34,1.93,5.28,5.28,1.65,1.5,0,0,0.79,0.75,0,0,2.83,0.95,2.01,2.03,2.52,1.22,1.1,3.98,3.53,0.81,0.79,NA,NA,NA,NA,NA,NA,NA,NA,NA,NA,NA,NA,NA,NA,NA,NA,NA,NA,NA,NA,NA,NA,NA,NA,NA,NA,NA,NA,NA,NA,NA,NA,NA,NA,NA,NA,NA,NA,NA,NA,NA,NA,NA,NA,NA,NA,NA,NA,NA,NA,NA,NA,NA,NA,NA,NA,NA,NA,NA,NA,NA,NA,NA,NA,NA,NA,NA,NA,NA,NA,NA
68. Children under 5 years who are stunted11 (%),28.08,29.07,35.25,34.99,29.56,35.6,33.74,32.13,31.17,33.72,32.53,43.71,41.75,46.77,47.59,56.5,54.3,45.62,45.49,39.38,39.4,33.85,33.76,35.83,35.61,35.72,28.42,28.38,39.58,39.1,38.95,40.92,40.33,38.45,37.37,36.9,36.61,46.36,44.96,43.65,42.25,46.27,44.35,27.81,36.05,33.46,34.66,32.01,38.94,38.41,39.61,35.45,39.59,38.55,47.75,46.8,51.05,49.98,40.72,37.38,30.73,33.84,32,43.5,40.18,38.57,38.06,49.53,47.48,46.96,46.29,NA,NA,NA,NA,NA,NA,NA,NA,NA,NA,NA,NA,NA,NA,NA,NA,NA,NA,NA,NA,NA,NA,NA,NA,NA,NA,NA,NA,NA,NA,NA,NA,NA,NA,NA,NA,NA,NA,NA,NA,NA,NA,NA,NA,NA,NA,NA,NA,NA,NA,NA,NA,NA,NA,NA,NA,NA,NA,NA,NA,NA,NA,NA,NA,NA,NA,NA,NA,NA,NA,NA
69. Children under 5 years who are wasted11 (%),21.6,20.63,18.28,20.7,25.16,24.12,24.44,21.13,21.73,12.46,13.62,19.25,18.49,14.29,14.58,15.59,15.79,20.02,18.86,15.76,16.44,14.37,15.34,13.52,12.14,12.8,11.64,11.51,16.33,18.4,20.6,25.17,23.81,22.6,21.89,24.74,25.9,26.49,27.23,37.73,36.64,20.36,21.71,30.19,32.23,31.59,22.55,23.61,28.54,27.69,33.65,33.81,29.39,28.87,39.09,37.5,30.98,30.77,25.09,23.82,27.83,27.56,27.72,28.85,28.54,33.53,31.82,31.06,29.92,39.2,38.18,NA,NA,NA,NA,NA,NA,NA,NA,NA,NA,NA,NA,NA,NA,NA,NA,NA,NA,NA,NA,NA,NA,NA,NA,NA,NA,NA,NA,NA,NA,NA,NA,NA,NA,NA,NA,NA,NA,NA,NA,NA,NA,NA,NA,NA,NA,NA,NA,NA,NA,NA,NA,NA,NA,NA,NA,NA,NA,NA,NA,NA,NA,NA,NA,NA,NA,NA,NA,NA,NA,NA
70. Children under 5 years who are severely wasted12 (%),6.99,5.81,6.5,7.56,10.91,8.88,9.51,8.4,9.35,4.88,4.96,9.16,8.69,5.64,6.66,4.73,4.77,6.2,5.75,5.2,5.53,4.95,6.04,3.83,4.56,4.21,3.6,4.09,6.99,6.96,7.43,9.65,8.98,10.79,10.19,8.17,9.06,8.79,9.12,16.86,15.6,6.27,6.47,12.46,12.07,12.19,4.75,4.99,8.85,8.58,11.63,12.85,11.23,11.77,16.43,16.1,11.83,12.01,10.27,8.72,7.44,7.76,7.57,10.3,10.59,15.08,13.9,11.83,11.36,15.79,15.12,NA,NA,NA,NA,NA,NA,NA,NA,NA,NA,NA,NA,NA,NA,NA,NA,NA,NA,NA,NA,NA,NA,NA,NA,NA,NA,NA,NA,NA,NA,NA,NA,NA,NA,NA,NA,NA,NA,NA,NA,NA,NA,NA,NA,NA,NA,NA,NA,NA,NA,NA,NA,NA,NA,NA,NA,NA,NA,NA,NA,NA,NA,NA,NA,NA,NA,NA,NA,NA,NA,NA
71. Children under 5 years who are underweight11 (%),28.96,29.32,23.34,23.35,27.92,35.49,33.15,26.13,27.1,18.39,19.5,37.27,35.55,30.41,30.89,40.52,39.8,35.52,35.68,34.78,34.35,26.96,28.13,25.17,25.23,25.2,21.38,20.54,30.87,31.42,32.57,41.21,38.62,38.31,37.38,38.96,39.58,42.47,42.67,52.3,50.4,42.08,41.26,31.41,43.4,39.63,38.62,37.28,45.03,43.41,44.77,42.6,39.49,38.79,55.05,53.35,51.79,50.73,43.14,41.87,39.11,40.59,39.72,43.6,41.12,50.12,47.16,54.82,51.97,55.46,54.6,NA,NA,NA,NA,NA,NA,NA,NA,NA,NA,NA,NA,NA,NA,NA,NA,NA,NA,NA,NA,NA,NA,NA,NA,NA,NA,NA,NA,NA,NA,NA,NA,NA,NA,NA,NA,NA,NA,NA,NA,NA,NA,NA,NA,NA,NA,NA,NA,NA,NA,NA,NA,NA,NA,NA,NA,NA,NA,NA,NA,NA,NA,NA,NA,NA,NA,NA,NA,NA,NA,NA
72. Women whose Body Mass Index (BMI) is below normal (BMI <18.5 kg/m2) (%),23.45,21.06,24.5,23.04,18.52,27.06,23.66,29.6,26.84,21.41,19.28,27.64,25.36,26.51,25.08,32.23,29.79,32.66,32.24,30.59,29.96,30.79,29.6,17.44,27.99,22.74,25.7,23.16,27.51,25.21,16,23.51,20.84,27.41,25.84,27.09,26.06,32.24,31.22,35.45,34.17,37.13,32.57,20.05,27.74,24.71,33.27,32.68,35.45,33.5,27.48,24.28,31.24,28.55,39.29,38.1,35.27,33.34,32.15,28.69,22.03,33.54,26.39,32.65,30.7,30.55,28.65,42.12,37.69,36.24,35.02,NA,NA,NA,NA,NA,NA,NA,NA,NA,NA,NA,NA,NA,NA,NA,NA,NA,NA,NA,NA,NA,NA,NA,NA,NA,NA,NA,NA,NA,NA,NA,NA,NA,NA,NA,NA,NA,NA,NA,NA,NA,NA,NA,NA,NA,NA,NA,NA,NA,NA,NA,NA,NA,NA,NA,NA,NA,NA,NA,NA,NA,NA,NA,NA,NA,NA,NA,NA,NA,NA,NA
73. Men whose Body Mass Index (BMI) is below normal (BMI <18.5 kg/m2) (%),14.94,13.93,15.82,15.75,17.05,20.25,19.05,31.45,30.58,18.09,16.96,15.1,13.43,26.57,26.02,24.55,24.51,39.54,40.05,25.57,24.36,21.11,21.33,15.06,28.07,21.3,17.2,15.12,16.23,15.03,11.87,20.79,17.33,21.81,21.94,30.65,29.79,29.77,27.28,26.37,23.66,24.64,21.06,15.43,21.06,18.7,31.74,33.76,24.06,23.79,29.93,23.12,30.36,26.6,23.89,23.09,32.26,32.28,27.98,23.53,22.15,33.74,26.53,25.5,25.82,30.8,27.23,43.07,38.74,17.66,16.94,NA,NA,NA,NA,NA,NA,NA,NA,NA,NA,NA,NA,NA,NA,NA,NA,NA,NA,NA,NA,NA,NA,NA,NA,NA,NA,NA,NA,NA,NA,NA,NA,NA,NA,NA,NA,NA,NA,NA,NA,NA,NA,NA,NA,NA,NA,NA,NA,NA,NA,NA,NA,NA,NA,NA,NA,NA,NA,NA,NA,NA,NA,NA,NA,NA,NA,NA,NA,NA,NA,NA
74. Women who are overweight or obese (BMI >=25.0 kg/m2) (%),18.99,20.48,13.17,14.83,22.41,10.74,15.38,11.92,13.49,16.09,17.28,10.93,13.02,12.08,14.44,6.28,10.3,7.99,10.16,9.65,11.23,8.2,10.16,22.82,11.99,17.38,14.83,18.41,11.67,14.07,26.06,13.93,18.25,10.52,12.84,9.75,11.65,8.22,9.26,7.11,10.11,11.23,14.45,24.96,11.57,16.84,7.43,10.49,7.31,10.91,12.25,14.13,11.12,12.47,4.74,6.22,7.04,8.96,13.92,17.6,26.09,11.64,20.61,7.57,9.74,7.15,8.6,5.04,10.41,5.92,7.82,NA,NA,NA,NA,NA,NA,NA,NA,NA,NA,NA,NA,NA,NA,NA,NA,NA,NA,NA,NA,NA,NA,NA,NA,NA,NA,NA,NA,NA,NA,NA,NA,NA,NA,NA,NA,NA,NA,NA,NA,NA,NA,NA,NA,NA,NA,NA,NA,NA,NA,NA,NA,NA,NA,NA,NA,NA,NA,NA,NA,NA,NA,NA,NA,NA,NA,NA,NA,NA,NA,NA
75. Men who are overweight or obese (BMI >=25.0 kg/m2) (%),24.02,24.43,11.54,12.13,18.03,10.22,13.15,7.1,9.3,16.33,17.11,18.05,17.96,11.49,12.46,9.17,9.54,6.15,7.46,11.25,13.46,6.1,9.63,18.64,10.21,14.6,11.29,13.62,10.46,11.6,25.01,13.78,18.14,9.06,9.72,14.17,14.99,9.7,9.61,6.87,9.56,10.66,13.29,24.71,13.93,18.46,9.09,9.65,7.24,10.54,8.15,10.24,5.9,6.66,6,5.66,6.97,8.69,6.1,12.81,20.94,8.57,16.27,5.33,7.59,5.6,8.95,8.27,12.66,5.87,9.51,NA,NA,NA,NA,NA,NA,NA,NA,NA,NA,NA,NA,NA,NA,NA,NA,NA,NA,NA,NA,NA,NA,NA,NA,NA,NA,NA,NA,NA,NA,NA,NA,NA,NA,NA,NA,NA,NA,NA,NA,NA,NA,NA,NA,NA,NA,NA,NA,NA,NA,NA,NA,NA,NA,NA,NA,NA,NA,NA,NA,NA,NA,NA,NA,NA,NA,NA,NA,NA,NA,NA
76. Children age 6-59 months who are anaemic (<11.0 g/dl) (%),40.29,40.17,47.86,46.17,55.21,49.42,51.2,42.2,42.16,48.61,46.24,54.21,53.99,56.23,56.43,50.26,50.06,51.25,52.82,47.29,49.78,44.14,45.16,50.41,48.63,49.49,49.91,48.82,53.31,50.84,57.81,66.11,63.64,43.24,42.46,59.63,60.06,68.38,66.98,68.54,69.75,53.87,53.4,62.84,71.34,68.73,76.32,74.3,80.1,79.98,72.59,71.68,76.51,75.85,76.51,75.96,85.35,84.62,72.4,71.13,69.2,80.56,73.81,80,76.27,77.71,76.62,80.51,79.11,76.93,75.81,NA,NA,NA,NA,NA,NA,NA,NA,NA,NA,NA,NA,NA,NA,NA,NA,NA,NA,NA,NA,NA,NA,NA,NA,NA,NA,NA,NA,NA,NA,NA,NA,NA,NA,NA,NA,NA,NA,NA,NA,NA,NA,NA,NA,NA,NA,NA,NA,NA,NA,NA,NA,NA,NA,NA,NA,NA,NA,NA,NA,NA,NA,NA,NA,NA,NA,NA,NA,NA,NA,NA
77. Non-pregnant women age 15-49 years who are anaemic (<12.0 g/dl) (%),36.08,34.65,35.38,34.48,43.53,42.97,43.19,34.22,33.5,41.39,38.7,42.27,40.53,40.07,41.76,47.24,47.21,39.2,38.24,40.71,39.03,27.15,27.04,26.59,27.36,26.98,33.37,32.86,38.92,38.32,41.42,46.24,44.53,33.14,32.52,42.99,42.6,60.44,59.37,61.58,59.98,48.62,48.35,47.69,56.71,53.16,63.88,62.5,65.63,63.77,56.91,55.56,63.27,61.81,73.99,73.63,79.02,76.96,62.43,59.85,56.47,65.03,59.73,68.34,66.13,58.17,58.32,74.27,69.49,65.9,64.06,NA,NA,NA,NA,NA,NA,NA,NA,NA,NA,NA,NA,NA,NA,NA,NA,NA,NA,NA,NA,NA,NA,NA,NA,NA,NA,NA,NA,NA,NA,NA,NA,NA,NA,NA,NA,NA,NA,NA,NA,NA,NA,NA,NA,NA,NA,NA,NA,NA,NA,NA,NA,NA,NA,NA,NA,NA,NA,NA,NA,NA,NA,NA,NA,NA,NA,NA,NA,NA,NA,NA
78. Pregnant women age 15-49 years who are anaemic (<11.0 g/dl) (%),39.12,37.7,13.73,20.25,45.16,38.56,40.4,43.37,44.79,32.92,27.73,34.78,33.43,40.85,39.04,32.68,35.88,33.65,34.76,32.98,30.76,29.3,28.55,28.92,31.25,30.04,31.22,32.07,33.05,34.69,31.33,43.78,40.82,50.06,48.02,42.21,44.15,47.16,46.46,53.27,56.51,64.57,61.64,55.01,58.59,57.55,58.79,61.49,61.74,63.15,62.85,66.67,62.89,65.82,65.55,65.15,68.11,68.74,75.87,71.58,50.46,65.09,56.96,73.21,69.49,68.05,69.56,74.78,73.47,48.74,46.26,NA,NA,NA,NA,NA,NA,NA,NA,NA,NA,NA,NA,NA,NA,NA,NA,NA,NA,NA,NA,NA,NA,NA,NA,NA,NA,NA,NA,NA,NA,NA,NA,NA,NA,NA,NA,NA,NA,NA,NA,NA,NA,NA,NA,NA,NA,NA,NA,NA,NA,NA,NA,NA,NA,NA,NA,NA,NA,NA,NA,NA,NA,NA,NA,NA,NA,NA,NA,NA,NA,NA
79. All women age 15-49 years who are anaemic (%),36.22,34.78,34.66,33.93,43.61,42.65,43.02,34.66,34.1,41.06,38.28,41.86,40.16,40.12,41.59,46.28,46.52,38.92,38.07,40.26,38.52,27.27,27.12,26.69,27.51,27.1,33.29,32.83,38.64,38.16,41.07,46.09,44.34,34.33,33.57,42.94,42.71,59.74,58.73,61.12,59.8,49.57,49.01,47.94,56.81,53.37,63.69,62.46,65.43,63.74,57.18,56.01,63.26,61.97,73.55,73.2,78.14,76.34,63,60.33,56.25,65.03,59.61,68.58,66.28,58.61,58.82,74.3,69.69,65.1,63.25,NA,NA,NA,NA,NA,NA,NA,NA,NA,NA,NA,NA,NA,NA,NA,NA,NA,NA,NA,NA,NA,NA,NA,NA,NA,NA,NA,NA,NA,NA,NA,NA,NA,NA,NA,NA,NA,NA,NA,NA,NA,NA,NA,NA,NA,NA,NA,NA,NA,NA,NA,NA,NA,NA,NA,NA,NA,NA,NA,NA,NA,NA,NA,NA,NA,NA,NA,NA,NA,NA,NA
80. Men age 15-49 years who are anaemic (<13.0 g/dl) (%),10.71,8.85,5.98,6.32,14.73,10.37,12.01,17.25,17.25,7.27,6.24,10.92,10.9,11.63,12.25,16.49,16.16,14.55,14.39,10.34,11.55,8.06,8.83,9.65,7.91,8.82,4.59,7.32,6.02,7.81,19.53,12.77,15.39,16.48,14.76,20.32,19.38,29.38,27.43,42.6,41.19,16.68,16.84,12.38,12.87,12.66,23.06,23.36,28.96,26.93,27.94,24.27,22.9,23.22,27.22,26.81,48.46,43.15,32.99,26.63,28.94,33.3,30.6,30.14,27.58,23.18,24.89,31.81,29.08,28.45,26.21,NA,NA,NA,NA,NA,NA,NA,NA,NA,NA,NA,NA,NA,NA,NA,NA,NA,NA,NA,NA,NA,NA,NA,NA,NA,NA,NA,NA,NA,NA,NA,NA,NA,NA,NA,NA,NA,NA,NA,NA,NA,NA,NA,NA,NA,NA,NA,NA,NA,NA,NA,NA,NA,NA,NA,NA,NA,NA,NA,NA,NA,NA,NA,NA,NA,NA,NA,NA,NA,NA,NA
81. Blood sugar level - high (>140 mg/dl) (%),6.33,5.33,3.69,3.7,4.95,3.27,3.92,2.41,2.59,2.17,2.43,2.39,2.62,2.95,3.12,2.2,2.45,3.09,3.08,3.28,3.37,2.7,2.5,2.86,3.16,3.01,4.02,3.88,2.67,2.96,4.35,2.56,3.19,1.78,1.87,2.79,3.01,4.01,3.82,2.16,3.03,3.31,3.68,6.08,5.42,5.68,2.77,2.58,3.92,4.26,3.12,2.97,3.99,4.44,4.43,4.6,4.35,4.53,2.94,3.88,5.09,3.92,4.64,4.36,3.92,4.43,4.33,2.39,2.28,3.45,3.62,NA,NA,NA,NA,NA,NA,NA,NA,NA,NA,NA,NA,NA,NA,NA,NA,NA,NA,NA,NA,NA,NA,NA,NA,NA,NA,NA,NA,NA,NA,NA,NA,NA,NA,NA,NA,NA,NA,NA,NA,NA,NA,NA,NA,NA,NA,NA,NA,NA,NA,NA,NA,NA,NA,NA,NA,NA,NA,NA,NA,NA,NA,NA,NA,NA,NA,NA,NA,NA,NA,NA
82. Blood sugar level - very high (>160 mg/dl) (%),1.91,1.85,1.57,1.5,1.65,0.4,0.88,1.16,1.17,0.54,0.8,0.74,0.94,1.07,1.35,0.71,0.93,1.19,1.25,0.7,0.89,0.55,0.47,1,0.89,0.95,1.01,1.3,0.76,0.84,1.65,0.94,1.19,1.24,1.28,0.54,0.69,1.14,1.04,0.86,1.42,1.57,1.8,2.56,1.32,1.8,1.12,1.05,1.66,1.7,0.79,0.94,1.22,1.45,1.27,1.2,1.86,1.99,1.64,2.17,2.57,1.3,2.08,1.62,1.36,1.7,1.67,1.1,1.03,1.17,1.24,NA,NA,NA,NA,NA,NA,NA,NA,NA,NA,NA,NA,NA,NA,NA,NA,NA,NA,NA,NA,NA,NA,NA,NA,NA,NA,NA,NA,NA,NA,NA,NA,NA,NA,NA,NA,NA,NA,NA,NA,NA,NA,NA,NA,NA,NA,NA,NA,NA,NA,NA,NA,NA,NA,NA,NA,NA,NA,NA,NA,NA,NA,NA,NA,NA,NA,NA,NA,NA,NA,NA
83. Blood sugar level - high (>140 mg/dl) (%),4.24,4.38,8.58,7.84,3.45,6.44,5.31,2.93,2.5,3.29,2.43,8.36,6.66,4.24,4.73,6.2,5.68,3.66,4.52,3.85,4.41,6.71,7.21,7.49,4.77,6.19,5.46,3.8,0,1.83,7.45,9.78,8.88,3.61,3.09,4.07,3.66,6.89,6.06,1.9,4.59,0.96,2.11,6.66,7.42,7.1,10.38,9.86,8.55,7.01,6.26,6.69,2.7,3.48,5.35,5.04,8.13,7.06,5.35,5.53,8.54,6.32,7.69,7.4,9.2,10.29,10.09,7.86,6.84,4.6,5.08,NA,NA,NA,NA,NA,NA,NA,NA,NA,NA,NA,NA,NA,NA,NA,NA,NA,NA,NA,NA,NA,NA,NA,NA,NA,NA,NA,NA,NA,NA,NA,NA,NA,NA,NA,NA,NA,NA,NA,NA,NA,NA,NA,NA,NA,NA,NA,NA,NA,NA,NA,NA,NA,NA,NA,NA,NA,NA,NA,NA,NA,NA,NA,NA,NA,NA,NA,NA,NA,NA,NA
84. Blood sugar level - very high (>160 mg/dl) (%),2.32,3.05,2.77,2.7,1.17,1.72,1.51,1.04,0.71,0.88,0.65,1.86,1.48,1.39,2.43,1.57,2.37,0.64,1.02,2.33,2.6,1.75,2.27,3.62,0,1.89,0,0,0,1.3,4.71,4.07,4.32,0.91,0.78,3.08,2.77,4.09,3.6,0,0.67,0,0,3.15,0.62,1.68,2.11,3.76,4.29,3.78,3.09,3.52,0,0.7,2.18,2.06,5.08,4.41,3.61,3.48,4.72,1.9,3.65,2.63,4.74,3.24,3.24,4.03,3.86,2.3,2.54,NA,NA,NA,NA,NA,NA,NA,NA,NA,NA,NA,NA,NA,NA,NA,NA,NA,NA,NA,NA,NA,NA,NA,NA,NA,NA,NA,NA,NA,NA,NA,NA,NA,NA,NA,NA,NA,NA,NA,NA,NA,NA,NA,NA,NA,NA,NA,NA,NA,NA,NA,NA,NA,NA,NA,NA,NA,NA,NA,NA,NA,NA,NA,NA,NA,NA,NA,NA,NA,NA,NA
85. Slightly above normal (Systolic 140-159 mm of Hg and/or Diastolic 90-99 mm of Hg) (%),6.25,6.02,7.83,8.02,5.04,5.33,5.21,6.54,6.88,5.73,6.48,6.15,6.59,7.36,7.55,2.99,2.98,5.72,6.5,5.38,5.83,6.04,6.05,7,6.95,6.97,6.41,6.72,6.99,6.95,6.17,4.46,5.06,4.74,4.41,5.32,5.78,4.71,5.24,3.92,3.75,3.87,3.85,6.83,4.26,5.26,2.01,2.84,3.17,4.08,2.95,2.98,5.29,5.21,3.94,3.87,2.69,2.76,5.03,5.75,4.43,3.89,4.23,4.09,4.1,4.64,4.32,4.36,5.16,3.98,4.22,NA,NA,NA,NA,NA,NA,NA,NA,NA,NA,NA,NA,NA,NA,NA,NA,NA,NA,NA,NA,NA,NA,NA,NA,NA,NA,NA,NA,NA,NA,NA,NA,NA,NA,NA,NA,NA,NA,NA,NA,NA,NA,NA,NA,NA,NA,NA,NA,NA,NA,NA,NA,NA,NA,NA,NA,NA,NA,NA,NA,NA,NA,NA,NA,NA,NA,NA,NA,NA,NA,NA
86. Moderately high (Systolic 160-179 mm of Hg and/or Diastolic 100-109 mm of Hg) (%),1.55,1.46,0.95,0.92,0.62,0.34,0.45,0.25,0.4,0.64,0.75,0.88,0.93,1.25,1.55,0.56,0.82,0.47,0.65,0.73,1.08,0.33,0.48,2.21,1.47,1.84,0.31,0.82,1.02,1.04,0.73,0.7,0.71,0.12,0.11,0.46,0.62,0.58,0.53,0.4,0.5,1.17,1.5,1.25,0.82,0.99,0.4,0.56,0.1,0.56,0.27,0.38,0.34,0.46,0.94,0.97,0.39,0.36,1.76,1.87,1.5,0.56,1.14,0.67,0.68,0.34,0.46,0.36,0.56,0.81,0.98,NA,NA,NA,NA,NA,NA,NA,NA,NA,NA,NA,NA,NA,NA,NA,NA,NA,NA,NA,NA,NA,NA,NA,NA,NA,NA,NA,NA,NA,NA,NA,NA,NA,NA,NA,NA,NA,NA,NA,NA,NA,NA,NA,NA,NA,NA,NA,NA,NA,NA,NA,NA,NA,NA,NA,NA,NA,NA,NA,NA,NA,NA,NA,NA,NA,NA,NA,NA,NA,NA,NA
87. Very high (Systolic ?180 mm of Hg and/or Diastolic ?110 mm of Hg) (%),0.46,0.49,0.42,0.56,0.37,0.35,0.36,0.39,0.28,0.62,0.75,0.56,0.48,0.96,0.93,0.35,0.35,0.42,0.52,0.24,0.37,0.63,0.65,1.07,0.64,0.86,0.4,0.38,0.59,0.64,0.26,0.17,0.2,0.1,0.09,0.69,0.73,0.42,0.46,0.24,0.38,0.37,0.45,0.35,0.16,0.23,0.24,0.35,0.27,0.4,0.4,0.41,0.45,0.39,0.3,0.28,0.29,0.27,1.33,1.29,0.39,0.27,0.35,0.6,0.56,0.23,0.44,0.35,0.38,0.65,0.77,NA,NA,NA,NA,NA,NA,NA,NA,NA,NA,NA,NA,NA,NA,NA,NA,NA,NA,NA,NA,NA,NA,NA,NA,NA,NA,NA,NA,NA,NA,NA,NA,NA,NA,NA,NA,NA,NA,NA,NA,NA,NA,NA,NA,NA,NA,NA,NA,NA,NA,NA,NA,NA,NA,NA,NA,NA,NA,NA,NA,NA,NA,NA,NA,NA,NA,NA,NA,NA,NA,NA
88. Slightly above normal (Systolic 140-159 mm of Hg and/or Diastolic 90-99 mm of Hg) (%),7.68,9.16,19.22,18.77,11.78,7.08,8.84,9.88,7.21,12.33,11.21,12.49,14.95,8.61,10.72,5.73,6.99,9.99,10.71,10.34,10.98,12.39,11.13,18.23,13.03,15.75,8.53,9.59,15.81,13.41,6.57,11.95,9.87,8.39,8.49,9.89,8.89,6.14,6.94,9.67,8.54,8.77,9.62,11.52,11.18,11.32,11.08,10.39,8.36,8.57,5.41,5.54,7.84,8.9,9.59,9.61,4.15,4.11,6.44,9.22,9.33,8.03,8.84,4.92,5.16,7.03,8.03,7.84,7.49,5.53,5.01,NA,NA,NA,NA,NA,NA,NA,NA,NA,NA,NA,NA,NA,NA,NA,NA,NA,NA,NA,NA,NA,NA,NA,NA,NA,NA,NA,NA,NA,NA,NA,NA,NA,NA,NA,NA,NA,NA,NA,NA,NA,NA,NA,NA,NA,NA,NA,NA,NA,NA,NA,NA,NA,NA,NA,NA,NA,NA,NA,NA,NA,NA,NA,NA,NA,NA,NA,NA,NA,NA,NA
89. Moderately high (Systolic 160-179 mm of Hg and/or Diastolic 100-109 mm of Hg) (%),3.74,4.8,3.21,3.05,1.39,2.92,2.34,1.98,2.92,1.58,1.17,0.87,0.69,0.74,1.91,0,0,0,1.18,0.74,0.59,0.75,1.43,1.98,4.36,3.12,1.01,1.32,0.71,1.32,1.4,2.74,2.22,1.54,1.32,2.18,1.96,0.65,0.57,0,0.77,1.09,0.84,1.82,1.36,1.55,1.02,0.76,4.48,3.97,0,0,0,0,0.65,0.61,0.9,0.78,0,1.31,1.64,1.09,1.43,0.91,1.32,2.31,1.88,1.99,1.55,0,0,NA,NA,NA,NA,NA,NA,NA,NA,NA,NA,NA,NA,NA,NA,NA,NA,NA,NA,NA,NA,NA,NA,NA,NA,NA,NA,NA,NA,NA,NA,NA,NA,NA,NA,NA,NA,NA,NA,NA,NA,NA,NA,NA,NA,NA,NA,NA,NA,NA,NA,NA,NA,NA,NA,NA,NA,NA,NA,NA,NA,NA,NA,NA,NA,NA,NA,NA,NA,NA,NA,NA
90. Very high (Systolic ?180 mm of Hg and/or Diastolic ?110 mm of Hg) (%),0.69,0.48,0,0.48,0.88,0.58,0.7,0.92,0.62,1.62,1.87,0,0,0.69,0.55,0,0,0.85,1.25,0,0,0,0,0.45,0,0.24,0.98,1.5,0,0,1.57,1.38,1.45,0.85,0.72,0,0,0.65,1.1,0,0,0,0,1.78,0.66,1.13,0,0,0,0,0,0,0,0,0.87,0.82,0,0,0.99,0.76,1.49,0.51,1.12,0.91,0.71,0,0,0,0,0,0,NA,NA,NA,NA,NA,NA,NA,NA,NA,NA,NA,NA,NA,NA,NA,NA,NA,NA,NA,NA,NA,NA,NA,NA,NA,NA,NA,NA,NA,NA,NA,NA,NA,NA,NA,NA,NA,NA,NA,NA,NA,NA,NA,NA,NA,NA,NA,NA,NA,NA,NA,NA,NA,NA,NA,NA,NA,NA,NA,NA,NA,NA,NA,NA,NA,NA,NA,NA,NA,NA,NA
91. Cervix (%),12.53,12.02,13.15,14.25,28.81,25.99,27.1,25.12,25.76,15.22,14.01,14.09,13.53,8.9,10.12,10.66,10.43,12.12,12.2,15.36,15.15,16.39,16.19,28.72,25.5,27.12,27.57,29.04,15.91,15.52,23.05,17.56,19.47,26.52,25.72,10.86,11.13,11.73,11.61,31.73,29.45,12.73,12.92,32.35,25.81,28.37,19.84,20.85,16.17,16.52,24.28,22.99,24.63,27.47,30.38,31.02,24.71,23.54,14.42,13.74,16.37,13.23,15.17,28.11,27.12,8.96,8.96,10.29,12.14,9.33,9.36,NA,NA,NA,NA,NA,NA,NA,NA,NA,NA,NA,NA,NA,NA,NA,NA,NA,NA,NA,NA,NA,NA,NA,NA,NA,NA,NA,NA,NA,NA,NA,NA,NA,NA,NA,NA,NA,NA,NA,NA,NA,NA,NA,NA,NA,NA,NA,NA,NA,NA,NA,NA,NA,NA,NA,NA,NA,NA,NA,NA,NA,NA,NA,NA,NA,NA,NA,NA,NA,NA,NA
92. Breast (%),4,3.45,3.4,3.63,3.42,4.29,3.95,8.33,9.12,5.98,5.63,5.24,4.64,3.9,4.05,1.78,2.15,6.71,6.52,6.35,7.36,8.24,8.12,6.88,5.29,6.09,4.6,4.24,7.89,7.33,9.36,7.36,8.05,5.32,5.31,3.9,3.72,3.12,3.46,6.24,6.63,2.14,2.16,3.69,5.56,4.83,2.58,2.51,2.89,3.67,4.58,4.69,2.19,2.03,3.19,3.16,5.01,5.53,3.5,3.23,3.98,2.68,3.48,4.64,4.56,1.42,1.97,2.18,2.65,2.21,2.12,NA,NA,NA,NA,NA,NA,NA,NA,NA,NA,NA,NA,NA,NA,NA,NA,NA,NA,NA,NA,NA,NA,NA,NA,NA,NA,NA,NA,NA,NA,NA,NA,NA,NA,NA,NA,NA,NA,NA,NA,NA,NA,NA,NA,NA,NA,NA,NA,NA,NA,NA,NA,NA,NA,NA,NA,NA,NA,NA,NA,NA,NA,NA,NA,NA,NA,NA,NA,NA,NA,NA
93. Oral cavity (%),9.91,8.99,3.86,4.49,14.48,6.89,9.87,9.64,10.42,10.91,10.25,5.56,5.1,6.49,6.11,1.89,2.21,5.04,5.06,6.99,9.06,8.23,8.97,19.95,11.67,15.84,14.88,14.32,10.21,10.54,12.25,7.71,9.29,9.53,9.5,4.11,4.05,6.05,7.21,10.26,10.66,3.14,3.23,10.27,6.36,7.89,3.62,3.25,3.49,3.48,4.63,4.64,8.57,9.64,6.65,6.59,6.59,6.58,3.29,3.42,6,4.03,5.24,7.03,6.87,6.11,6.97,3.8,4.03,9.79,9.53,NA,NA,NA,NA,NA,NA,NA,NA,NA,NA,NA,NA,NA,NA,NA,NA,NA,NA,NA,NA,NA,NA,NA,NA,NA,NA,NA,NA,NA,NA,NA,NA,NA,NA,NA,NA,NA,NA,NA,NA,NA,NA,NA,NA,NA,NA,NA,NA,NA,NA,NA,NA,NA,NA,NA,NA,NA,NA,NA,NA,NA,NA,NA,NA,NA,NA,NA,NA,NA,NA,NA
