Residence (District),Darjiling - Urban,Darjiling - Rural,Darjiling - Total,Jalpaiguri - Rural,Jalpaiguri - Total,Koch Bihar - Rural,Koch Bihar - Total,Uttar Dinajpur - Rural,Uttar Dinajpur - Total,Dakshin Dinajpur - Rural,Dakshin Dinajpur - Total,Maldah - Rural,Maldah - Total,Murshidabad - Rural,Murshidabad - Total,Birbhum - Rural,Birbhum - Total,Barddhaman - Urban,Barddhaman - Rural,Barddhaman - Total,Nadia - Rural,Nadia - Total,North Twenty Four Parganas - Urban,North Twenty Four Parganas - Rural,North Twenty Four Parganas - Total,Hugli - Urban,Hugli - Rural,Hugli - Total,Bankura - Rural,Bankura - Total,Puruliya - Rural,Puruliya - Total,Haora - Urban,Haora - Rural,Haora - Total,Kolkata - Urban,Kolkata - Total,South Twenty Four Parganas - Rural,South Twenty Four Parganas - Total,Paschim Medinipur - Rural,Paschim Medinipur - Total,Purba Medinipur - Rural,Purba Medinipur - Total,Note of Darjiling - Urban,Note of Darjiling - Rural,Note of Darjiling - Total,Note of Jalpaiguri - Rural,Note of Jalpaiguri - Total,Note of Koch Bihar - Rural,Note of Koch Bihar - Total,Note of Uttar Dinajpur - Rural,Note of Uttar Dinajpur - Total,Note of Dakshin Dinajpur - Rural,Note of Dakshin Dinajpur - Total,Note of Maldah - Rural,Note of Maldah - Total,Note of Murshidabad - Rural,Note of Murshidabad - Total,Note of Birbhum - Rural,Note of Birbhum - Total,Note of Barddhaman - Urban,Note of Barddhaman - Rural,Note of Barddhaman - Total,Note of Nadia - Rural,Note of Nadia - Total,Note of North Twenty Four Parganas - Urban,Note of North Twenty Four Parganas - Rural,Note of North Twenty Four Parganas - Total,Note of Hugli - Urban,Note of Hugli - Rural,Note of Hugli - Total,Note of Bankura - Rural,Note of Bankura - Total,Note of Puruliya - Rural,Note of Puruliya - Total,Note of Haora - Urban,Note of Haora - Rural,Note of Haora - Total,Note of Kolkata - Urban,Note of Kolkata - Total,Note of South Twenty Four Parganas - Rural,Note of South Twenty Four Parganas - Total,Note of Paschim Medinipur - Rural,Note of Paschim Medinipur - Total,Note of Purba Medinipur - Rural,Note of Purba Medinipur - Total
Households surveyed,380,397,777,602,808,724,808,716,825,697,801,707,815,676,830,725,834,411,416,827,594,836,388,412,800,382,410,792,756,820,708,815,396,397,793,749,749,589,792,703,805,716,800,NA,NA,NA,NA,NA,NA,NA,NA,NA,NA,NA,NA,NA,NA,NA,NA,NA,NA,NA,NA,NA,NA,NA,NA,NA,NA,NA,NA,NA,NA,NA,NA,NA,NA,NA,NA,NA,NA,NA,NA,NA,NA,NA
Women age 15-49 years interviewed,425,503,928,691,899,804,886,871,1012,758,867,790,911,804,1006,813,950,503,483,986,649,928,396,476,872,379,492,871,862,939,877,1012,461,469,930,803,803,694,930,898,1013,826,925,NA,NA,NA,NA,NA,NA,NA,NA,NA,NA,NA,NA,NA,NA,NA,NA,NA,NA,NA,NA,NA,NA,NA,NA,NA,NA,NA,NA,NA,NA,NA,NA,NA,NA,NA,NA,NA,NA,NA,NA,NA,NA,NA
Men age 15-49 years interviewed,63,62,125,91,124,109,126,109,132,110,132,109,129,120,145,125,149,67,67,134,102,143,38,69,107,41,58,99,130,143,109,133,61,65,126,95,95,83,106,94,114,113,140,NA,NA,NA,NA,NA,NA,NA,NA,NA,NA,NA,NA,NA,NA,NA,NA,NA,NA,NA,NA,NA,NA,NA,NA,NA,NA,NA,NA,NA,NA,NA,NA,NA,NA,NA,NA,NA,NA,NA,NA,NA,NA,NA
1. Population (female) age 6+ years who ever attended school (%),84.9,72.1,77,65.2,68.8,72,73.7,57.5,60.1,67.9,70.2,67.8,68.4,69.3,70.8,67.1,69,72.7,67.3,69.7,69.6,73.7,86.2,80.3,83.7,85.2,74.5,78.5,65,67.1,53.5,53.6,83.2,79.6,81.8,82.5,82.5,74.4,76.5,73.4,74.7,77.9,78.8,NA,NA,NA,NA,NA,NA,NA,NA,NA,NA,NA,NA,NA,NA,NA,NA,NA,NA,NA,NA,NA,NA,NA,NA,NA,NA,NA,NA,NA,NA,NA,NA,NA,NA,NA,NA,NA,NA,NA,NA,NA,NA,NA
2. Population below age 15 years (%),20.4,23.7,22.4,26.7,25.7,26.4,26.3,37.9,36.8,24.3,24.1,33.3,32.9,31.4,31.8,26,25.4,22.8,23.1,22.9,24.3,23.4,18.6,24.8,21.2,21.9,23.2,22.7,25.4,24.9,28.1,28.8,22.5,23.8,23,20.2,20.2,27,26.7,25.6,25.2,24.7,24.7,NA,NA,NA,NA,NA,NA,NA,NA,NA,NA,NA,NA,NA,NA,NA,NA,NA,NA,NA,NA,NA,NA,NA,NA,NA,NA,NA,NA,NA,NA,NA,NA,NA,NA,NA,NA,NA,NA,NA,NA,NA,NA,NA
3. Sex ratio of the total population (females per 1000 males),983,998,992,992,969,1012,1008,1017,1023,1035,1023,1027,1019,1052,1083,957,968,988,1034,1013,995,1015,984,977,981,1024,1074,1055,995,1002,985,983,963,1069,1001,921,921,1041,1037,1062,1050,997,991,NA,NA,NA,NA,NA,NA,NA,NA,NA,NA,NA,NA,NA,NA,NA,NA,NA,NA,NA,NA,NA,NA,NA,NA,NA,NA,NA,NA,NA,NA,NA,NA,NA,NA,NA,NA,NA,NA,NA,NA,NA,NA,NA
4. Sex ratio at birth for children born in the last five years (females per 1000 males),674,1217,1006,937,908,1114,1073,878,937,920,902,917,881,1042,1075,867,865,944,1165,1064,811,812,694,918,803,839,941,904,1151,1145,1079,998,1025,901,974,1020,1020,1068,1067,868,862,1053,998,NA,NA,NA,NA,NA,NA,NA,NA,NA,NA,NA,NA,NA,NA,NA,NA,NA,NA,NA,NA,NA,NA,NA,NA,NA,NA,NA,NA,NA,NA,NA,NA,NA,NA,NA,NA,NA,NA,NA,NA,NA,NA,NA
5. Children under age 5 years whose birth was registered (%),97.9,99.1,98.7,96.2,96.9,94,94.6,88.2,88.5,95.7,96.2,92.2,93,98.9,98.9,98.6,97.7,95.1,98.3,96.9,98.3,98,100,98.7,99.3,100,94.6,96.5,97.2,97.5,95.4,95.9,95.7,96.5,96,95.7,95.7,99.2,98.5,96.2,96.5,99.3,99,NA,NA,NA,NA,NA,NA,NA,NA,NA,NA,NA,NA,NA,NA,NA,NA,NA,NA,NA,NA,NA,NA,NA,NA,NA,NA,NA,NA,NA,NA,NA,NA,NA,NA,NA,NA,NA,NA,NA,NA,NA,NA,NA
6. Households with electricity (%),97.4,94,95.4,87.2,89.9,89.3,90,89.3,90,92.1,93.1,93.4,94.1,90.8,92.5,95.7,96,94.8,94.1,94.4,94.9,95.6,97.4,96.4,97,96.3,94.5,95.2,88.3,89.4,78.1,79.3,98,97.6,97.8,99.8,99.8,84.7,87.4,95.8,95.7,97.5,97.5,NA,NA,NA,NA,NA,NA,NA,NA,NA,NA,NA,NA,NA,NA,NA,NA,NA,NA,NA,NA,NA,NA,NA,NA,NA,NA,NA,NA,NA,NA,NA,NA,NA,NA,NA,NA,NA,NA,NA,NA,NA,NA,NA
7. Households with an improved drinking-water source1 (%),88.5,58.9,71,85.9,85.2,98.2,97.9,97.5,97.5,99.6,99.4,81.5,82.9,98.2,97.5,97.1,97.4,92.6,99.5,96.6,95.7,95,90.5,94.3,92,96.9,99.5,98.5,96.5,96.4,81,82.7,94.5,99.7,96.5,96.2,96.2,98.5,97.7,96.8,96.5,99.1,98.9,NA,NA,NA,NA,NA,NA,NA,NA,NA,NA,NA,NA,NA,NA,NA,NA,NA,NA,NA,NA,NA,NA,NA,NA,NA,NA,NA,NA,NA,NA,NA,NA,NA,NA,NA,NA,NA,NA,NA,NA,NA,NA,NA
8. Households using improved sanitation facility2 (%),65,58.3,61,44.9,49.2,47.9,49.6,26.7,31.8,39.1,43.9,38.5,44,47,50.6,23.5,28,54.6,40.8,46.6,65.4,68.5,72.2,64.3,69,61.3,50.4,54.6,25.6,29.5,8.2,12.3,62.1,56.6,60,50.2,50.2,50.1,51.7,39.3,40.9,66.7,66.9,NA,NA,NA,NA,NA,NA,NA,NA,NA,NA,NA,NA,NA,NA,NA,NA,NA,NA,NA,NA,NA,NA,NA,NA,NA,NA,NA,NA,NA,NA,NA,NA,NA,NA,NA,NA,NA,NA,NA,NA,NA,NA,NA
9. Households using clean fuel for cooking3 (%),83.3,37.7,56.3,11.2,27,6.4,13.7,4.9,12.3,5.7,12.6,10.7,15.8,10.4,19.2,9.6,15.5,50.6,14.6,29.7,16,28.2,77.1,12.1,50.7,57.1,14.2,30.8,11.4,16.3,5,6.8,59.2,27.3,47.2,69.6,69.6,10.3,19.3,9.3,13.9,6.6,10.9,NA,NA,NA,NA,NA,NA,NA,NA,NA,NA,NA,NA,NA,NA,NA,NA,NA,NA,NA,NA,NA,NA,NA,NA,NA,NA,NA,NA,NA,NA,NA,NA,NA,NA,NA,NA,NA,NA,NA,NA,NA,NA,NA
10. Households using iodized salt (%),98.9,98.4,98.6,91.1,92.1,88.4,89.4,96.9,97.3,91,92.1,92.7,93.6,92,93.5,93.6,94.2,98,96.8,97.3,94.4,95.8,98,96.3,97.3,98.9,98.8,98.8,87.7,88.8,92.7,93.9,99.1,94.9,97.5,98.5,98.5,94.1,94.6,91.3,91.8,85.7,86.6,NA,NA,NA,NA,NA,NA,NA,NA,NA,NA,NA,NA,NA,NA,NA,NA,NA,NA,NA,NA,NA,NA,NA,NA,NA,NA,NA,NA,NA,NA,NA,NA,NA,NA,NA,NA,NA,NA,NA,NA,NA,NA,NA
11. Households with any usual member covered by a health scheme or health insurance (%),28.7,21.6,24.5,25.5,25.3,45.4,44.5,25.2,27.3,38.9,40.7,43.8,40.6,43.1,40.9,40.6,40.9,31.9,25.9,28.4,40.3,38.5,30,44.3,35.8,25.9,47.5,39.1,50.3,48.6,28.9,27.1,18.9,24.7,21.1,26.1,26.1,27.3,25.3,29.5,29.8,34.3,33.8,NA,NA,NA,NA,NA,NA,NA,NA,NA,NA,NA,NA,NA,NA,NA,NA,NA,NA,NA,NA,NA,NA,NA,NA,NA,NA,NA,NA,NA,NA,NA,NA,NA,NA,NA,NA,NA,NA,NA,NA,NA,NA,NA
12. Women who are literate (%),88,72.1,78,58.8,64.2,65.3,66.8,47.6,51.1,64.5,67.3,63,64.2,64.7,66.1,59.1,62.1,70,64.1,66.6,70.4,73.7,85.6,79.4,82.9,81.9,73.3,76.3,62,65.2,48.9,48.1,79.8,76.2,78.4,80.8,80.8,72.9,74.6,69.2,70.7,75.2,76.1,NA,NA,NA,NA,NA,NA,NA,NA,NA,NA,NA,NA,NA,NA,NA,NA,NA,NA,NA,NA,NA,NA,NA,NA,NA,NA,NA,NA,NA,NA,NA,NA,NA,NA,NA,NA,NA,NA,NA,NA,NA,NA,NA
13. Men who are literate (%),98.6,92.4,95,72.8,74.5,77.9,80.8,63.7,65.1,80.2,83.2,72.1,71.7,86.6,85.1,87.4,86.2,77.6,68.8,72.6,79.5,79.7,84.1,78.1,80.9,85.8,85.8,85.8,82.3,83.7,77.6,76.5,92.4,84,89,84.3,84.3,73.9,76.9,82.4,82.9,90.4,89.3,NA,NA,NA,NA,NA,NA,NA,NA,NA,NA,NA,NA,NA,NA,NA,NA,NA,NA,NA,NA,NA,NA,NA,NA,NA,NA,NA,NA,NA,NA,NA,NA,NA,NA,NA,NA,NA,NA,NA,NA,NA,NA,NA
14. Women with 10 or more years of schooling (%),47.9,22.9,32.2,19.7,22.7,17.9,20.9,13.4,17,18.9,21.7,18,19.2,18.1,22.2,19.8,22.1,34.2,20.3,26.4,18.7,24.6,45,22.2,35.2,36.1,20.8,26.2,20.3,23.2,14.8,15.7,36.4,27.7,33.1,49.6,49.6,18,22.8,22.6,24.3,27,28.6,NA,NA,NA,NA,NA,NA,NA,NA,NA,NA,NA,NA,NA,NA,NA,NA,NA,NA,NA,NA,NA,NA,NA,NA,NA,NA,NA,NA,NA,NA,NA,NA,NA,NA,NA,NA,NA,NA,NA,NA,NA,NA,NA
15. Women age 20-24 years married before age 18 years (%),18.2,21.9,20.4,33.9,32.7,41.6,41.2,40.4,39.1,46,44.4,56,54.8,58,52.6,53.9,52,27.1,48.8,40.1,42.5,40.5,30.1,42.1,36,26.1,34.6,31.9,40.3,38.3,38.6,38.3,20.3,32.6,24.4,13.1,13.1,54.1,49.7,52.7,52.1,44,43.1,NA,NA,NA,NA,NA,NA,NA,NA,NA,NA,NA,NA,NA,NA,NA,NA,NA,NA,NA,NA,NA,NA,NA,NA,NA,NA,NA,NA,NA,NA,NA,NA,NA,NA,NA,NA,NA,NA,NA,NA,NA,NA,NA
16. Men age 25-29 years married before age 21 years (%),NA,NA,NA,NA,NA,NA,NA,24,22.8,NA,31.1,NA,NA,NA,NA,NA,NA,NA,NA,NA,NA,33.1,NA,NA,NA,NA,NA,NA,NA,NA,NA,NA,NA,NA,NA,NA,NA,NA,NA,NA,NA,NA,NA,NA,NA,NA,NA,NA,NA,NA,NA,NA,NA,NA,NA,NA,NA,NA,NA,NA,NA,NA,NA,NA,NA,NA,NA,NA,NA,NA,NA,NA,NA,NA,NA,NA,NA,NA,NA,NA,NA,NA,NA,NA,NA,NA
17. Women age 15-19 years who were already mothers or pregnant at the time of the survey (%),11.6,9.2,10.1,7,9.7,24.1,23.6,15.3,17.4,20.2,19.5,23.7,24.9,31.6,29.5,27.7,24.9,8.4,19.1,14.4,26,21.9,13.3,23.4,18.7,22,18.2,19.6,17.5,16.6,22.2,21.7,5.8,9.2,7.2,4.8,4.8,19.9,19.3,16.9,15.6,21.7,19.6,NA,NA,NA,NA,NA,NA,NA,NA,NA,NA,NA,NA,NA,NA,NA,NA,NA,NA,NA,NA,NA,NA,NA,NA,NA,NA,NA,NA,NA,NA,NA,NA,NA,NA,NA,NA,NA,NA,NA,NA,NA,NA,NA
18. Any method (%),74.3,72.8,73.4,50.5,49.1,65.6,65.7,53.9,54.7,58.8,60.3,59.5,60.3,75.7,72.8,77.7,77.1,77,77.2,77.1,76.2,74.3,68.7,78.3,73,73.7,80,77.9,77.2,76.3,69.4,69,65.3,70.9,67.5,70,70,68.8,68.6,73.5,73.8,75,75.3,NA,NA,NA,NA,NA,NA,NA,NA,NA,NA,NA,NA,NA,NA,NA,NA,NA,NA,NA,NA,NA,NA,NA,NA,NA,NA,NA,NA,NA,NA,NA,NA,NA,NA,NA,NA,NA,NA,NA,NA,NA,NA,NA
19. Any modern method (%),67,65.6,66.1,49.6,48.2,60.5,60.8,41.7,43.6,52,53.2,51.1,51.8,64.4,60.9,67.2,65.5,50.8,59.5,56.1,54.8,52.5,49.8,51.8,50.7,55.5,65,61.8,69.7,69,49.5,50.5,46.2,57.7,50.7,57.5,57.5,60.4,60.4,61.2,62,60,59.5,NA,NA,NA,NA,NA,NA,NA,NA,NA,NA,NA,NA,NA,NA,NA,NA,NA,NA,NA,NA,NA,NA,NA,NA,NA,NA,NA,NA,NA,NA,NA,NA,NA,NA,NA,NA,NA,NA,NA,NA,NA,NA,NA
20. Female sterilization (%),30.1,44.2,39,26.5,25.8,35.6,34.9,18.8,19.3,21.6,21,26.1,25.4,45.8,40.5,39.1,37.4,29.5,37,34.1,36.3,33.5,23,17.1,20.4,23.9,46.1,38.7,45.2,42.8,37.8,38.2,17.2,26.1,20.7,18.9,18.9,16,15.9,39.3,38.9,20.4,19.7,NA,NA,NA,NA,NA,NA,NA,NA,NA,NA,NA,NA,NA,NA,NA,NA,NA,NA,NA,NA,NA,NA,NA,NA,NA,NA,NA,NA,NA,NA,NA,NA,NA,NA,NA,NA,NA,NA,NA,NA,NA,NA,NA
21. Male sterilization (%),0.7,0.5,0.6,0.4,0.3,0.5,0.4,0,0,0.2,0.2,0.5,0.4,0.1,0.1,0.1,0.1,0,0,0,0,0,0,0,0,0.3,0.3,0.3,0,0,0,0,0,0,0,0,0,0.3,0.2,0,0,0,0,NA,NA,NA,NA,NA,NA,NA,NA,NA,NA,NA,NA,NA,NA,NA,NA,NA,NA,NA,NA,NA,NA,NA,NA,NA,NA,NA,NA,NA,NA,NA,NA,NA,NA,NA,NA,NA,NA,NA,NA,NA,NA,NA
22. IUD/PPIUD (%),2.8,1.6,2,1,0.9,1.6,1.8,0.6,0.7,1,0.9,0.5,0.4,0.6,0.6,0.4,0.5,0,0.5,0.3,0.5,0.7,1.5,1.1,1.3,2,1.6,1.7,0,0,0.6,0.8,5.1,1.5,3.7,3.4,3.4,1.6,1.8,0.7,0.7,0.7,0.8,NA,NA,NA,NA,NA,NA,NA,NA,NA,NA,NA,NA,NA,NA,NA,NA,NA,NA,NA,NA,NA,NA,NA,NA,NA,NA,NA,NA,NA,NA,NA,NA,NA,NA,NA,NA,NA,NA,NA,NA,NA,NA,NA
23. Pill (%),18.1,12,14.3,17.3,17.1,20.9,21,18.3,17.6,24.1,25.6,17.6,18.5,14.4,15.9,22.3,22.2,13.8,18.8,16.8,14.1,14.5,12.4,25.4,18.2,17.1,12.7,14.2,22.1,22.9,8.5,8.6,14.1,24.7,18.2,15,15,37.1,34.5,19.7,20.3,34.5,33.4,NA,NA,NA,NA,NA,NA,NA,NA,NA,NA,NA,NA,NA,NA,NA,NA,NA,NA,NA,NA,NA,NA,NA,NA,NA,NA,NA,NA,NA,NA,NA,NA,NA,NA,NA,NA,NA,NA,NA,NA,NA,NA,NA
24. Condom (%),14.2,6.5,9.3,4.3,4,2,2.6,2.7,4.6,4.5,5,5.9,6.5,3.4,3.4,4.8,4.9,7.6,3.1,4.9,3.3,3.4,11.4,7,9.4,12,3.8,6.5,2.2,3.2,2.1,2.5,9.5,4.6,7.5,19.7,19.7,5.1,7.7,1.4,2,3.2,4.6,NA,NA,NA,NA,NA,NA,NA,NA,NA,NA,NA,NA,NA,NA,NA,NA,NA,NA,NA,NA,NA,NA,NA,NA,NA,NA,NA,NA,NA,NA,NA,NA,NA,NA,NA,NA,NA,NA,NA,NA,NA,NA,NA
25. Total unmet need (%),5.4,8,7,12.6,13.6,8.8,9.6,13.3,14.4,9.2,8.5,14.6,14.3,5.5,6.9,3.6,4.1,5.8,5.3,5.5,6.9,7,8.2,5.7,7.1,8.2,5.6,6.4,5.3,5.7,7.8,9.1,9.8,8.7,9.3,6.4,6.4,6.9,7.3,5,4.8,6,6,NA,NA,NA,NA,NA,NA,NA,NA,NA,NA,NA,NA,NA,NA,NA,NA,NA,NA,NA,NA,NA,NA,NA,NA,NA,NA,NA,NA,NA,NA,NA,NA,NA,NA,NA,NA,NA,NA,NA,NA,NA,NA,NA
26. Unmet need for spacing (%),1.6,4.3,3.3,5.8,5.1,3.8,4.1,4.6,4.9,3,2.8,7,6.5,3.2,3.4,1.9,2.3,2.4,2.8,2.6,2.6,2.7,1.9,2.7,2.3,2.2,1.4,1.7,2.4,2.7,4.4,5.1,1.7,3.1,2.2,2.4,2.4,2.5,3,3.4,3.1,2.3,2.1,NA,NA,NA,NA,NA,NA,NA,NA,NA,NA,NA,NA,NA,NA,NA,NA,NA,NA,NA,NA,NA,NA,NA,NA,NA,NA,NA,NA,NA,NA,NA,NA,NA,NA,NA,NA,NA,NA,NA,NA,NA,NA,NA
27. Health worker ever talked to female non-users about family planning5 (%),10.2,13.6,12.3,15.3,14.9,20.8,20.6,12.6,12.5,10.6,9.9,10.4,9.2,5.5,6.9,12.4,13.7,8.2,20.8,14.2,16.8,16.3,7.1,3.8,6,11.6,9.7,10.4,18.6,16.5,18.5,19.7,9.5,23.1,14.2,4.9,4.9,16.6,16.6,15.5,15.5,7.9,7.3,NA,NA,NA,NA,NA,NA,NA,NA,NA,NA,NA,NA,NA,NA,NA,NA,NA,NA,NA,NA,NA,NA,NA,NA,NA,NA,NA,NA,NA,NA,NA,NA,NA,NA,NA,NA,NA,NA,NA,NA,NA,NA,NA
28. Current users ever told about side effects of current method (%),42.6,42.7,42.6,62.9,62.4,56.6,57.2,50.9,53.3,40.5,42.2,32.9,29.2,24.9,27.5,64.5,60.6,68.2,64.6,65.9,57.6,53,36.6,52.2,45.3,53.9,50.5,51.5,50.4,50.3,47.5,44.5,57.9,64.9,61.5,29.9,29.9,60.4,64.2,59.4,60.8,28,27.6,NA,NA,NA,NA,NA,NA,NA,NA,NA,NA,NA,NA,NA,NA,NA,NA,NA,NA,NA,NA,NA,NA,NA,NA,NA,NA,NA,NA,NA,NA,NA,NA,NA,NA,NA,NA,NA,NA,NA,NA,NA,NA,NA
29. Mothers who had antenatal check-up in the first trimester (%),81,81.3,81.2,52.8,57,57,58,37.2,36.9,53.1,52.4,45.5,42.5,51.7,49.1,53.6,50.8,80.7,59.4,68,72.8,68.3,42.3,61.4,52,49.3,53.8,52.3,65.3,65.8,55.9,52.5,77.2,69.6,74.2,76.2,76.2,43.8,49.5,51.5,49.7,38.8,41.9,NA,NA,NA,NA,NA,NA,NA,NA,NA,NA,NA,NA,NA,NA,NA,NA,NA,NA,NA,NA,NA,NA,NA,NA,NA,NA,NA,NA,NA,NA,NA,NA,NA,NA,NA,NA,NA,NA,NA,NA,NA,NA,NA
30. Mothers who had at least 4 antenatal care visits (%),60.2,68.5,65.9,80.6,80.7,75.2,74.4,41.3,43.1,68.9,69.4,51.5,52.6,71.8,72.1,78.5,78.1,85,82.2,83.3,92.3,91.6,74.8,83.7,79.3,62.8,83.9,76.6,88.3,89.5,68.4,68.6,82.8,92.2,86.6,84.8,84.8,73.3,75.6,84.4,84,78,79.3,NA,NA,NA,NA,NA,NA,NA,NA,NA,NA,NA,NA,NA,NA,NA,NA,NA,NA,NA,NA,NA,NA,NA,NA,NA,NA,NA,NA,NA,NA,NA,NA,NA,NA,NA,NA,NA,NA,NA,NA,NA,NA,NA
31. Mothers whose last birth was protected against neonatal tetanus6 (%),95.3,97.2,96.6,90.8,90.6,93.8,94.4,87,88.2,91.5,92.6,95.7,95.3,99.5,99.3,96.4,96.9,89.5,91.9,90.9,98.2,98.7,98.9,100,99.5,94.8,95.6,95.3,97,96.1,89.3,89.9,92.4,95.3,93.6,92.4,92.4,96.7,96,96.5,96.4,97.7,98,NA,NA,NA,NA,NA,NA,NA,NA,NA,NA,NA,NA,NA,NA,NA,NA,NA,NA,NA,NA,NA,NA,NA,NA,NA,NA,NA,NA,NA,NA,NA,NA,NA,NA,NA,NA,NA,NA,NA,NA,NA,NA,NA
32. Mothers who consumed iron folic acid for 100 days or more when they were pregnant (%),39.3,43.7,42.4,24.5,24,21,20.3,6.2,6.1,43.6,39.6,20,19.3,22.4,22.7,21.2,22.7,44.7,30,35.9,35.7,36.3,21.1,21.9,21.5,30.6,34.4,33.1,43.8,46.7,33.5,34.9,36.6,40.8,38.3,42.2,42.2,20.7,23.7,26.9,26,30.2,29.7,NA,NA,NA,NA,NA,NA,NA,NA,NA,NA,NA,NA,NA,NA,NA,NA,NA,NA,NA,NA,NA,NA,NA,NA,NA,NA,NA,NA,NA,NA,NA,NA,NA,NA,NA,NA,NA,NA,NA,NA,NA,NA,NA
33. Mothers who had full antenatal care7 (%),29.9,35.3,33.6,19.7,19.6,18.3,17.4,4.1,4.3,27,25.1,12.1,12.2,15.4,17.1,15.2,16.4,38.2,23.1,29.2,32.2,33.6,14.1,19.5,16.9,14.6,29.9,24.6,36.9,40.5,20.8,23.5,28.6,36.4,31.7,32.9,32.9,13.2,16.2,21.1,20.6,22.5,23.1,NA,NA,NA,NA,NA,NA,NA,NA,NA,NA,NA,NA,NA,NA,NA,NA,NA,NA,NA,NA,NA,NA,NA,NA,NA,NA,NA,NA,NA,NA,NA,NA,NA,NA,NA,NA,NA,NA,NA,NA,NA,NA,NA
34. Registered pregnancies for which the mother received Mother and Child Protection (MCP) card (%),89.1,95.1,93.2,96.3,97,97.1,97.4,96.9,96.8,98,98.3,96.9,96.3,98.9,98.9,99.5,99.5,94.3,100,97.8,98.8,98.6,94.1,98.4,96.3,98.6,98.3,98.4,98.5,97.6,100,100,91.9,97.2,94,92.1,92.1,96.8,97.6,98.5,98.2,97.2,97.5,NA,NA,NA,NA,NA,NA,NA,NA,NA,NA,NA,NA,NA,NA,NA,NA,NA,NA,NA,NA,NA,NA,NA,NA,NA,NA,NA,NA,NA,NA,NA,NA,NA,NA,NA,NA,NA,NA,NA,NA,NA,NA,NA
35. Mothers who received postnatal care from a doctor/nurse/LHV/ANM/midwife/other health personnel within 2 days of delivery (%),87.4,83.3,84.6,68.1,69.7,67,68.8,43.3,46.3,66.5,67.2,31.6,35.7,46.4,47,79.3,78.6,63.6,61.5,62.4,56.7,60.6,62.9,53.7,58.3,75,67.1,69.9,59.2,61.8,60,59.7,85,77.9,82.2,83.1,83.1,48.7,50.8,74.3,74.7,60.3,60.4,NA,NA,NA,NA,NA,NA,NA,NA,NA,NA,NA,NA,NA,NA,NA,NA,NA,NA,NA,NA,NA,NA,NA,NA,NA,NA,NA,NA,NA,NA,NA,NA,NA,NA,NA,NA,NA,NA,NA,NA,NA,NA,NA
36. Mothers who received financial assistance under Janani Suraksha Yojana (JSY) for births delivered in an institution (%),17,30.6,26.4,38.2,34.9,49.9,47.4,26.7,26,32.3,28.3,33.1,31.1,44,40,43.6,39.2,24,25.5,24.8,28.7,29.4,10,19.7,14.7,20.7,23.8,22.7,39.2,37.7,39.3,38.7,13.4,25.9,18.2,4.6,4.6,47.9,41,32.4,29.8,29.7,27.6,NA,NA,NA,NA,NA,NA,NA,NA,NA,NA,NA,NA,NA,NA,NA,NA,NA,NA,NA,NA,NA,NA,NA,NA,NA,NA,NA,NA,NA,NA,NA,NA,NA,NA,NA,NA,NA,NA,NA,NA,NA,NA,NA
37. Average out of pocket expenditure per delivery in public health facility (Rs.),4499,4244,4311,3621,3622,6049,6268,4064,3700,10493,10075,2802,2969,30998,31481,2576,2579,2438,2786,2677,2751,3143,4901,3625,4259,2753,2588,2648,4892,4896,1565,1625,4839,4575,4738,20845,20845,4237,3742,2484,2725,22297,19550,NA,NA,NA,NA,NA,NA,NA,NA,NA,NA,NA,NA,NA,NA,NA,NA,NA,NA,NA,NA,NA,NA,NA,NA,NA,NA,NA,NA,NA,NA,NA,NA,NA,NA,NA,NA,NA,NA,NA,NA,NA,NA,NA
38. Children born at home who were taken to a health facility for check-up within 24 hours of birth (%),NA,NA,NA,NA,NA,8.3,7.8,4.1,3.8,5.8,5.6,0,0,4,3.9,3.7,3.6,NA,NA,12.9,NA,NA,NA,NA,0,NA,NA,NA,0,3.4,6.2,8,NA,NA,NA,NA,NA,6.3,5.1,4.7,4.6,1.8,1.7,NA,NA,NA,NA,NA,NA,NA,NA,NA,NA,NA,NA,NA,NA,NA,NA,NA,NA,NA,NA,NA,NA,NA,NA,NA,NA,NA,NA,NA,NA,NA,NA,NA,NA,NA,NA,NA,NA,NA,NA,NA,NA,NA
39. Children who received postnatal care from a doctor/nurse/LHV/ANM/midwife/other health personnel within 2 days of delivery (%),27.6,44.5,39.3,37.7,36.9,24.5,24,22.2,25.1,23.2,21.5,14,14.5,16.5,14.9,35.6,35.4,34.2,37.3,36,32.4,30.2,15.5,19.8,17.7,38.9,30.7,33.5,31.2,31.7,35.4,35.4,31.7,48.5,38.4,33.1,33.1,20.1,21.1,36.1,35.9,18.3,18.6,NA,NA,NA,NA,NA,NA,NA,NA,NA,NA,NA,NA,NA,NA,NA,NA,NA,NA,NA,NA,NA,NA,NA,NA,NA,NA,NA,NA,NA,NA,NA,NA,NA,NA,NA,NA,NA,NA,NA,NA,NA,NA,NA
40. Institutional births (%),95.7,94,94.5,81,84,80.7,81.2,44.9,47,77.5,79.5,52.1,55,65.8,63.8,85,86.3,85.1,80.8,82.6,91.9,93.1,92,82.2,86.9,92.2,90.8,91.3,84.5,85.6,79,72.9,89.3,82.5,86.6,95,95,47.4,52.1,76.1,77.7,73,74.1,NA,NA,NA,NA,NA,NA,NA,NA,NA,NA,NA,NA,NA,NA,NA,NA,NA,NA,NA,NA,NA,NA,NA,NA,NA,NA,NA,NA,NA,NA,NA,NA,NA,NA,NA,NA,NA,NA,NA,NA,NA,NA,NA
41. Institutional births in public facility (%),64.7,81.9,76.3,68.8,67.6,71.4,68.9,36.2,37.6,72.2,72.8,46.7,48.3,58.4,55,74.4,74.1,45.2,63.1,55.6,69.9,69.6,66.5,62.2,64.3,63.7,60,61.3,71.6,71.5,75.5,68.2,39.1,35.2,37.5,72.6,72.6,33.4,35.8,62.5,61.8,44,45,NA,NA,NA,NA,NA,NA,NA,NA,NA,NA,NA,NA,NA,NA,NA,NA,NA,NA,NA,NA,NA,NA,NA,NA,NA,NA,NA,NA,NA,NA,NA,NA,NA,NA,NA,NA,NA,NA,NA,NA,NA,NA,NA
42. Home delivery conducted by skilled health personnel (out of total deliveries) (%),0,0.8,0.5,3.5,3.3,7.4,7.9,12.5,12,5.1,4.6,7.2,6.5,4.7,6.7,1.4,1.5,8.4,2.4,4.9,0.5,0.4,3.5,11.3,7.6,1,0.9,0.9,2.9,3.1,7.9,7.5,4.1,9.8,6.4,2.6,2.6,15.7,13.4,8,7.3,15.8,14.1,NA,NA,NA,NA,NA,NA,NA,NA,NA,NA,NA,NA,NA,NA,NA,NA,NA,NA,NA,NA,NA,NA,NA,NA,NA,NA,NA,NA,NA,NA,NA,NA,NA,NA,NA,NA,NA,NA,NA,NA,NA,NA,NA
43. Births assisted by a doctor/nurse/LHV/ANM/other health personnel (%),97.9,93,94.6,83.5,86.5,87.7,88.7,56.6,58.4,80,81.7,59.3,61.6,69,69.8,86.4,88.2,93.5,84,88,89.8,90.8,94.2,92.2,93.2,93.3,90.9,91.7,86.6,87.9,86.4,79.9,92.7,91.5,92.2,97.6,97.6,65.2,67.2,83.7,84.6,87.4,87.8,NA,NA,NA,NA,NA,NA,NA,NA,NA,NA,NA,NA,NA,NA,NA,NA,NA,NA,NA,NA,NA,NA,NA,NA,NA,NA,NA,NA,NA,NA,NA,NA,NA,NA,NA,NA,NA,NA,NA,NA,NA,NA,NA
44. Births delivered by caesarean section (%),41.1,20,26.8,12.8,18.5,15.4,18.6,11.8,12.6,14,16.8,9,10.8,14.4,16.5,16.6,17.3,34.7,24.6,28.9,30.2,33.9,48.4,30.9,39.3,50.5,34.1,39.8,15.1,18,6.1,6.3,40.1,37.7,39.1,35.1,35.1,13.5,16.9,18.8,21.1,27.1,28.7,NA,NA,NA,NA,NA,NA,NA,NA,NA,NA,NA,NA,NA,NA,NA,NA,NA,NA,NA,NA,NA,NA,NA,NA,NA,NA,NA,NA,NA,NA,NA,NA,NA,NA,NA,NA,NA,NA,NA,NA,NA,NA,NA
45. Births in a private health facility delivered by caesarean section (%),68.6,NA,61.7,40.4,53.4,NA,77.1,61.1,67.6,NA,NA,NA,73.1,NA,96.7,NA,83.7,72.3,NA,75.2,84.1,86.6,NA,86.8,89.2,69.5,80.2,76.6,49.6,58.8,NA,NA,66,66.5,66.2,62.3,62.3,34.4,44.8,72.3,71.7,55,57.2,NA,NA,NA,NA,NA,NA,NA,NA,NA,NA,NA,NA,NA,NA,NA,NA,NA,NA,NA,NA,NA,NA,NA,NA,NA,NA,NA,NA,NA,NA,NA,NA,NA,NA,NA,NA,NA,NA,NA,NA,NA,NA,NA
46. Births in a public health facility delivered by caesarean section (%),30.7,16.5,20.4,11.4,14.5,11.2,13.3,17.9,16.6,13.4,15.7,11,12.2,12.6,14.6,10,9.6,13,16.6,15.4,16.7,19.4,37.7,21.8,29.7,48.1,15.8,27.5,12.2,13.5,5.6,5.6,17.6,17.7,17.6,29.2,29.2,25.8,26.7,14.3,15.6,25.3,26.9,NA,NA,NA,NA,NA,NA,NA,NA,NA,NA,NA,NA,NA,NA,NA,NA,NA,NA,NA,NA,NA,NA,NA,NA,NA,NA,NA,NA,NA,NA,NA,NA,NA,NA,NA,NA,NA,NA,NA,NA,NA,NA,NA
47. Children age 12-23 months fully immunized (BCG measles and 3 doses each of polio/DPT) (%),NA,90.1,84.2,83.7,81.7,76.1,76.6,69.7,66,80.8,83.2,71.5,69.5,76.8,78.9,90.4,91.4,74.7,88.9,82.3,95.5,93.2,NA,NA,88.7,NA,89.7,88.4,95.9,96.2,85.1,87.4,64.8,88.6,73.8,66.7,66.7,98.5,94.8,91.3,92.2,93.9,92.6,NA,NA,NA,NA,NA,NA,NA,NA,NA,NA,NA,NA,NA,NA,NA,NA,NA,NA,NA,NA,NA,NA,NA,NA,NA,NA,NA,NA,NA,NA,NA,NA,NA,NA,NA,NA,NA,NA,NA,NA,NA,NA,NA
48. Children age 12-23 months who have received BCG (%),NA,96.2,95.4,97.8,98.3,97.8,98.1,94,92.6,95.8,96.3,94.7,94.2,98.4,95.8,100,100,92,100,96.3,100,100,NA,NA,96.7,NA,100,100,100,100,95.7,96.3,96,100,97.5,100,100,100,98.4,100,100,97,97.5,NA,NA,NA,NA,NA,NA,NA,NA,NA,NA,NA,NA,NA,NA,NA,NA,NA,NA,NA,NA,NA,NA,NA,NA,NA,NA,NA,NA,NA,NA,NA,NA,NA,NA,NA,NA,NA,NA,NA,NA,NA,NA,NA
49. Children age 12-23 months who have received 3 doses of polio vaccine (%),NA,96.2,92.2,91.1,87.5,80.7,82.7,75.4,74.4,83.4,85.4,78.1,77.1,83.1,83.5,92.1,92.9,74.7,88.9,82.3,95.5,94.8,NA,NA,92,NA,92.9,90.5,97.8,98,87.9,89.8,71.5,88.6,78,81.4,81.4,98.5,94.8,95.7,96.1,93.9,92.6,NA,NA,NA,NA,NA,NA,NA,NA,NA,NA,NA,NA,NA,NA,NA,NA,NA,NA,NA,NA,NA,NA,NA,NA,NA,NA,NA,NA,NA,NA,NA,NA,NA,NA,NA,NA,NA,NA,NA,NA,NA,NA,NA
50. Children age 12-23 months who have received 3 doses of DPT vaccine (%),NA,93.4,91.7,93.3,91.2,95.3,95.8,77.9,75.4,89.6,90.9,88.5,86.9,92.6,91.6,90.4,91.4,82.5,100,91.8,100,100,NA,NA,90.9,NA,100,100,100,100,92.3,93.5,83.1,92.4,86.6,94.6,94.6,98.5,94.8,97.9,98.1,93.9,95.1,NA,NA,NA,NA,NA,NA,NA,NA,NA,NA,NA,NA,NA,NA,NA,NA,NA,NA,NA,NA,NA,NA,NA,NA,NA,NA,NA,NA,NA,NA,NA,NA,NA,NA,NA,NA,NA,NA,NA,NA,NA,NA,NA
51. Children age 12-23 months who have received measles vaccine (%),NA,92.8,89.5,88.3,88.9,97.6,95.8,77.1,73.5,87.1,88.6,85.9,86.3,93.5,93.8,98.3,98.5,84.7,100,92.9,100,98.4,NA,NA,93.4,NA,92.9,95.3,98.1,98.2,92.8,93.9,76.3,96,83.8,85.2,85.2,100,98.4,95.6,96.1,93.9,95.1,NA,NA,NA,NA,NA,NA,NA,NA,NA,NA,NA,NA,NA,NA,NA,NA,NA,NA,NA,NA,NA,NA,NA,NA,NA,NA,NA,NA,NA,NA,NA,NA,NA,NA,NA,NA,NA,NA,NA,NA,NA,NA,NA
52. Children age 12-23 months who have received 3 doses of Hepatitis B vaccine (%),NA,90.1,87.4,91,93,83.3,85,75.4,71.1,87.6,86.8,79.5,78.3,82.7,83.2,92.1,92.9,77,88.9,83.4,93.6,91.7,NA,NA,90.9,NA,87,85.1,93.8,92.1,90.7,92.2,71.5,92.2,79.3,81.4,81.4,96.2,91.7,82.2,82.3,93.9,95.1,NA,NA,NA,NA,NA,NA,NA,NA,NA,NA,NA,NA,NA,NA,NA,NA,NA,NA,NA,NA,NA,NA,NA,NA,NA,NA,NA,NA,NA,NA,NA,NA,NA,NA,NA,NA,NA,NA,NA,NA,NA,NA,NA
53. Children age 9-59 months who received a vitamin A dose in last 6 months (%),53.6,54.1,53.9,73.9,73,75.2,75.7,48.7,49.1,76.8,79,55.1,55.9,66.5,67,69,71.1,66.8,65.6,66.2,78.8,76.2,55.7,57.3,56.5,75.6,68,70.6,82.4,81,74.8,77.1,61.1,86.1,70.8,63.7,63.7,79.2,76.6,72.4,73.4,72.5,71.3,NA,NA,NA,NA,NA,NA,NA,NA,NA,NA,NA,NA,NA,NA,NA,NA,NA,NA,NA,NA,NA,NA,NA,NA,NA,NA,NA,NA,NA,NA,NA,NA,NA,NA,NA,NA,NA,NA,NA,NA,NA,NA,NA
54. Children age 12-23 months who received most of the vaccinations in public health facility (%),NA,90.9,91.1,100,98.1,97.6,93.8,94.2,91.5,97.9,98.2,98.7,98.8,100,100,100,100,93.7,100,97.2,100,98.4,NA,NA,96,NA,100,98.5,100,100,100,100,77.9,100,86.5,86.7,86.7,98.5,96,97.8,98,100,94.9,NA,NA,NA,NA,NA,NA,NA,NA,NA,NA,NA,NA,NA,NA,NA,NA,NA,NA,NA,NA,NA,NA,NA,NA,NA,NA,NA,NA,NA,NA,NA,NA,NA,NA,NA,NA,NA,NA,NA,NA,NA,NA,NA
55. Children age 12-23 months who received most of the vaccinations in private health facility (%),NA,9.1,9,0,1.9,0,4.1,3,6,0,0,1.3,1.2,0,0,0,0,6.3,0,2.8,0,1.6,NA,NA,4,NA,0,1.5,0,0,0,0,22.1,0,13.5,13.4,13.4,1.5,4,2.2,2,0,5.1,NA,NA,NA,NA,NA,NA,NA,NA,NA,NA,NA,NA,NA,NA,NA,NA,NA,NA,NA,NA,NA,NA,NA,NA,NA,NA,NA,NA,NA,NA,NA,NA,NA,NA,NA,NA,NA,NA,NA,NA,NA,NA,NA
56. Prevalence of diarrhoea (reported) in the last 2 weeks preceding the survey (%),6.5,3.4,4.4,10.1,10.3,5.9,5.3,8.1,7.9,8.4,8.4,5.9,5.6,5.7,7.1,5.6,5.6,3.4,1.7,2.4,3.7,3.6,4.7,6.2,5.5,2.2,10.2,7.4,5.2,5.1,6.2,6.3,4.1,4.9,4.5,6.1,6.1,5.7,5.9,4.6,5.3,7.1,7.5,NA,NA,NA,NA,NA,NA,NA,NA,NA,NA,NA,NA,NA,NA,NA,NA,NA,NA,NA,NA,NA,NA,NA,NA,NA,NA,NA,NA,NA,NA,NA,NA,NA,NA,NA,NA,NA,NA,NA,NA,NA,NA,NA
57. Children with diarrhoea in the last 2 weeks who received oral rehydration salts (ORS) (%),NA,NA,NA,NA,79.9,NA,NA,64.6,67.6,NA,NA,NA,NA,NA,60,NA,NA,NA,NA,NA,NA,NA,NA,NA,NA,NA,NA,NA,NA,NA,NA,NA,NA,NA,NA,NA,NA,NA,NA,NA,NA,NA,NA,NA,NA,NA,NA,NA,NA,NA,NA,NA,NA,NA,NA,NA,NA,NA,NA,NA,NA,NA,NA,NA,NA,NA,NA,NA,NA,NA,NA,NA,NA,NA,NA,NA,NA,NA,NA,NA,NA,NA,NA,NA,NA,NA
58. Children with diarrhoea in the last 2 weeks who received zinc (%),NA,NA,NA,NA,27.5,NA,NA,21.2,22.4,NA,NA,NA,NA,NA,7,NA,NA,NA,NA,NA,NA,NA,NA,NA,NA,NA,NA,NA,NA,NA,NA,NA,NA,NA,NA,NA,NA,NA,NA,NA,NA,NA,NA,NA,NA,NA,NA,NA,NA,NA,NA,NA,NA,NA,NA,NA,NA,NA,NA,NA,NA,NA,NA,NA,NA,NA,NA,NA,NA,NA,NA,NA,NA,NA,NA,NA,NA,NA,NA,NA,NA,NA,NA,NA,NA,NA
59. Children with diarrhoea in the last 2 weeks taken to a health facility (%),NA,NA,NA,NA,80.4,NA,NA,74.7,74.1,NA,NA,NA,NA,NA,59.9,NA,NA,NA,NA,NA,NA,NA,NA,NA,NA,NA,NA,NA,NA,NA,NA,NA,NA,NA,NA,NA,NA,NA,NA,NA,NA,NA,NA,NA,NA,NA,NA,NA,NA,NA,NA,NA,NA,NA,NA,NA,NA,NA,NA,NA,NA,NA,NA,NA,NA,NA,NA,NA,NA,NA,NA,NA,NA,NA,NA,NA,NA,NA,NA,NA,NA,NA,NA,NA,NA,NA
60. Prevalence of symptoms of acute respiratory infection (ARI) in the last 2 weeks preceding the survey (%),2.4,3.2,2.9,6,5.3,7.5,7.6,6.5,6.3,5.5,4.9,4.5,4.3,3,2.7,0.4,0.4,0,1.7,1,1,0.8,5.8,5.4,5.6,0,4.3,2.8,2.5,2.9,2.2,2,4.3,11.3,7.1,0.2,0.2,3.5,3.2,1.8,1.6,3.7,3.2,NA,NA,NA,NA,NA,NA,NA,NA,NA,NA,NA,NA,NA,NA,NA,NA,NA,NA,NA,NA,NA,NA,NA,NA,NA,NA,NA,NA,NA,NA,NA,NA,NA,NA,NA,NA,NA,NA,NA,NA,NA,NA,NA
61. Children with fever or symptoms of ARI in the last 2 weeks preceding the survey taken to a health facility (%),NA,NA,NA,77.1,79.8,80.7,81.6,59.9,61.1,72.9,76.5,72,73.6,73.1,71.9,NA,NA,NA,NA,NA,NA,76.3,NA,69.4,73.1,NA,NA,NA,NA,85.5,73.1,69.2,NA,87.8,81,NA,NA,80,81.7,88.7,86.6,52.5,52.2,NA,NA,NA,NA,NA,NA,NA,NA,NA,NA,NA,NA,NA,NA,NA,NA,NA,NA,NA,NA,NA,NA,NA,NA,NA,NA,NA,NA,NA,NA,NA,NA,NA,NA,NA,NA,NA,NA,NA,NA,NA,NA,NA
62. Children under age 3 years breastfed within one hour of birth8 (%),27.4,41.2,37.7,54.7,48.3,42.2,39.4,44.7,44.2,48.1,43.4,43,43.3,49.1,45.5,56.1,54.6,64.3,64.9,64.6,42.7,50.8,34.2,32.6,33.3,35.9,38.3,37.5,49.6,54.1,60.6,59.4,51,37.9,46.3,47.8,47.8,55.6,59.3,49,48.1,27.6,28,NA,NA,NA,NA,NA,NA,NA,NA,NA,NA,NA,NA,NA,NA,NA,NA,NA,NA,NA,NA,NA,NA,NA,NA,NA,NA,NA,NA,NA,NA,NA,NA,NA,NA,NA,NA,NA,NA,NA,NA,NA,NA,NA
63. Children under age 6 months exclusively breastfed9 (%),NA,NA,NA,NA,NA,58.2,57.6,65.1,67.8,NA,NA,64.1,63.7,NA,NA,NA,NA,NA,NA,NA,NA,NA,NA,NA,NA,NA,NA,NA,NA,NA,45.3,50.7,NA,NA,NA,NA,NA,NA,NA,NA,NA,NA,NA,NA,NA,NA,NA,NA,NA,NA,NA,NA,NA,NA,NA,NA,NA,NA,NA,NA,NA,NA,NA,NA,NA,NA,NA,NA,NA,NA,NA,NA,NA,NA,NA,NA,NA,NA,NA,NA,NA,NA,NA,NA,NA,NA
64. Children age 6-8 months receiving solid or semi-solid food and breastmilk9 (%),NA,NA,NA,NA,NA,NA,NA,NA,NA,NA,NA,NA,NA,NA,NA,NA,NA,NA,NA,NA,NA,NA,NA,NA,NA,NA,NA,NA,NA,NA,69.6,61.9,NA,NA,NA,NA,NA,NA,NA,NA,NA,NA,NA,NA,NA,NA,NA,NA,NA,NA,NA,NA,NA,NA,NA,NA,NA,NA,NA,NA,NA,NA,NA,NA,NA,NA,NA,NA,NA,NA,NA,NA,NA,NA,NA,NA,NA,NA,NA,NA,NA,NA,NA,NA,NA,NA
65. Breastfeeding children age 6-23 months receiving an adequate diet9 10 (%),NA,5.8,8.6,14.1,15.6,17.6,15.9,16.6,15.2,14.9,14.7,4.3,6.5,10.5,14.2,33.3,31,28.4,11.2,18.7,33,32.2,NA,16.7,11.3,NA,23.2,19.8,22.9,23.5,17.5,15.7,22.6,15.4,20,11.9,11.9,24.6,23.4,31.8,32.3,16.9,16.4,NA,NA,NA,NA,NA,NA,NA,NA,NA,NA,NA,NA,NA,NA,NA,NA,NA,NA,NA,NA,NA,NA,NA,NA,NA,NA,NA,NA,NA,NA,NA,NA,NA,NA,NA,NA,NA,NA,NA,NA,NA,NA,NA
66. Non-breastfeeding children age 6-23 months receiving an adequate diet9 10 (%),NA,NA,NA,NA,NA,NA,NA,NA,NA,NA,NA,NA,NA,NA,NA,NA,NA,NA,NA,NA,NA,NA,NA,NA,NA,NA,NA,NA,NA,NA,NA,NA,NA,NA,NA,NA,NA,NA,NA,NA,NA,NA,NA,NA,NA,NA,NA,NA,NA,NA,NA,NA,NA,NA,NA,NA,NA,NA,NA,NA,NA,NA,NA,NA,NA,NA,NA,NA,NA,NA,NA,NA,NA,NA,NA,NA,NA,NA,NA,NA,NA,NA,NA,NA,NA,NA
67. Total children age 6-23 months receiving an adequate diet9 10 (%),NA,9.2,10.7,13.6,14.6,19.7,17.7,16.5,15.2,14.7,15.5,4,6,10.1,13.4,32.4,30.3,29.2,13.4,20.5,32.5,32.8,NA,17.9,13.9,11.5,23.2,19.3,22.4,23,18.1,18.6,23.3,14.1,20,13.6,13.6,23.6,24.8,31.3,31.8,18.1,17.4,NA,NA,NA,NA,NA,NA,NA,NA,NA,NA,NA,NA,NA,NA,NA,NA,NA,NA,NA,NA,NA,NA,NA,NA,NA,NA,NA,NA,NA,NA,NA,NA,NA,NA,NA,NA,NA,NA,NA,NA,NA,NA,NA
68. Children under 5 years who are stunted11 (%),27.2,30,29.1,31.4,31.2,33.4,32.9,42.1,40.4,31.6,32.9,39.2,37.8,39.1,41.9,40.2,40.5,19.3,42.7,32.5,23.7,23.3,23.7,23.9,23.8,21.9,34.3,30.1,34.9,34,42.3,45.5,36.9,31.5,34.6,24.2,24.2,29.3,27.3,30.1,29.4,31.3,29.9,NA,NA,NA,NA,NA,NA,NA,NA,NA,NA,NA,NA,NA,NA,NA,NA,NA,NA,NA,NA,NA,NA,NA,NA,NA,NA,NA,NA,NA,NA,NA,NA,NA,NA,NA,NA,NA,NA,NA,NA,NA,NA,NA
69. Children under 5 years who are wasted11 (%),13,10.6,11.3,20.9,17.7,19.9,20.1,14.9,14,16.4,17.1,24.3,22.8,17.4,17.5,30.8,29.5,27,24.9,25.8,10.8,10.7,11.2,15.7,13.6,15.2,20.3,18.5,27.4,27,36.3,34.6,11.7,18.5,14.6,17.4,17.4,20.8,20.1,28.5,28,24.7,24.5,NA,NA,NA,NA,NA,NA,NA,NA,NA,NA,NA,NA,NA,NA,NA,NA,NA,NA,NA,NA,NA,NA,NA,NA,NA,NA,NA,NA,NA,NA,NA,NA,NA,NA,NA,NA,NA,NA,NA,NA,NA,NA,NA
70. Children under 5 years who are severely wasted12 (%),3.8,3.7,3.7,8.9,7.6,6.7,7.8,5.9,5.6,4.2,4.3,9.8,8.9,4.9,4.6,10.6,10.1,9.6,7.9,8.6,2.7,2.4,7.2,5.5,6.2,3.6,5.3,4.7,8.6,7.8,11.9,11.3,4,5,4.4,4.7,4.7,4.7,5.9,9.1,9.1,6,5.7,NA,NA,NA,NA,NA,NA,NA,NA,NA,NA,NA,NA,NA,NA,NA,NA,NA,NA,NA,NA,NA,NA,NA,NA,NA,NA,NA,NA,NA,NA,NA,NA,NA,NA,NA,NA,NA,NA,NA,NA,NA,NA,NA
71. Children under 5 years who are underweight11 (%),26.4,25.3,25.7,26.4,24.6,28.8,29.3,36.5,34.7,28.8,28.1,38.7,37.2,34.5,34.6,45.6,43.1,30.9,35.9,33.7,19.6,19.3,16.7,19.6,18.3,25.8,30.1,28.7,40.7,39.8,59.2,58.2,26.6,30.9,28.4,19.6,19.6,28,27.9,39.5,40.3,34.2,32.8,NA,NA,NA,NA,NA,NA,NA,NA,NA,NA,NA,NA,NA,NA,NA,NA,NA,NA,NA,NA,NA,NA,NA,NA,NA,NA,NA,NA,NA,NA,NA,NA,NA,NA,NA,NA,NA,NA,NA,NA,NA,NA,NA
72. Women whose Body Mass Index (BMI) is below normal (BMI <18.5 kg/m2) (%),11.3,17.8,15.4,30.6,26.1,25.8,24.8,28,25.7,26.9,24.9,25.2,23.9,23.5,21.1,32.4,30.3,21.6,25.8,24,12.6,11.9,9.9,13.4,11.5,16.7,19.1,18.3,34.6,33.3,48.6,47.5,14.4,19.7,16.5,7.3,7.3,20.3,18.9,29.9,29.9,20.2,19.4,NA,NA,NA,NA,NA,NA,NA,NA,NA,NA,NA,NA,NA,NA,NA,NA,NA,NA,NA,NA,NA,NA,NA,NA,NA,NA,NA,NA,NA,NA,NA,NA,NA,NA,NA,NA,NA,NA,NA,NA,NA,NA,NA
73. Men whose Body Mass Index (BMI) is below normal (BMI <18.5 kg/m2) (%),8.1,9,8.6,17,17.4,21.9,19.8,19.1,17.4,12.1,9.8,17.3,15.4,20.5,19.7,32.7,31.6,21.9,29.1,26,18.6,15.6,14.3,19.9,17.4,23.8,16,18.9,24.8,27.8,24,24.5,22.7,16.3,20.1,17.2,17.2,20.6,23.1,25.5,26.6,6.5,8.3,NA,NA,NA,NA,NA,NA,NA,NA,NA,NA,NA,NA,NA,NA,NA,NA,NA,NA,NA,NA,NA,NA,NA,NA,NA,NA,NA,NA,NA,NA,NA,NA,NA,NA,NA,NA,NA,NA,NA,NA,NA,NA,NA
74. Women who are overweight or obese (BMI >=25.0 kg/m2) (%),32.4,18.4,23.6,9.6,14.8,7.6,9.7,8.6,11.1,10.5,12,9.9,12,14.9,14.8,8.8,10.3,23.8,11.8,17,20.1,24.9,33.7,23,28.9,33.4,28.1,29.9,7.9,9.4,3.6,4.7,29.2,20.6,25.9,40.7,40.7,18.5,22.6,14.7,15.6,19,20.9,NA,NA,NA,NA,NA,NA,NA,NA,NA,NA,NA,NA,NA,NA,NA,NA,NA,NA,NA,NA,NA,NA,NA,NA,NA,NA,NA,NA,NA,NA,NA,NA,NA,NA,NA,NA,NA,NA,NA,NA,NA,NA,NA
75. Men who are overweight or obese (BMI >=25.0 kg/m2) (%),24.7,18.6,21.1,9.6,10.6,9.2,9.5,7.9,8,8.8,11.4,9,12.5,11.4,11.4,5.2,4.5,19.7,6.4,12.2,9.7,11.6,16.6,16.5,16.5,16.6,17.6,17.2,9.3,9,5.4,8.7,20.5,11.6,17,42.8,42.8,9.2,9.7,15.3,12.4,18.3,19.2,NA,NA,NA,NA,NA,NA,NA,NA,NA,NA,NA,NA,NA,NA,NA,NA,NA,NA,NA,NA,NA,NA,NA,NA,NA,NA,NA,NA,NA,NA,NA,NA,NA,NA,NA,NA,NA,NA,NA,NA,NA,NA,NA
76. Children age 6-59 months who are anaemic (<11.0 g/dl) (%),43.4,46.9,45.8,73.2,71,60.9,58.2,63.6,64.4,70.2,66.7,54.6,55.2,42.5,46.7,59.3,59,49.4,40.1,44.2,38.1,36.6,55.4,52,53.5,55,52.5,53.3,49.2,47.3,67.2,66.8,64.1,46.2,56.8,70.2,70.2,65.7,65.2,53.7,53,46.2,42.5,NA,NA,NA,NA,NA,NA,NA,NA,NA,NA,NA,NA,NA,NA,NA,NA,NA,NA,NA,NA,NA,NA,NA,NA,NA,NA,NA,NA,NA,NA,NA,NA,NA,NA,NA,NA,NA,NA,NA,NA,NA,NA,NA
77. Non-pregnant women age 15-49 years who are anaemic (<12.0 g/dl) (%),47.7,49,48.5,69.8,67,70.3,69.3,62.1,61.7,77.5,76.9,59.1,59.3,58.1,58.1,65.9,64.8,60.1,66.7,63.8,58.6,57.4,62.9,62.2,62.6,61.1,65.7,64.2,68.1,66.9,80.6,79.9,57.4,60.4,58.6,46.7,46.7,68.7,67.6,67.6,67.3,59.7,59.3,NA,NA,NA,NA,NA,NA,NA,NA,NA,NA,NA,NA,NA,NA,NA,NA,NA,NA,NA,NA,NA,NA,NA,NA,NA,NA,NA,NA,NA,NA,NA,NA,NA,NA,NA,NA,NA,NA,NA,NA,NA,NA,NA
78. Pregnant women age 15-49 years who are anaemic (<11.0 g/dl) (%),NA,NA,NA,NA,NA,70,65.3,66.7,69.7,NA,78.3,54.4,53.1,43.4,47.5,39.8,39.8,NA,NA,51.8,NA,45.8,NA,NA,NA,NA,NA,NA,78.9,66.7,81.6,80.7,NA,NA,40.2,NA,NA,47,50.2,57.6,58.1,52.9,52.9,NA,NA,NA,NA,NA,NA,NA,NA,NA,NA,NA,NA,NA,NA,NA,NA,NA,NA,NA,NA,NA,NA,NA,NA,NA,NA,NA,NA,NA,NA,NA,NA,NA,NA,NA,NA,NA,NA,NA,NA,NA,NA,NA
79. All women age 15-49 years who are anaemic (%),47.6,48.6,48.3,69.8,67,70.3,69.1,62.3,62.1,77.4,77,58.9,59,57.2,57.5,64.9,63.8,59.3,66.4,63.3,58,57.1,63.5,61.7,62.7,60.5,64.6,63.2,68.5,66.9,80.6,80,57,59.8,58.1,46.4,46.4,67.7,66.8,67.2,67,59.4,59,NA,NA,NA,NA,NA,NA,NA,NA,NA,NA,NA,NA,NA,NA,NA,NA,NA,NA,NA,NA,NA,NA,NA,NA,NA,NA,NA,NA,NA,NA,NA,NA,NA,NA,NA,NA,NA,NA,NA,NA,NA,NA,NA
80. Men age 15-49 years who are anaemic (<13.0 g/dl) (%),1.8,14.4,9.3,47.1,39.9,40.6,40.7,40.1,38,46.1,46,24.9,24.3,31.1,28.6,21.4,20.8,23,24.7,24,20.5,27.4,20.2,38.1,30,34.1,35.7,35.1,27.6,26.9,47.2,44.9,27.1,32.6,29.3,24.6,24.6,32,35.4,37.1,36.1,27.5,27.2,NA,NA,NA,NA,NA,NA,NA,NA,NA,NA,NA,NA,NA,NA,NA,NA,NA,NA,NA,NA,NA,NA,NA,NA,NA,NA,NA,NA,NA,NA,NA,NA,NA,NA,NA,NA,NA,NA,NA,NA,NA,NA,NA
81. Blood sugar level - high (>140 mg/dl) (%),4.9,3.1,3.8,5.4,6.3,7.1,7.1,5.1,5.8,5.5,5.5,7.9,7.9,5.4,5.6,4.8,5,7.8,7.3,7.5,5.8,7.1,13.9,8.1,11.2,8.1,10.7,9.8,7.3,6.9,4.2,4.7,6.6,7.8,7.1,8.5,8.5,7.8,7.3,6.5,6.7,8.2,8.4,NA,NA,NA,NA,NA,NA,NA,NA,NA,NA,NA,NA,NA,NA,NA,NA,NA,NA,NA,NA,NA,NA,NA,NA,NA,NA,NA,NA,NA,NA,NA,NA,NA,NA,NA,NA,NA,NA,NA,NA,NA,NA,NA
82. Blood sugar level - very high (>160 mg/dl) (%),1.4,1.4,1.4,2.4,2.9,2.8,2.9,2.1,2.6,2.7,2.8,3.7,3.7,2.4,2,2,1.9,4.6,3,3.7,2.4,2.6,6,5.1,5.6,3.1,5.3,4.6,2.3,2.3,1.5,1.7,4.1,4.3,4.2,5.2,5.2,3.7,3.8,3.1,3.5,4.2,4,NA,NA,NA,NA,NA,NA,NA,NA,NA,NA,NA,NA,NA,NA,NA,NA,NA,NA,NA,NA,NA,NA,NA,NA,NA,NA,NA,NA,NA,NA,NA,NA,NA,NA,NA,NA,NA,NA,NA,NA,NA,NA,NA
83. Blood sugar level - high (>140 mg/dl) (%),3.6,10.4,7.7,5.9,6.1,5.7,6.5,6.8,5.7,7.3,7.7,13.8,13.2,11.4,9.7,12,12,4.9,9.1,7.3,13.7,12.2,19.7,7.6,13,11,12.8,12.1,9.4,9.2,5,3.9,14.3,16.8,15.3,22.2,22.2,13.3,15.1,11.3,11.2,12.8,14.1,NA,NA,NA,NA,NA,NA,NA,NA,NA,NA,NA,NA,NA,NA,NA,NA,NA,NA,NA,NA,NA,NA,NA,NA,NA,NA,NA,NA,NA,NA,NA,NA,NA,NA,NA,NA,NA,NA,NA,NA,NA,NA,NA
84. Blood sugar level - very high (>160 mg/dl) (%),0,8,4.7,3.7,3.6,2.7,3.1,5.9,4.9,4.6,3.7,8.2,6.9,5.8,4.5,5.8,6.7,3.4,1.6,2.4,3.9,2.9,14.7,4.4,9,2.3,5.8,4.5,4.4,3.7,5,3.9,4.6,5.6,5,14.9,14.9,6.2,7.3,5.1,5.2,9.2,10.5,NA,NA,NA,NA,NA,NA,NA,NA,NA,NA,NA,NA,NA,NA,NA,NA,NA,NA,NA,NA,NA,NA,NA,NA,NA,NA,NA,NA,NA,NA,NA,NA,NA,NA,NA,NA,NA,NA,NA,NA,NA,NA,NA
85. Slightly above normal (Systolic 140-159 mm of Hg and/or Diastolic 90-99 mm of Hg) (%),9.9,8.1,8.8,11.4,12.2,8,8.4,8.9,9.3,9,8.4,6.5,7.2,5.2,5,7.3,7.3,10.8,9,9.8,7.8,8.1,8.7,7.4,8.1,11.6,9.8,10.4,6,7,6.8,6.7,8.5,13,10.3,8.8,8.8,5.3,6.1,5,5.1,5.3,5.5,NA,NA,NA,NA,NA,NA,NA,NA,NA,NA,NA,NA,NA,NA,NA,NA,NA,NA,NA,NA,NA,NA,NA,NA,NA,NA,NA,NA,NA,NA,NA,NA,NA,NA,NA,NA,NA,NA,NA,NA,NA,NA,NA
86. Moderately high (Systolic 160-179 mm of Hg and/or Diastolic 100-109 mm of Hg) (%),4.9,3.1,3.8,4.3,4.2,2.3,2.4,2.4,2.3,2.8,2.6,1.9,1.7,1.7,1.6,1.7,1.9,1.5,2.1,1.8,1.1,1.4,1.7,1,1.4,2,2,2,1,1.1,1.4,1.5,3.1,3.2,3.1,2.6,2.6,1.4,1.6,1.2,1.1,0.7,0.6,NA,NA,NA,NA,NA,NA,NA,NA,NA,NA,NA,NA,NA,NA,NA,NA,NA,NA,NA,NA,NA,NA,NA,NA,NA,NA,NA,NA,NA,NA,NA,NA,NA,NA,NA,NA,NA,NA,NA,NA,NA,NA,NA
87. Very high (Systolic ?180 mm of Hg and/or Diastolic ?110 mm of Hg) (%),1.2,1.8,1.6,1.6,1.7,0.8,0.7,0.7,0.7,0.9,0.9,1.4,1.2,0.4,0.3,0.9,1,0.2,0.8,0.6,0.3,0.8,1.1,0.2,0.7,0.7,1.1,1,0.8,0.7,0.7,0.6,1.3,0.9,1.1,1.1,1.1,0.3,0.2,0.5,0.5,0.6,0.6,NA,NA,NA,NA,NA,NA,NA,NA,NA,NA,NA,NA,NA,NA,NA,NA,NA,NA,NA,NA,NA,NA,NA,NA,NA,NA,NA,NA,NA,NA,NA,NA,NA,NA,NA,NA,NA,NA,NA,NA,NA,NA,NA
88. Slightly above normal (Systolic 140-159 mm of Hg and/or Diastolic 90-99 mm of Hg) (%),24.5,14.9,18.8,15.4,18.3,13.8,14.3,13.7,12,5.7,6.4,10.1,10.9,6.9,7.4,4.4,5.6,15.6,10.6,12.7,7.9,7.8,13.2,8.5,10.6,2.4,8.7,6.3,7.7,8.8,8.6,9,4.3,7.6,5.6,19.3,19.3,7.1,7.8,10.4,10.4,5.4,4.2,NA,NA,NA,NA,NA,NA,NA,NA,NA,NA,NA,NA,NA,NA,NA,NA,NA,NA,NA,NA,NA,NA,NA,NA,NA,NA,NA,NA,NA,NA,NA,NA,NA,NA,NA,NA,NA,NA,NA,NA,NA,NA,NA
89. Moderately high (Systolic 160-179 mm of Hg and/or Diastolic 100-109 mm of Hg) (%),5.3,1.8,3.2,1.2,1.8,0.9,1.6,1.8,2.3,1.8,2.4,3.8,3.2,0,0,0.7,1.2,1.5,0,0.6,0.9,0.7,0,3.2,1.8,8.4,1.9,4.3,0,0,0,0.8,0.8,5.7,2.7,3.5,3.5,1.3,1.1,1.1,2.9,1.9,1.5,NA,NA,NA,NA,NA,NA,NA,NA,NA,NA,NA,NA,NA,NA,NA,NA,NA,NA,NA,NA,NA,NA,NA,NA,NA,NA,NA,NA,NA,NA,NA,NA,NA,NA,NA,NA,NA,NA,NA,NA,NA,NA,NA
90. Very high (Systolic ?180 mm of Hg and/or Diastolic ?110 mm of Hg) (%),1.9,3.4,2.8,2.5,2.8,2,1.7,0.9,0.8,0,0,0,0,0,0,1.5,1.3,0,0,0,1,0.7,3.4,0,1.5,0,1.9,1.2,0,0,0.9,0.7,0,0,0,0.5,0.5,1.1,2.1,0,0,0,0,NA,NA,NA,NA,NA,NA,NA,NA,NA,NA,NA,NA,NA,NA,NA,NA,NA,NA,NA,NA,NA,NA,NA,NA,NA,NA,NA,NA,NA,NA,NA,NA,NA,NA,NA,NA,NA,NA,NA,NA,NA,NA,NA
91. Cervix (%),5.1,4.4,4.7,5.3,5.2,4.1,4.2,1.8,1.7,6.7,6.8,1.5,2.3,4.8,4.5,5,4.7,4.8,6.2,5.6,5.5,5,5.5,3.3,4.6,6.3,3.2,4.3,2.5,2.7,1.4,1.6,5.5,4.3,5,5.6,5.6,4.6,3.7,1.6,1.4,3.8,3.7,NA,NA,NA,NA,NA,NA,NA,NA,NA,NA,NA,NA,NA,NA,NA,NA,NA,NA,NA,NA,NA,NA,NA,NA,NA,NA,NA,NA,NA,NA,NA,NA,NA,NA,NA,NA,NA,NA,NA,NA,NA,NA,NA
92. Breast (%),6.7,7.9,7.4,4.1,6,1.9,1.7,1.5,1.3,2.1,1.9,1.8,2,1.3,1.6,3.5,3.4,2.6,0.9,1.6,5.2,3.9,1.9,1.4,1.7,3.3,3.1,3.1,2.6,2.5,1.3,1.6,2.4,2.2,2.3,3.3,3.3,1.5,1.3,0.5,0.5,1.1,1,NA,NA,NA,NA,NA,NA,NA,NA,NA,NA,NA,NA,NA,NA,NA,NA,NA,NA,NA,NA,NA,NA,NA,NA,NA,NA,NA,NA,NA,NA,NA,NA,NA,NA,NA,NA,NA,NA,NA,NA,NA,NA,NA
93. Oral cavity (%),8.8,7.9,8.2,6.2,8.8,5.1,5.4,1.2,1.2,3,3,3.7,3.8,1.2,1.7,4.1,3.7,2.2,1.7,1.9,2.9,5.6,2.8,2.1,2.5,5.1,0.4,2.1,3.8,4,0.9,0.8,4.4,8.9,6.1,7.3,7.3,3.3,2.6,0.7,0.6,1.6,1.4,NA,NA,NA,NA,NA,NA,NA,NA,NA,NA,NA,NA,NA,NA,NA,NA,NA,NA,NA,NA,NA,NA,NA,NA,NA,NA,NA,NA,NA,NA,NA,NA,NA,NA,NA,NA,NA,NA,NA,NA,NA,NA,NA
