Residence,Belgaum - Rural,Belgaum - Total,Bagalkot - Urban,Bagalkot - Rural,Bagalkot - Total,Bijapur - Rural,Bijapur - Total,Bidar - Rural,Bidar - Total,Raichur - Rural,Raichur - Total,Koppal - Rural,Koppal - Total,Gadag - Urban,Gadag - Rural,Gadag - Total,Dharwad - Urban,Dharwad - Rural,Dharwad - Total,Uttara Kannada - Rural,Uttara Kannada - Total,Haveri - Rural,Haveri - Total,Bellary - Urban,Bellary - Rural,Bellary - Total,Chitradurga - Rural,Chitradurga - Total,Davanagere - Urban,Davanagere - Rural,Davanagere - Total,Shimoga - Urban,Shimoga - Rural,Shimoga - Total,Udupi - Rural,Udupi - Total,Chikmagalur - Rural,Chikmagalur - Total,Tumkur - Rural,Tumkur - Total,Bangalore - Urban,Bangalore - Total,Mandya - Rural,Mandya - Total,Hassan - Rural,Hassan - Total,Dakshina Kannada - Urban,Dakshina Kannada - Rural,Dakshina Kannada - Total,Kodagu - Rural,Kodagu - Total,Mysore - Urban,Mysore - Rural,Mysore - Total,Chamarajanagar - Rural,Chamarajanagar - Total,Gulbarga - Urban,Gulbarga - Rural,Gulbarga - Total,Yadgir - Rural,Yadgir - Total,Kolar - Urban,Kolar - Rural,Kolar - Total,Chikkaballapura - Rural,Chikkaballapura - Total,Bangalore Rural - Rural,Bangalore Rural - Total,Ramanagara - Rural,Ramanagara - Total,Note of Belgaum - Rural,Note of Belgaum - Total,Note of Bagalkot - Urban,Note of Bagalkot - Rural,Note of Bagalkot - Total,Note of Bijapur - Rural,Note of Bijapur - Total,Note of Bidar - Rural,Note of Bidar - Total,Note of Raichur - Rural,Note of Raichur - Total,Note of Koppal - Rural,Note of Koppal - Total,Note of Gadag - Urban,Note of Gadag - Rural,Note of Gadag - Total,Note of Dharwad - Urban,Note of Dharwad - Rural,Note of Dharwad - Total,Note of Uttara Kannada - Rural,Note of Uttara Kannada - Total,Note of Haveri - Rural,Note of Haveri - Total,Note of Bellary - Urban,Note of Bellary - Rural,Note of Bellary - Total,Note of Chitradurga - Rural,Note of Chitradurga - Total,Note of Davanagere - Urban,Note of Davanagere - Rural,Note of Davanagere - Total,Note of Shimoga - Urban,Note of Shimoga - Rural,Note of Shimoga - Total,Note of Udupi - Rural,Note of Udupi - Total,Note of Chikmagalur - Rural,Note of Chikmagalur - Total,Note of Tumkur - Rural,Note of Tumkur - Total,Note of Bangalore - Urban,Note of Bangalore - Total,Note of Mandya - Rural,Note of Mandya - Total,Note of Hassan - Rural,Note of Hassan - Total,Note of Dakshina Kannada - Urban,Note of Dakshina Kannada - Rural,Note of Dakshina Kannada - Total,Note of Kodagu - Rural,Note of Kodagu - Total,Note of Mysore - Urban,Note of Mysore - Rural,Note of Mysore - Total,Note of Chamarajanagar - Rural,Note of Chamarajanagar - Total,Note of Gulbarga - Urban,Note of Gulbarga - Rural,Note of Gulbarga - Total,Note of Yadgir - Rural,Note of Yadgir - Total,Note of Kolar - Urban,Note of Kolar - Rural,Note of Kolar - Total,Note of Chikkaballapura - Rural,Note of Chikkaballapura - Total,Note of Bangalore Rural - Rural,Note of Bangalore Rural - Total,Note of Ramanagara - Rural,Note of Ramanagara - Total
Households surveyed,588,798,397,394,791,613,803,597,812,598,811,675,797,405,409,814,394,410,804,566,799,625,792,392,393,785,645,815,396,395,791,389,405,794,552,774,617,782,643,815,713,775,665,785,639,817,384,385,769,670,796,384,397,781,656,804,399,404,803,642,785,386,401,787,602,784,587,799,598,780,NA,NA,NA,NA,NA,NA,NA,NA,NA,NA,NA,NA,NA,NA,NA,NA,NA,NA,NA,NA,NA,NA,NA,NA,NA,NA,NA,NA,NA,NA,NA,NA,NA,NA,NA,NA,NA,NA,NA,NA,NA,NA,NA,NA,NA,NA,NA,NA,NA,NA,NA,NA,NA,NA,NA,NA,NA,NA,NA,NA,NA,NA,NA,NA,NA,NA,NA,NA,NA,NA
Women age 15-49 years interviewed,668,930,489,467,956,702,941,712,993,684,965,785,917,476,463,939,424,488,912,608,858,686,856,452,460,912,738,937,433,441,874,421,442,863,630,860,591,736,641,810,736,798,681,798,624,821,397,462,859,667,804,422,441,863,671,859,472,450,922,735,943,443,463,906,605,819,662,874,564,766,NA,NA,NA,NA,NA,NA,NA,NA,NA,NA,NA,NA,NA,NA,NA,NA,NA,NA,NA,NA,NA,NA,NA,NA,NA,NA,NA,NA,NA,NA,NA,NA,NA,NA,NA,NA,NA,NA,NA,NA,NA,NA,NA,NA,NA,NA,NA,NA,NA,NA,NA,NA,NA,NA,NA,NA,NA,NA,NA,NA,NA,NA,NA,NA,NA,NA,NA,NA,NA,NA
Men age 15-49 years interviewed,109,142,69,79,148,110,140,93,132,106,151,138,160,61,71,132,65,69,134,69,99,114,146,66,83,149,116,149,55,71,126,37,62,99,74,99,87,118,83,116,103,114,77,97,86,115,55,59,114,96,116,56,57,113,87,114,63,72,135,99,134,62,48,110,70,100,89,132,85,126,NA,NA,NA,NA,NA,NA,NA,NA,NA,NA,NA,NA,NA,NA,NA,NA,NA,NA,NA,NA,NA,NA,NA,NA,NA,NA,NA,NA,NA,NA,NA,NA,NA,NA,NA,NA,NA,NA,NA,NA,NA,NA,NA,NA,NA,NA,NA,NA,NA,NA,NA,NA,NA,NA,NA,NA,NA,NA,NA,NA,NA,NA,NA,NA,NA,NA,NA,NA,NA,NA
1. Population (female) age 6+ years who ever attended school (%),65.7,69.8,72.5,56.4,62.1,57.8,63,59.9,66.2,48.4,54.6,60.8,63.8,71.3,61.6,65.7,82.4,68.8,76.7,79.3,80.7,70.2,71.1,69,52.8,59.5,63.7,69.3,82.5,61.6,69.1,87,70.7,76.3,77.6,80.1,70,71.9,65.5,69.3,84.9,84.4,60.6,65.2,65.2,69.4,87.1,78.5,82.7,77.6,78.3,85,61.2,71.3,54.1,56.4,73.3,52.5,60.8,42.2,47.8,78.2,64.8,69.9,56.3,63,68.2,70.8,57.9,63.8,NA,NA,NA,NA,NA,NA,NA,NA,NA,NA,NA,NA,NA,NA,NA,NA,NA,NA,NA,NA,NA,NA,NA,NA,NA,NA,NA,NA,NA,NA,NA,NA,NA,NA,NA,NA,NA,NA,NA,NA,NA,NA,NA,NA,NA,NA,NA,NA,NA,NA,NA,NA,NA,NA,NA,NA,NA,NA,NA,NA,NA,NA,NA,NA,NA,NA,NA,NA,NA,NA
2. Population below age 15 years (%),27.2,26.5,27.1,28.8,28.2,29.2,29.8,25.5,26.1,31.3,30.3,29.6,29.5,26.2,24,24.9,24.4,25.3,24.8,22.5,23.1,24.9,24.1,27.6,30.2,29.1,20.6,20.5,21.2,23.9,23,21.7,23.2,22.7,20.2,19.8,20.3,20.4,21.1,20.8,21.9,22.1,20.9,21.1,20.9,21.8,19.5,21.2,20.4,24.6,24.8,21.5,23.9,22.9,20.6,21.4,30.2,31.3,30.9,32.8,31.1,24.3,23.2,23.6,22.9,23.4,22.5,23,19.8,20.7,NA,NA,NA,NA,NA,NA,NA,NA,NA,NA,NA,NA,NA,NA,NA,NA,NA,NA,NA,NA,NA,NA,NA,NA,NA,NA,NA,NA,NA,NA,NA,NA,NA,NA,NA,NA,NA,NA,NA,NA,NA,NA,NA,NA,NA,NA,NA,NA,NA,NA,NA,NA,NA,NA,NA,NA,NA,NA,NA,NA,NA,NA,NA,NA,NA,NA,NA,NA,NA,NA
3. Sex ratio of the total population (females per 1000 males),957,960,1017,936,963,964,966,988,1018,1052,1036,961,980,992,945,964,949,968,957,1041,1056,892,906,971,940,952,963,946,956,948,951,1009,1058,1041,1152,1137,1055,1059,1006,1003,907,898,1055,1048,1104,1077,1008,1056,1032,1131,1114,1007,1009,1008,1060,1068,1012,974,989,944,977,981,949,961,1008,1023,1035,994,1017,1016,NA,NA,NA,NA,NA,NA,NA,NA,NA,NA,NA,NA,NA,NA,NA,NA,NA,NA,NA,NA,NA,NA,NA,NA,NA,NA,NA,NA,NA,NA,NA,NA,NA,NA,NA,NA,NA,NA,NA,NA,NA,NA,NA,NA,NA,NA,NA,NA,NA,NA,NA,NA,NA,NA,NA,NA,NA,NA,NA,NA,NA,NA,NA,NA,NA,NA,NA,NA,NA,NA
4. Sex ratio at birth for children born in the last five years (females per 1000 males),890,967,652,884,799,1074,924,1062,1075,1045,1017,932,997,1077,757,872,850,887,865,776,871,900,982,897,880,886,852,932,966,1057,1029,699,955,866,806,794,1622,1444,784,926,729,727,950,915,1226,1149,1017,1235,1136,1255,1226,867,900,886,1079,1141,985,869,914,802,950,1057,708,829,869,788,1305,1313,928,928,NA,NA,NA,NA,NA,NA,NA,NA,NA,NA,NA,NA,NA,NA,NA,NA,NA,NA,NA,NA,NA,NA,NA,NA,NA,NA,NA,NA,NA,NA,NA,NA,NA,NA,NA,NA,NA,NA,NA,NA,NA,NA,NA,NA,NA,NA,NA,NA,NA,NA,NA,NA,NA,NA,NA,NA,NA,NA,NA,NA,NA,NA,NA,NA,NA,NA,NA,NA,NA,NA
5. Children under age 5 years whose birth was registered (%),99.2,99.1,92.4,94.5,93.8,91.5,91.6,96.3,96.3,91,93.4,90.9,92.3,95.2,98,96.9,97.9,99,98.4,95.7,97,96.1,96.9,94.4,90.7,92.3,92.1,93.4,98,95.3,96.1,95.2,96,95.8,95.3,95.8,89.9,91.5,97.4,98,93.3,93.6,97.3,95.3,97.9,96.9,96.6,97.5,97.1,97.6,97.9,96.4,95.7,96,93.3,94.3,90.2,94.9,93,83.9,85.1,94.4,93.6,93.9,93.1,95.1,97.1,97.9,98.1,98.8,NA,NA,NA,NA,NA,NA,NA,NA,NA,NA,NA,NA,NA,NA,NA,NA,NA,NA,NA,NA,NA,NA,NA,NA,NA,NA,NA,NA,NA,NA,NA,NA,NA,NA,NA,NA,NA,NA,NA,NA,NA,NA,NA,NA,NA,NA,NA,NA,NA,NA,NA,NA,NA,NA,NA,NA,NA,NA,NA,NA,NA,NA,NA,NA,NA,NA,NA,NA,NA,NA
6. Households with electricity (%),97.5,98.1,97.8,96.4,96.9,95.3,96.1,96.6,97.4,97.5,97.6,98.7,98.2,97.8,97.2,97.4,99.1,96.6,98.1,95.6,96.7,96.6,97.1,99,97.5,98.1,95.8,96.9,99.5,97.1,98,97.5,94.6,95.6,98,98.4,97.6,96.3,97.9,98.1,99.4,99.4,98.6,98.9,95.3,96.3,97.4,98.2,97.8,95.2,95.8,99.2,95.7,97.2,93.4,93.8,99.3,97.6,98.2,97.5,97.9,99.6,98.1,98.7,97.1,97.5,98.1,98.3,97.5,97.8,NA,NA,NA,NA,NA,NA,NA,NA,NA,NA,NA,NA,NA,NA,NA,NA,NA,NA,NA,NA,NA,NA,NA,NA,NA,NA,NA,NA,NA,NA,NA,NA,NA,NA,NA,NA,NA,NA,NA,NA,NA,NA,NA,NA,NA,NA,NA,NA,NA,NA,NA,NA,NA,NA,NA,NA,NA,NA,NA,NA,NA,NA,NA,NA,NA,NA,NA,NA,NA,NA
7. Households with an improved drinking-water source1 (%),98.2,98.6,83.3,90.9,88.3,86.9,88.2,95.7,96,80.3,83.5,92,92.6,82.7,87.4,85.5,98.4,90.7,95.4,62.2,69.4,94.2,95.1,97.1,92.5,94.4,89.5,90.5,97.9,92.2,94.3,92.7,75.5,81.5,58.2,64.7,81.4,81.9,88,80.8,91.7,92,94.8,95.5,91.4,91.1,90.9,80.3,85.7,79.6,81.6,96.3,95,95.6,94,95,96.7,93.8,94.9,91.2,91.1,39,85.5,67.3,87.8,76.9,86.1,77.5,95.8,93.1,NA,NA,NA,NA,NA,NA,NA,NA,NA,NA,NA,NA,NA,NA,NA,NA,NA,NA,NA,NA,NA,NA,NA,NA,NA,NA,NA,NA,NA,NA,NA,NA,NA,NA,NA,NA,NA,NA,NA,NA,NA,NA,NA,NA,NA,NA,NA,NA,NA,NA,NA,NA,NA,NA,NA,NA,NA,NA,NA,NA,NA,NA,NA,NA,NA,NA,NA,NA,NA,NA
8. Households using improved sanitation facility2 (%),31.6,40.2,38.4,14.9,23,14.1,22.9,14.3,26.7,12.8,27.6,41.5,48.9,44.2,20.5,30.2,71.9,46.2,62,61.8,66,46.2,53.5,60.2,26.4,40.7,32,44.2,88.5,49.4,64,81.4,66.4,71.7,87.4,89.1,62.9,62.7,41.9,52.3,86.2,86.2,50.4,56.8,57,64.3,92.5,91.5,92,82.7,82,85.8,46.8,63.6,27.1,32.9,56.1,11.2,29.1,10,18.1,73.7,48,58.1,39.8,49.7,73.2,74.4,56.1,60.8,NA,NA,NA,NA,NA,NA,NA,NA,NA,NA,NA,NA,NA,NA,NA,NA,NA,NA,NA,NA,NA,NA,NA,NA,NA,NA,NA,NA,NA,NA,NA,NA,NA,NA,NA,NA,NA,NA,NA,NA,NA,NA,NA,NA,NA,NA,NA,NA,NA,NA,NA,NA,NA,NA,NA,NA,NA,NA,NA,NA,NA,NA,NA,NA,NA,NA,NA,NA,NA,NA
9. Households using clean fuel for cooking3 (%),31.9,47.1,50.2,19,29.7,17.1,29.1,15.3,31.3,11.6,26.7,22,33.6,48.9,8,24.8,78.7,20.6,56.2,38.4,48.5,25.6,35.8,61.1,36,46.7,22,40.2,88.3,31.6,52.7,91.1,45.2,61.2,36.7,44.7,40.3,49.7,25.2,39.4,94.7,93.9,44,53.7,40.7,51.1,75.6,32.1,54.2,41.8,47.9,93.6,46.3,66.7,31.2,36.3,72,10.8,35.1,8.3,18.7,76.2,43.8,56.5,33.9,47.3,57.2,64.5,46.6,54.5,NA,NA,NA,NA,NA,NA,NA,NA,NA,NA,NA,NA,NA,NA,NA,NA,NA,NA,NA,NA,NA,NA,NA,NA,NA,NA,NA,NA,NA,NA,NA,NA,NA,NA,NA,NA,NA,NA,NA,NA,NA,NA,NA,NA,NA,NA,NA,NA,NA,NA,NA,NA,NA,NA,NA,NA,NA,NA,NA,NA,NA,NA,NA,NA,NA,NA,NA,NA,NA,NA
10. Households using iodized salt (%),95.8,96.3,88.5,82.6,84.6,81.2,83.5,94,95.8,78.3,81.8,82.2,84.1,80.2,71.7,75.2,95,76,87.7,87.6,88.5,80.9,84.4,82.7,72.6,76.9,67.5,74.6,92.3,75.8,81.9,92,65.7,75,80.3,85.5,81.4,84.3,82.5,85.5,95.6,95.9,93,93.6,93.6,94.2,81.5,67.2,74.5,89.1,90.1,91.8,81.9,86.1,80,81.3,88.9,83.7,85.8,85,87.7,92.1,73.2,80.6,60.5,66.4,79.9,83,81.6,83.3,NA,NA,NA,NA,NA,NA,NA,NA,NA,NA,NA,NA,NA,NA,NA,NA,NA,NA,NA,NA,NA,NA,NA,NA,NA,NA,NA,NA,NA,NA,NA,NA,NA,NA,NA,NA,NA,NA,NA,NA,NA,NA,NA,NA,NA,NA,NA,NA,NA,NA,NA,NA,NA,NA,NA,NA,NA,NA,NA,NA,NA,NA,NA,NA,NA,NA,NA,NA,NA,NA
11. Households with any usual member covered by a health scheme or health insurance (%),18.3,16.9,40.1,35.6,37.2,39.4,36.4,24,25.1,29.6,29,36.5,34.9,29,38.3,34.5,30.3,36.7,32.7,28,24.2,46.4,44.4,32.7,13.2,21.5,47.6,46.2,34.9,39.9,38,27.6,40.7,36.1,42.8,45.4,18.1,17.7,36.9,36.5,14.7,15.4,29.8,30.6,38.7,39.8,33.4,36,34.7,34.8,33.7,23.4,40.2,33,24.6,27,25.2,21.4,22.9,28.8,28.6,21.9,35.4,30.1,15.9,16.1,38.5,38.6,32.4,34.8,NA,NA,NA,NA,NA,NA,NA,NA,NA,NA,NA,NA,NA,NA,NA,NA,NA,NA,NA,NA,NA,NA,NA,NA,NA,NA,NA,NA,NA,NA,NA,NA,NA,NA,NA,NA,NA,NA,NA,NA,NA,NA,NA,NA,NA,NA,NA,NA,NA,NA,NA,NA,NA,NA,NA,NA,NA,NA,NA,NA,NA,NA,NA,NA,NA,NA,NA,NA,NA,NA
12. Women who are literate (%),70.2,74.5,67.7,54.7,59.3,61.1,66,67.7,72.2,36.5,45.8,50.8,56.2,78.6,63.1,69.8,81.7,61.8,73.5,80.4,81.6,65.9,67.7,62.8,46.2,53.1,65.7,71.7,85.3,62.4,71.1,84,71.1,75.6,84.3,86,66.7,69.4,68,70.2,86.5,87,67.5,71.8,69.2,72.7,87,80.7,83.7,81.2,82.4,86,58.6,70.5,58.8,60.7,69.1,43.9,54.3,32.3,41.8,76.9,66.8,70.7,57.4,63.1,73.2,74.6,68.3,71.3,NA,NA,NA,NA,NA,NA,NA,NA,NA,NA,NA,NA,NA,NA,NA,NA,NA,NA,NA,NA,NA,NA,NA,NA,NA,NA,NA,NA,NA,NA,NA,NA,NA,NA,NA,NA,NA,NA,NA,NA,NA,NA,NA,NA,NA,NA,NA,NA,NA,NA,NA,NA,NA,NA,NA,NA,NA,NA,NA,NA,NA,NA,NA,NA,NA,NA,NA,NA,NA,NA
13. Men who are literate (%),86.9,86.7,79.6,69.6,73.2,80.7,81.3,87.1,90.2,78.4,76.9,78,81.3,88.4,72.3,79.2,92.1,79,86.6,88.5,91.2,86.9,88.4,82.9,74.8,78,83.6,85.6,86.9,69.7,75.7,88.6,87.4,87.7,88.2,88.1,80.4,81.2,85.5,87.3,91.9,92.7,81.5,86.2,77.8,83.9,90.5,92,91.2,88.5,90.1,92.8,81.9,86.9,63.6,70.7,90.2,73.8,79.8,48,56.9,85.8,82.1,83.9,75.7,81.9,88.8,90.9,86.9,86.3,NA,NA,NA,NA,NA,NA,NA,NA,NA,NA,NA,NA,NA,NA,NA,NA,NA,NA,NA,NA,NA,NA,NA,NA,NA,NA,NA,NA,NA,NA,NA,NA,NA,NA,NA,NA,NA,NA,NA,NA,NA,NA,NA,NA,NA,NA,NA,NA,NA,NA,NA,NA,NA,NA,NA,NA,NA,NA,NA,NA,NA,NA,NA,NA,NA,NA,NA,NA,NA,NA
14. Women with 10 or more years of schooling (%),35.6,39.4,43.6,25,31.7,28,36,37.9,46.4,20,28.6,23.5,28.1,45.3,32.4,37.9,61.6,30.9,48.8,44.1,46.5,29.2,32.2,36.5,20,26.9,39.2,46.9,58.3,36.8,45,60.1,35.1,43.9,47.3,51.5,37.9,40.6,44.1,44.3,68.3,67.6,44.3,48.7,42,45.6,57.7,45.5,51.4,49.1,50.7,59.7,30.8,43.3,28.1,30.3,48.8,22.7,33.4,15.6,23.3,55.3,40.9,46.5,31.7,39.1,47.1,49.6,43.7,45.5,NA,NA,NA,NA,NA,NA,NA,NA,NA,NA,NA,NA,NA,NA,NA,NA,NA,NA,NA,NA,NA,NA,NA,NA,NA,NA,NA,NA,NA,NA,NA,NA,NA,NA,NA,NA,NA,NA,NA,NA,NA,NA,NA,NA,NA,NA,NA,NA,NA,NA,NA,NA,NA,NA,NA,NA,NA,NA,NA,NA,NA,NA,NA,NA,NA,NA,NA,NA,NA,NA
15. Women age 20-24 years married before age 18 years (%),34.8,34.9,25.4,41.1,35.8,36,33.6,28,21.7,31.2,28.3,36,35.9,21.1,23.8,22.7,22.8,23.4,23.1,16.7,15.2,24.5,22,22.2,37.7,31.4,24.4,23.9,17.1,31.4,25.4,12.5,11.2,11.6,5,6.3,24,23.8,21.7,19.3,14,14.9,21.6,22.2,15.2,14.8,5.2,11.2,8.5,12.9,11.7,18.3,26.8,23.4,33.9,32.3,25,30.5,27.9,37.8,35.5,19.4,20.5,20,27.5,23.9,28.5,25.8,24.1,23.7,NA,NA,NA,NA,NA,NA,NA,NA,NA,NA,NA,NA,NA,NA,NA,NA,NA,NA,NA,NA,NA,NA,NA,NA,NA,NA,NA,NA,NA,NA,NA,NA,NA,NA,NA,NA,NA,NA,NA,NA,NA,NA,NA,NA,NA,NA,NA,NA,NA,NA,NA,NA,NA,NA,NA,NA,NA,NA,NA,NA,NA,NA,NA,NA,NA,NA,NA,NA,NA,NA
16. Men age 25-29 years married before age 21 years (%),NA,NA,NA,NA,12.1,NA,NA,NA,NA,NA,NA,8.2,11.8,NA,NA,NA,NA,NA,NA,NA,NA,7.7,10.2,NA,NA,10.7,NA,20.6,NA,NA,NA,NA,NA,NA,NA,NA,NA,NA,NA,NA,NA,NA,NA,NA,NA,NA,NA,NA,NA,NA,NA,NA,NA,NA,NA,19.2,NA,NA,NA,NA,33.5,NA,NA,NA,NA,NA,NA,NA,NA,NA,*,*,*,*,NA,*,*,*,*,*,*,NA,NA,*,*,*,*,*,*,*,*,NA,NA,*,*,NA,*,NA,*,*,*,*,*,*,*,*,*,*,*,*,*,*,*,*,*,*,*,*,*,*,*,*,*,*,*,NA,*,*,*,*,NA,*,*,*,*,*,*,*,*,*
17. Women age 15-19 years who were already mothers or pregnant at the time of the survey (%),12.8,9.5,5.5,15.7,12.3,13,10.6,7.9,7.6,1,3,8.7,9.7,6.1,3.5,4.6,5.8,9.9,7.6,1.7,6.9,14.5,12.3,9.9,15.9,13.3,10.8,8.3,2.6,11.8,8.7,6.1,8.4,7.6,1.2,1.8,8.8,7.4,7,5.2,3.8,4.6,9.1,8.5,5.8,6.6,3.9,1.2,2.4,5.6,4.8,13.1,20,17,7.9,8.5,3.4,4.9,4.2,11.4,8.6,4,8.1,6.8,9.5,7.2,13.9,12,7.1,8.3,NA,NA,NA,NA,NA,NA,NA,NA,NA,NA,NA,NA,NA,NA,NA,NA,NA,NA,NA,NA,NA,NA,NA,NA,NA,NA,NA,NA,NA,NA,NA,NA,NA,NA,NA,NA,NA,NA,NA,NA,NA,NA,NA,NA,NA,NA,NA,NA,NA,NA,NA,NA,NA,NA,NA,NA,NA,NA,NA,NA,NA,NA,NA,NA,NA,NA,NA,NA,NA,NA
18. Any method (%),60.9,60,54.7,54.9,54.9,59.7,58.7,59.5,59.9,55.5,54.3,44.6,44.5,59.9,59.4,59.6,55.4,65.1,59.3,32.7,31.3,48.7,48.6,53.7,49,50.8,64.5,64.1,52.1,60.8,57.7,31.9,39.5,36.8,31.4,32.4,46.4,45.9,62.9,62.7,45.3,45.3,62.8,59.4,57.2,56.7,22.8,19.3,21,42.8,41.9,46.8,61.9,55.6,49.7,51.7,50.5,55.7,53.7,52.2,47,60.2,64.2,62.7,69.7,64.7,59.6,58.2,60,55.9,NA,NA,NA,NA,NA,NA,NA,NA,NA,NA,NA,NA,NA,NA,NA,NA,NA,NA,NA,NA,NA,NA,NA,NA,NA,NA,NA,NA,NA,NA,NA,NA,NA,NA,NA,NA,NA,NA,NA,NA,NA,NA,NA,NA,NA,NA,NA,NA,NA,NA,NA,NA,NA,NA,NA,NA,NA,NA,NA,NA,NA,NA,NA,NA,NA,NA,NA,NA,NA,NA
19. Any modern method (%),60.3,58.6,54.7,54.9,54.9,59.4,58.1,58.7,59.2,55.5,54.3,44.6,44.5,59.7,59.1,59.4,55,65.1,59.1,32.5,30.8,48.7,48.6,53.7,49,50.8,64.3,63.9,51.7,60.2,57.2,31.2,39.5,36.6,30.6,31.6,46.4,45.9,62.5,62.3,44,44.1,62.8,59.4,57,56.2,22.3,18.9,20.6,42.6,41.8,46.3,61.9,55.4,49.5,51.5,50.5,55.7,53.7,52.2,47,60.2,64.2,62.7,69.7,64.7,59.1,57.9,60,55.9,NA,NA,NA,NA,NA,NA,NA,NA,NA,NA,NA,NA,NA,NA,NA,NA,NA,NA,NA,NA,NA,NA,NA,NA,NA,NA,NA,NA,NA,NA,NA,NA,NA,NA,NA,NA,NA,NA,NA,NA,NA,NA,NA,NA,NA,NA,NA,NA,NA,NA,NA,NA,NA,NA,NA,NA,NA,NA,NA,NA,NA,NA,NA,NA,NA,NA,NA,NA,NA,NA
20. Female sterilization (%),58.1,56.7,54.2,54.3,54.3,58.1,56.8,57,57,55.3,53.3,44.4,44.3,57.4,58.2,57.9,48.9,64.8,55.4,28.2,25.6,48.5,48.4,51.4,48.4,49.6,62.6,61.1,47.5,59.2,55.1,25.2,36.9,32.8,26.3,27,42.8,42.5,59.6,59.8,38.2,38.7,62.4,58.9,52.9,51.1,19.4,16.7,18,40.2,39.2,40.5,60.6,52.2,47.4,49.3,49.8,55.7,53.4,52.2,47,56.2,63,60.4,69.2,64.1,57.9,56.1,59.5,54.8,NA,NA,NA,NA,NA,NA,NA,NA,NA,NA,NA,NA,NA,NA,NA,NA,NA,NA,NA,NA,NA,NA,NA,NA,NA,NA,NA,NA,NA,NA,NA,NA,NA,NA,NA,NA,NA,NA,NA,NA,NA,NA,NA,NA,NA,NA,NA,NA,NA,NA,NA,NA,NA,NA,NA,NA,NA,NA,NA,NA,NA,NA,NA,NA,NA,NA,NA,NA,NA,NA
21. Male sterilization (%),0.2,0.1,0,0,0,0,0,0,0,0,0,0,0,0,0,0,0,0,0,0,0,0,0,0,0,0,0,0,0,0,0,0,0.3,0.2,0,0,0,0,0,0,0.2,0.2,0,0,0,0,0,0,0,0,0,0.4,0,0.1,0,0,0,0,0,0,0,0,0,0,0,0,0,0,0,0,NA,NA,NA,NA,NA,NA,NA,NA,NA,NA,NA,NA,NA,NA,NA,NA,NA,NA,NA,NA,NA,NA,NA,NA,NA,NA,NA,NA,NA,NA,NA,NA,NA,NA,NA,NA,NA,NA,NA,NA,NA,NA,NA,NA,NA,NA,NA,NA,NA,NA,NA,NA,NA,NA,NA,NA,NA,NA,NA,NA,NA,NA,NA,NA,NA,NA,NA,NA,NA,NA
22. IUD/PPIUD (%),0.5,0.6,0.3,0,0.1,0.5,0.4,0,0,0,0.7,0,0,0.7,0.3,0.5,3.1,0.3,2,2,2.1,0,0,1.3,0.3,0.7,0.6,0.4,3,0.7,1.5,1.7,1.3,1.4,1.2,1.7,1.4,1.5,1.3,1.4,0.9,0.8,0.2,0.3,2.7,3.1,1.1,0.7,0.9,1.2,1.3,1.8,0.4,1,0.6,0.5,0.7,0,0.3,0,0,0.8,0.6,0.7,0.2,0.4,0.4,0.9,0.3,0.5,NA,NA,NA,NA,NA,NA,NA,NA,NA,NA,NA,NA,NA,NA,NA,NA,NA,NA,NA,NA,NA,NA,NA,NA,NA,NA,NA,NA,NA,NA,NA,NA,NA,NA,NA,NA,NA,NA,NA,NA,NA,NA,NA,NA,NA,NA,NA,NA,NA,NA,NA,NA,NA,NA,NA,NA,NA,NA,NA,NA,NA,NA,NA,NA,NA,NA,NA,NA,NA,NA
23. Pill (%),0.6,0.4,0.3,0.4,0.3,0.4,0.4,0.2,0.5,0,0.2,0.2,0.1,0.2,0.3,0.3,0.7,0,0.4,0,0,0.2,0.2,0.6,0,0.2,1,1.2,0.4,0,0.1,1.7,0.7,1,0.5,0.4,1,1,0.7,0.5,0.9,0.9,0,0,0.6,0.7,0.4,0.3,0.3,0.2,0.2,0.6,0,0.3,0.2,0.3,0,0,0,0,0,0.5,0.3,0.4,0.2,0.2,0,0,0.3,0.6,NA,NA,NA,NA,NA,NA,NA,NA,NA,NA,NA,NA,NA,NA,NA,NA,NA,NA,NA,NA,NA,NA,NA,NA,NA,NA,NA,NA,NA,NA,NA,NA,NA,NA,NA,NA,NA,NA,NA,NA,NA,NA,NA,NA,NA,NA,NA,NA,NA,NA,NA,NA,NA,NA,NA,NA,NA,NA,NA,NA,NA,NA,NA,NA,NA,NA,NA,NA,NA,NA
24. Condom (%),0.9,0.8,0,0,0,0.4,0.6,1.5,1.6,0.2,0.1,0,0,1.4,0.3,0.8,1.8,0,1,2.4,2.6,0,0,0.4,0,0.2,0.2,1.3,0.9,0.3,0.5,2.3,0.3,1,2.4,2.4,1.2,1,0.9,0.7,3.7,3.6,0.2,0.2,0.7,1.3,1.5,1.3,1.4,0.6,0.7,2.8,0.9,1.7,0.6,0.8,0,0,0,0,0,2.7,0.3,1.2,0,0,0.8,0.9,0,0,NA,NA,NA,NA,NA,NA,NA,NA,NA,NA,NA,NA,NA,NA,NA,NA,NA,NA,NA,NA,NA,NA,NA,NA,NA,NA,NA,NA,NA,NA,NA,NA,NA,NA,NA,NA,NA,NA,NA,NA,NA,NA,NA,NA,NA,NA,NA,NA,NA,NA,NA,NA,NA,NA,NA,NA,NA,NA,NA,NA,NA,NA,NA,NA,NA,NA,NA,NA,NA,NA
25. Total unmet need (%),9,10.3,12.3,6.5,8.5,6.7,7.2,7.2,8.4,8.5,9.1,11.8,10.4,8.1,6.2,7,11.9,4.3,8.8,10.7,12.4,8.7,9.4,11.2,8.2,9.3,6.2,6.5,10.7,6.2,7.8,16.9,13.5,14.7,15.9,16.3,8.9,9.5,8.6,10.7,13.3,13.8,5.5,7.7,7.8,8.1,18,16.2,17,14.7,14.4,10.3,9.6,9.9,7.4,8.2,7.3,6.7,6.9,7.5,9.1,8.5,7.4,7.8,7.2,8.7,10.8,11.2,5.5,9.3,NA,NA,NA,NA,NA,NA,NA,NA,NA,NA,NA,NA,NA,NA,NA,NA,NA,NA,NA,NA,NA,NA,NA,NA,NA,NA,NA,NA,NA,NA,NA,NA,NA,NA,NA,NA,NA,NA,NA,NA,NA,NA,NA,NA,NA,NA,NA,NA,NA,NA,NA,NA,NA,NA,NA,NA,NA,NA,NA,NA,NA,NA,NA,NA,NA,NA,NA,NA,NA,NA
26. Unmet need for spacing (%),5.3,6.1,6.3,5,5.4,4.2,3.9,3,3.8,7.3,7.4,8.9,7.7,5,4.7,4.8,6.8,3.8,5.6,4.6,6.2,6.5,7,8.1,4.7,6,4.2,3.9,7.2,4,5.1,6.3,3.8,4.7,10,10,4.5,4.9,5.5,6.6,7.5,7.8,4.1,5.8,4.2,3.8,9.1,7.6,8.3,6.6,6.3,3.7,5.7,4.9,3.5,4.2,3.6,4.1,3.9,6.4,7.2,5.3,5.6,5.5,3.1,3.5,7.4,7.6,3.3,5.9,NA,NA,NA,NA,NA,NA,NA,NA,NA,NA,NA,NA,NA,NA,NA,NA,NA,NA,NA,NA,NA,NA,NA,NA,NA,NA,NA,NA,NA,NA,NA,NA,NA,NA,NA,NA,NA,NA,NA,NA,NA,NA,NA,NA,NA,NA,NA,NA,NA,NA,NA,NA,NA,NA,NA,NA,NA,NA,NA,NA,NA,NA,NA,NA,NA,NA,NA,NA,NA,NA
27. Health worker ever talked to female non-users about family planning5 (%),49.2,46.6,22.4,14.8,17.5,19.6,19.6,25.1,25.2,12.8,18.9,17,17.4,16.1,11.7,13.6,28.3,18.7,24.4,15.5,13.3,24.7,23,30.4,17.8,23.1,27.9,30.5,15.7,8.6,11.5,11.1,13.2,12.4,23.4,24.7,11.5,11.4,19.4,18,13.7,15.6,22,23.3,13.9,12.8,10.7,16.8,13.9,27.4,27.6,12.9,18.1,15.5,13.4,14.5,12.4,10.5,11.4,19.5,29.4,13,23,19,28.6,33.2,17.4,18.8,18.9,20.2,NA,NA,NA,NA,NA,NA,NA,NA,NA,NA,NA,NA,NA,NA,NA,NA,NA,NA,NA,NA,NA,NA,NA,NA,NA,NA,NA,NA,NA,NA,NA,NA,NA,NA,NA,NA,NA,NA,NA,NA,NA,NA,NA,NA,NA,NA,NA,NA,NA,NA,NA,NA,NA,NA,NA,NA,NA,NA,NA,NA,NA,NA,NA,NA,NA,NA,NA,NA,NA,NA
28. Current users ever told about side effects of current method (%),82.1,81.6,20.8,21.8,21.5,58.9,58.2,65.3,66.6,29.9,36.3,33.4,42.4,56.7,50.4,52.6,36.7,34.5,35.8,NA,26.2,44.5,44.8,38.3,27,31.8,49,52.6,48,9.1,17.6,NA,50.4,42.2,56.3,45.4,38.5,39,51.3,47.4,35.9,33.1,38.3,38.6,57.8,53.3,NA,NA,35.9,37.7,38.1,26.2,43.2,36.3,37.3,37.5,31.4,27.9,29.5,31.7,35.5,25.8,35.8,32.3,29.9,31.7,27.9,27.2,36.1,43.6,NA,NA,NA,NA,NA,NA,NA,NA,NA,NA,NA,NA,NA,NA,NA,NA,NA,NA,NA,*,NA,NA,NA,NA,NA,NA,NA,NA,NA,NA,NA,*,NA,NA,NA,NA,NA,NA,NA,NA,NA,NA,NA,NA,NA,NA,*,*,NA,NA,NA,NA,NA,NA,NA,NA,NA,NA,NA,NA,NA,NA,NA,NA,NA,NA,NA,NA,NA,NA
29. Mothers who had antenatal check-up in the first trimester (%),78.6,78.8,79.6,60.3,66.8,71.9,70.6,68.6,67.9,52.5,57.9,59.2,62.8,58.3,51.5,54.1,69.9,76,72.4,74,81.4,67.5,68.3,57.7,70.9,66,64,70,80.4,85.9,84.1,76.9,70.8,72.9,74.9,73.7,59.8,61.7,53,59.7,53.8,51.4,75.5,74.3,70.2,73.4,63.4,65.6,64.6,80.1,78.8,63,65.4,64.4,82.2,79.6,52.3,63.8,59.1,58.8,61.9,77.9,73.8,75.5,77.7,75.4,72,71.1,68.1,68.2,NA,NA,NA,NA,NA,NA,NA,NA,NA,NA,NA,NA,NA,NA,NA,NA,NA,NA,NA,NA,NA,NA,NA,NA,NA,NA,NA,NA,NA,NA,NA,NA,NA,NA,NA,NA,NA,NA,NA,NA,NA,NA,NA,NA,NA,NA,NA,NA,NA,NA,NA,NA,NA,NA,NA,NA,NA,NA,NA,NA,NA,NA,NA,NA,NA,NA,NA,NA,NA,NA
30. Mothers who had at least 4 antenatal care visits (%),76,78.5,85.3,77.4,80.1,60.5,64.3,72.6,69.1,59.6,65.4,56.4,60.5,71,82.6,78.1,74.6,79.9,76.8,74.7,81,68.4,69,86.9,76.4,80.3,66.5,67.2,91.7,87.2,88.6,71.4,75.9,74.4,82.7,84.2,59.7,60.9,67.3,70.6,55.1,48.1,86.1,84.5,86.6,87.5,64.6,69.4,67.2,83.5,82.6,65.5,66.1,65.9,82.7,77.3,81.7,86.6,84.6,59.4,63.6,78.3,76.2,77,93.8,92.7,78.4,75.6,67.1,74,NA,NA,NA,NA,NA,NA,NA,NA,NA,NA,NA,NA,NA,NA,NA,NA,NA,NA,NA,NA,NA,NA,NA,NA,NA,NA,NA,NA,NA,NA,NA,NA,NA,NA,NA,NA,NA,NA,NA,NA,NA,NA,NA,NA,NA,NA,NA,NA,NA,NA,NA,NA,NA,NA,NA,NA,NA,NA,NA,NA,NA,NA,NA,NA,NA,NA,NA,NA,NA,NA
31. Mothers whose last birth was protected against neonatal tetanus6 (%),97,96.8,94.6,94.5,94.5,82.3,83.2,90.4,90.7,91.8,93.4,86.1,87.3,87.3,81.8,83.9,97.5,96.5,97,82.7,86.9,90.1,87.5,91.4,78.4,83.2,83.3,86.8,95.7,92.6,93.6,75.3,68.8,71,91.5,91,81.8,84.9,90.9,92.8,81.9,84.2,90.3,92.9,90.1,91.4,86.4,80.5,83.1,82.9,82.9,84.9,75.9,79.8,92.8,89.7,91.3,95.1,93.6,89.7,90,90.5,95.3,93.3,91.1,90.4,85.2,87.6,92.7,91.4,NA,NA,NA,NA,NA,NA,NA,NA,NA,NA,NA,NA,NA,NA,NA,NA,NA,NA,NA,NA,NA,NA,NA,NA,NA,NA,NA,NA,NA,NA,NA,NA,NA,NA,NA,NA,NA,NA,NA,NA,NA,NA,NA,NA,NA,NA,NA,NA,NA,NA,NA,NA,NA,NA,NA,NA,NA,NA,NA,NA,NA,NA,NA,NA,NA,NA,NA,NA,NA,NA
32. Mothers who consumed iron folic acid for 100 days or more when they were pregnant (%),61.7,62,40,48.1,45.3,42.1,38.5,54.2,48.4,51.3,53.9,19.6,23.8,45.6,42.8,43.9,45.7,45.5,45.6,33.7,36.4,25.6,27.3,41.6,47,45,37.7,44,64.5,66.5,65.9,31.5,42.8,39,35.4,39.1,21.8,22,56.4,55.1,46.8,49.2,19.7,18.9,38.6,39.3,44.4,38.4,41.1,35.8,37.6,54.8,47.2,50.5,52.8,51.8,33.5,33.6,33.6,28.7,24.9,68.2,55.3,60.5,49.6,47.1,44.9,46.5,29.8,34.4,NA,NA,NA,NA,NA,NA,NA,NA,NA,NA,NA,NA,NA,NA,NA,NA,NA,NA,NA,NA,NA,NA,NA,NA,NA,NA,NA,NA,NA,NA,NA,NA,NA,NA,NA,NA,NA,NA,NA,NA,NA,NA,NA,NA,NA,NA,NA,NA,NA,NA,NA,NA,NA,NA,NA,NA,NA,NA,NA,NA,NA,NA,NA,NA,NA,NA,NA,NA,NA,NA
33. Mothers who had full antenatal care7 (%),45.2,48.6,29.4,40.1,36.5,23.5,24.4,36.1,33.3,36.1,38.8,11.9,17.2,34.2,31.8,32.7,33.6,37,35,31,33.5,19.6,19.6,38.9,42.5,41.2,26.4,33.3,53.6,56.4,55.5,25.4,27.6,26.9,32.4,35.9,13.7,13.6,32.1,34.6,31.5,27.5,17.3,17.1,33.3,34,34.6,29.2,31.6,30.3,31.5,33.9,23.8,28.2,49.1,43.4,28.4,31.2,30,21.1,19,59.1,44.3,50.3,42.5,38.1,30.4,32.1,22.5,27.4,NA,NA,NA,NA,NA,NA,NA,NA,NA,NA,NA,NA,NA,NA,NA,NA,NA,NA,NA,NA,NA,NA,NA,NA,NA,NA,NA,NA,NA,NA,NA,NA,NA,NA,NA,NA,NA,NA,NA,NA,NA,NA,NA,NA,NA,NA,NA,NA,NA,NA,NA,NA,NA,NA,NA,NA,NA,NA,NA,NA,NA,NA,NA,NA,NA,NA,NA,NA,NA,NA
34. Registered pregnancies for which the mother received Mother and Child Protection (MCP) card (%),95.4,96,89.4,85.6,86.8,85.3,81.5,94.2,92.4,91.1,90.6,97.2,97.2,93,95.6,94.7,85.1,94.3,89.2,88.9,88.3,93.3,93.4,84.6,92.5,89.6,96.5,97.5,88.8,96.1,94,77.2,98.7,92.2,87.8,87.3,92.9,93.6,98.5,97.4,75.7,79.4,95.8,95.3,98.3,96.5,85.7,88.9,87.5,97.9,97.7,85.3,93.8,90.1,95.4,93.8,67.2,82.1,76,90,91.2,89.9,94.9,93,99.1,99.3,97.1,95.6,93.2,92.4,NA,NA,NA,NA,NA,NA,NA,NA,NA,NA,NA,NA,NA,NA,NA,NA,NA,NA,NA,NA,NA,NA,NA,NA,NA,NA,NA,NA,NA,NA,NA,NA,NA,NA,NA,NA,NA,NA,NA,NA,NA,NA,NA,NA,NA,NA,NA,NA,NA,NA,NA,NA,NA,NA,NA,NA,NA,NA,NA,NA,NA,NA,NA,NA,NA,NA,NA,NA,NA,NA
35. Mothers who received postnatal care from a doctor/nurse/LHV/ANM/midwife/other health personnel within 2 days of delivery (%),89.4,90.3,66.8,36.8,47,54.8,58.2,77.6,69.1,39.4,48.3,52.8,54.3,77.5,82.8,80.7,62.6,78.9,69.4,75.3,79.9,61.6,64.4,59,36.3,44.7,64.3,66.1,60.2,64,62.8,76,60.4,65.7,69.2,66,62.2,62.6,60.2,57.3,64.2,68.1,73.2,72.3,70.7,69.1,81.3,67.2,73.6,64.8,66.6,86.3,76.4,80.7,74.8,74.3,35.1,43.6,40.1,51.4,51.8,71,77,74.6,61.2,64.2,62.5,62,73.2,71.8,NA,NA,NA,NA,NA,NA,NA,NA,NA,NA,NA,NA,NA,NA,NA,NA,NA,NA,NA,NA,NA,NA,NA,NA,NA,NA,NA,NA,NA,NA,NA,NA,NA,NA,NA,NA,NA,NA,NA,NA,NA,NA,NA,NA,NA,NA,NA,NA,NA,NA,NA,NA,NA,NA,NA,NA,NA,NA,NA,NA,NA,NA,NA,NA,NA,NA,NA,NA,NA,NA
36. Mothers who received financial assistance under Janani Suraksha Yojana (JSY) for births delivered in an institution (%),11.5,10.5,18,34.6,28.8,19.7,22.1,23.2,19.2,31,28.5,26.4,23.6,22,30.3,27.2,21.5,43.3,30.3,25.7,21.6,27,25,12.8,27.2,22,27.1,21.7,19.3,44.8,36.6,13.7,30,24.4,34.2,30.1,14,12.6,27.7,32.7,4.9,4.3,29.4,25.3,36.2,29.7,13.1,13,13,32.9,33,20.8,26.7,24.1,33.1,32,12.5,25.1,19.9,26.2,24.3,19,23.5,21.6,35.6,27.5,26.7,26.8,23.1,20.3,NA,NA,NA,NA,NA,NA,NA,NA,NA,NA,NA,NA,NA,NA,NA,NA,NA,NA,NA,NA,NA,NA,NA,NA,NA,NA,NA,NA,NA,NA,NA,NA,NA,NA,NA,NA,NA,NA,NA,NA,NA,NA,NA,NA,NA,NA,NA,NA,NA,NA,NA,NA,NA,NA,NA,NA,NA,NA,NA,NA,NA,NA,NA,NA,NA,NA,NA,NA,NA,NA
37. Average out of pocket expenditure per delivery in public health facility (Rs.),4589,4175,2471,1205,1541,2420,2490,5323,5358,1574,1471,1725,1681,3380,3925,3744,2850,3029,2946,2247,2609,2630,2418,3343,2853,3005,4569,4427,1501,2925,2566,7459,6411,6688,3449,3179,3191,2965,4921,4683,7995,7469,2195,2448,3960,3289,2369,3812,3163,3774,3739,4304,4544,4456,3175,3234,1063,1919,1626,1657,1640,3986,3879,3913,3213,3350,4582,4634,2080,2159,NA,NA,NA,NA,NA,NA,NA,NA,NA,NA,NA,NA,NA,NA,NA,NA,NA,NA,NA,NA,NA,NA,NA,NA,NA,NA,NA,NA,NA,NA,NA,NA,NA,NA,NA,NA,NA,NA,NA,NA,NA,NA,NA,NA,NA,NA,NA,NA,NA,NA,NA,NA,NA,NA,NA,NA,NA,NA,NA,NA,NA,NA,NA,NA,NA,NA,NA,NA,NA,NA
38. Children born at home who were taken to a health facility for check-up within 24 hours of birth (%),NA,NA,NA,NA,NA,NA,NA,NA,NA,5.4,8.9,6.2,5.5,NA,NA,NA,NA,NA,NA,NA,NA,NA,NA,NA,NA,7.4,NA,NA,NA,NA,NA,NA,NA,NA,NA,NA,NA,NA,NA,NA,NA,NA,NA,NA,NA,NA,NA,NA,NA,NA,NA,NA,NA,NA,NA,NA,NA,NA,NA,NA,NA,NA,NA,NA,NA,NA,NA,NA,NA,NA,*,*,*,*,*,*,*,*,*,NA,NA,NA,NA,*,*,*,*,*,*,*,*,*,*,*,*,NA,*,*,*,*,*,*,*,*,*,*,*,*,*,*,*,*,*,*,*,*,*,*,*,*,*,*,*,*,*,*,*,*,*,*,*,*,*,*,*,*,*,*,*,*
39. Children who received postnatal care from a doctor/nurse/LHV/ANM/midwife/other health personnel within 2 days of delivery (%),39.1,38.5,27.3,22.5,24.1,13.6,14.7,21.2,22.5,7.7,12,27,29.7,18.3,38.4,30.6,5.4,28.5,15,36.3,36.2,21.7,22.1,20.5,15,17.1,29.3,29.1,36.2,23.2,27.4,23.2,26.3,25.3,22.9,21.4,32.5,30.4,21.2,18.8,16.6,15,27.7,23.7,28.4,26.7,31,16.2,22.9,16.1,17.6,33.3,23.6,27.8,42.7,41.7,10.8,11.5,11.2,18.9,17.4,32.3,28.6,30.1,12.5,11.4,20.9,20.5,33.6,30.3,NA,NA,NA,NA,NA,NA,NA,NA,NA,NA,NA,NA,NA,NA,NA,NA,NA,NA,NA,NA,NA,NA,NA,NA,NA,NA,NA,NA,NA,NA,NA,NA,NA,NA,NA,NA,NA,NA,NA,NA,NA,NA,NA,NA,NA,NA,NA,NA,NA,NA,NA,NA,NA,NA,NA,NA,NA,NA,NA,NA,NA,NA,NA,NA,NA,NA,NA,NA,NA,NA
40. Institutional births (%),96.6,97.1,93.3,91.2,91.9,89.3,90.7,98.4,98,80,79.7,83.9,84.8,87,97,92.9,96.4,93.8,95.3,93.3,94.8,98.1,96.9,86,86.2,86.2,94.2,95.6,99,97.1,97.7,100,96.9,97.9,97.9,97.9,95.2,96.2,95.5,96.4,95.7,96.2,98.8,99,98.4,98.3,100,94.9,97.1,97.4,97.7,97.3,93,94.7,95.4,96,93.6,89.8,91.3,89.3,90.5,97.2,96.6,96.8,88.7,91.6,98,98.5,99.6,99.3,NA,NA,NA,NA,NA,NA,NA,NA,NA,NA,NA,NA,NA,NA,NA,NA,NA,NA,NA,NA,NA,NA,NA,NA,NA,NA,NA,NA,NA,NA,NA,NA,NA,NA,NA,NA,NA,NA,NA,NA,NA,NA,NA,NA,NA,NA,NA,NA,NA,NA,NA,NA,NA,NA,NA,NA,NA,NA,NA,NA,NA,NA,NA,NA,NA,NA,NA,NA,NA,NA
41. Institutional births in public facility (%),76.4,68.1,44.3,62.7,56.5,57.7,54.2,84.8,78.9,63.5,57.3,71.8,72.6,55.2,75,67,45.6,70.3,56,57.6,47.9,80.7,78.5,58,72.4,67,77.4,74.3,58.1,75.6,70.5,60.8,80.9,74.5,32,32.8,72.6,72.4,61.8,61.6,47.2,48.1,68.1,64.7,59.6,57.8,38,39.1,38.6,75,71.6,57.3,78.3,69.8,74.9,76.9,49.9,66.3,59.7,72.5,70.7,49.4,70.7,62.4,75.2,67.1,67.7,63,72.6,68.7,NA,NA,NA,NA,NA,NA,NA,NA,NA,NA,NA,NA,NA,NA,NA,NA,NA,NA,NA,NA,NA,NA,NA,NA,NA,NA,NA,NA,NA,NA,NA,NA,NA,NA,NA,NA,NA,NA,NA,NA,NA,NA,NA,NA,NA,NA,NA,NA,NA,NA,NA,NA,NA,NA,NA,NA,NA,NA,NA,NA,NA,NA,NA,NA,NA,NA,NA,NA,NA,NA
42. Home delivery conducted by skilled health personnel (out of total deliveries) (%),2.5,1.8,5.6,7.6,6.9,3.5,3.3,1.2,0.9,9.4,9.2,10,9.9,3.8,0.8,2,0.7,0.7,0.7,4.8,3.5,1.4,1.2,8.2,8.3,8.3,2.1,1.6,1,2,1.7,0,1.5,1,0.7,0.5,4.8,3.8,3.9,3.1,1.6,1.4,0.6,0.5,0,0,0,2.4,1.4,1.5,1.4,2.8,2.5,2.6,2,2,5.2,6.7,6.1,2.8,3.6,2.8,2.6,2.7,7.7,5.8,1.5,1.1,0.4,0.7,NA,NA,NA,NA,NA,NA,NA,NA,NA,NA,NA,NA,NA,NA,NA,NA,NA,NA,NA,NA,NA,NA,NA,NA,NA,NA,NA,NA,NA,NA,NA,NA,NA,NA,NA,NA,NA,NA,NA,NA,NA,NA,NA,NA,NA,NA,NA,NA,NA,NA,NA,NA,NA,NA,NA,NA,NA,NA,NA,NA,NA,NA,NA,NA,NA,NA,NA,NA,NA,NA
43. Births assisted by a doctor/nurse/LHV/ANM/other health personnel (%),99.1,98.9,98.4,98.8,98.7,92.3,93.6,99.6,98.9,89.8,89.2,91.1,91.1,88.6,95.4,92.6,97.2,94.5,96,86.8,85.8,93.6,91.2,90.4,95,93.3,94.7,95.1,100,98.8,99.2,94.3,91.4,92.3,96,96.5,83.3,83.2,98.8,99,88.8,90.3,92.5,89.2,97.1,97.5,98.8,82.9,89.7,95.9,96.3,98.3,92.3,94.7,95.7,96.3,98.7,95.9,97,89.1,89.9,98.1,98.5,98.3,87.3,89.1,99.5,99.6,94.8,93.2,NA,NA,NA,NA,NA,NA,NA,NA,NA,NA,NA,NA,NA,NA,NA,NA,NA,NA,NA,NA,NA,NA,NA,NA,NA,NA,NA,NA,NA,NA,NA,NA,NA,NA,NA,NA,NA,NA,NA,NA,NA,NA,NA,NA,NA,NA,NA,NA,NA,NA,NA,NA,NA,NA,NA,NA,NA,NA,NA,NA,NA,NA,NA,NA,NA,NA,NA,NA,NA,NA
44. Births delivered by caesarean section (%),11.2,16.4,24.9,9.1,14.4,17.5,19.4,16,18.5,10,11.6,10.4,10,33.1,26.2,29,25.3,18.5,22.4,16.4,17.8,17.3,18.7,31.4,17.2,22.5,27.1,28.1,32.8,25.6,27.7,33.9,30.2,31.4,48.8,47.2,36.5,40.3,33.2,33.4,29.2,27.5,29.1,33.2,34.9,33.1,43,18.6,29,24.9,24.7,40.4,28.5,33.3,20.6,18.1,12,6,8.4,6.7,8.5,40.2,26.8,32.1,20.1,25.1,26.3,30.5,27.3,27.3,NA,NA,NA,NA,NA,NA,NA,NA,NA,NA,NA,NA,NA,NA,NA,NA,NA,NA,NA,NA,NA,NA,NA,NA,NA,NA,NA,NA,NA,NA,NA,NA,NA,NA,NA,NA,NA,NA,NA,NA,NA,NA,NA,NA,NA,NA,NA,NA,NA,NA,NA,NA,NA,NA,NA,NA,NA,NA,NA,NA,NA,NA,NA,NA,NA,NA,NA,NA,NA,NA
45. Births in a private health facility delivered by caesarean section (%),32.4,38.3,39.2,20.8,29.3,42.9,40.7,25.6,31.4,39.5,35.3,48.1,47.9,57.4,31.6,44.4,38.8,43.4,39.9,30,27.1,51,53.1,55.7,51.9,54,63.2,58.7,58.2,41.2,48.6,38,NA,29.2,60.6,58,61,63.2,60.2,54.1,38.5,35.7,49.4,50.7,57.6,51.8,47.2,16.7,30.5,40.7,39.4,66.2,NA,64.9,52.7,48.6,17.4,15.5,16.5,20.9,25.8,51.8,41.4,47,NA,51,38.7,45,50.2,43,NA,NA,NA,NA,NA,NA,NA,NA,NA,NA,NA,NA,NA,NA,NA,NA,NA,NA,NA,NA,NA,NA,NA,NA,NA,NA,NA,NA,NA,NA,NA,NA,*,NA,NA,NA,NA,NA,NA,NA,NA,NA,NA,NA,NA,NA,NA,NA,NA,NA,NA,NA,*,NA,NA,NA,NA,NA,NA,NA,NA,NA,NA,NA,*,NA,NA,NA,NA,NA
46. Births in a public health facility delivered by caesarean section (%),6.1,7.7,12.9,5.1,7.1,6.8,8.5,14.8,15.8,5.5,6.5,6.4,5.7,26.9,25.6,26.1,12.2,11.8,12,9.9,10.6,10.4,11.3,27.2,13.8,18.2,21.2,21,15.5,22.1,20.5,31.3,33.5,32.9,27.7,28.9,31.2,34.9,20.9,23.6,22.3,21.4,20.4,24.4,21.1,21,36.2,23.8,29,21,20.2,24.3,24.6,24.5,13,11.5,9,3.5,5.4,4.4,4.8,31.3,22.8,25.4,18,18.8,21.5,23,19,20.5,NA,NA,NA,NA,NA,NA,NA,NA,NA,NA,NA,NA,NA,NA,NA,NA,NA,NA,NA,NA,NA,NA,NA,NA,NA,NA,NA,NA,NA,NA,NA,NA,NA,NA,NA,NA,NA,NA,NA,NA,NA,NA,NA,NA,NA,NA,NA,NA,NA,NA,NA,NA,NA,NA,NA,NA,NA,NA,NA,NA,NA,NA,NA,NA,NA,NA,NA,NA,NA,NA
47. Children age 12-23 months fully immunized (BCG measles and 3 doses each of polio/DPT) (%),64.9,63.4,83.3,71.6,75.9,55.2,58.1,60.3,59.6,61.5,65.4,75.3,72.8,NA,NA,46.7,41.8,72.9,54.9,68.6,67.7,67.9,69.3,70.4,71.5,71.1,45,48.7,42.2,91.1,75.2,NA,NA,45.5,NA,64.6,NA,41.2,71.8,64.8,61.4,62.1,61,61,NA,68.1,NA,NA,77.3,66.3,68.2,38.6,52.1,46.7,NA,59.5,20.2,77.8,58.6,52.8,61.3,71.3,NA,76.4,NA,63.7,66.9,64.1,53.3,58.8,NA,NA,NA,NA,NA,NA,NA,NA,NA,NA,NA,NA,NA,*,*,NA,NA,NA,NA,NA,NA,NA,NA,NA,NA,NA,NA,NA,NA,NA,NA,*,*,NA,*,NA,*,NA,NA,NA,NA,NA,NA,NA,*,NA,*,*,NA,NA,NA,NA,NA,NA,*,NA,NA,NA,NA,NA,NA,NA,*,NA,*,NA,NA,NA,NA,NA
48. Children age 12-23 months who have received BCG (%),100,100,97.4,97.2,97.3,81,84.8,93.4,92.8,92.2,94.2,96.6,97.1,NA,NA,92.4,100,94,97.5,96.6,97.9,97.4,98,100,97.4,98.5,94.6,95.9,100,100,100,NA,NA,92.4,NA,97.6,NA,100,93.8,95.1,77.6,80.2,100,100,NA,97.8,NA,NA,91.8,95.7,94.9,88.5,81.5,84.3,NA,97.6,100,100,100,90,93.6,93.1,NA,96.9,NA,91.5,100,100,100,100,NA,NA,NA,NA,NA,NA,NA,NA,NA,NA,NA,NA,NA,*,*,NA,NA,NA,NA,NA,NA,NA,NA,NA,NA,NA,NA,NA,NA,NA,NA,*,*,NA,*,NA,*,NA,NA,NA,NA,NA,NA,NA,*,NA,*,*,NA,NA,NA,NA,NA,NA,*,NA,NA,NA,NA,NA,NA,NA,*,NA,*,NA,NA,NA,NA,NA
49. Children age 12-23 months who have received 3 doses of polio vaccine (%),83.5,80.3,85.5,77.2,80.2,67.8,72.4,74.6,72.9,68.8,70.9,87,82.9,NA,NA,81.7,56.8,85.6,68.9,85.2,81.1,70.4,71.3,82.6,73.6,77.4,69.9,72.6,64.7,94.4,84.7,NA,NA,83.2,NA,74.8,NA,67.3,81.8,72.7,66.7,68.7,69.2,67.1,NA,82.2,NA,NA,80,81.8,83.1,70.6,72.6,71.8,NA,83.4,29.7,86.1,67.3,60.5,69.5,80.2,NA,83.8,NA,83.8,80.2,77.7,65.7,72.8,NA,NA,NA,NA,NA,NA,NA,NA,NA,NA,NA,NA,NA,*,*,NA,NA,NA,NA,NA,NA,NA,NA,NA,NA,NA,NA,NA,NA,NA,NA,*,*,NA,*,NA,*,NA,NA,NA,NA,NA,NA,NA,*,NA,*,*,NA,NA,NA,NA,NA,NA,*,NA,NA,NA,NA,NA,NA,NA,*,NA,*,NA,NA,NA,NA,NA
50. Children age 12-23 months who have received 3 doses of DPT vaccine (%),87,84.8,92.9,97.2,95.6,68.8,73.2,81.4,81.3,75.1,77.5,86.5,87,NA,NA,74.3,75.3,94,83.2,80.7,87.8,81.7,80,85.4,86,85.8,76.2,74.2,69.9,96.7,88,NA,NA,75.5,NA,77.2,NA,68.7,90.7,79.7,66.2,66.4,76.3,75.8,NA,84.6,NA,NA,86.3,88.3,88.6,55,68.1,62.9,NA,72.4,59,94.6,82.7,78.3,81,86.5,NA,91.3,NA,83.6,87.4,85.5,72.8,72.8,NA,NA,NA,NA,NA,NA,NA,NA,NA,NA,NA,NA,NA,*,*,NA,NA,NA,NA,NA,NA,NA,NA,NA,NA,NA,NA,NA,NA,NA,NA,*,*,NA,*,NA,*,NA,NA,NA,NA,NA,NA,NA,*,NA,*,*,NA,NA,NA,NA,NA,NA,*,NA,NA,NA,NA,NA,NA,NA,*,NA,*,NA,NA,NA,NA,NA
51. Children age 12-23 months who have received measles vaccine (%),86.4,84.3,97.4,91.7,93.8,72.8,72.2,79.1,81.2,84.9,84.7,90,91.3,NA,NA,69.4,85,81.4,83.4,88.4,89.7,90.6,92.8,88.1,92.9,90.9,64.1,68,87.9,100,96.1,NA,NA,63.7,NA,88.1,NA,81.4,83.7,79.5,76,76.9,89.1,88.6,NA,84.1,NA,NA,91.8,75.8,76.3,66.1,75,71.5,NA,82.4,82.4,89,86.8,81.7,83.3,96.1,NA,92.5,NA,73.4,82.5,83.1,95.6,95.3,NA,NA,NA,NA,NA,NA,NA,NA,NA,NA,NA,NA,NA,*,*,NA,NA,NA,NA,NA,NA,NA,NA,NA,NA,NA,NA,NA,NA,NA,NA,*,*,NA,*,NA,*,NA,NA,NA,NA,NA,NA,NA,*,NA,*,*,NA,NA,NA,NA,NA,NA,*,NA,NA,NA,NA,NA,NA,NA,*,NA,*,NA,NA,NA,NA,NA
52. Children age 12-23 months who have received 3 doses of Hepatitis B vaccine (%),64.6,67.2,83.3,71.6,75.9,56.7,59.7,54.1,52.1,60.5,58.4,65.1,64,NA,NA,58.7,48.7,82.2,62.8,67.2,69.4,57.5,58.3,72.3,69.1,70.5,43.4,36.1,38.9,91.1,74.2,NA,NA,58,NA,56.9,NA,41.3,71.3,60.9,49.1,49.4,52.7,48.1,NA,66.2,NA,NA,53.5,70.8,73.8,54.3,52.7,53.3,NA,62.3,18.1,83.2,61.5,47,55.8,61.9,NA,61.4,NA,74.9,66,66.5,48.6,50.2,NA,NA,NA,NA,NA,NA,NA,NA,NA,NA,NA,NA,NA,*,*,NA,NA,NA,NA,NA,NA,NA,NA,NA,NA,NA,NA,NA,NA,NA,NA,*,*,NA,*,NA,*,NA,NA,NA,NA,NA,NA,NA,*,NA,*,*,NA,NA,NA,NA,NA,NA,*,NA,NA,NA,NA,NA,NA,NA,*,NA,*,NA,NA,NA,NA,NA
53. Children age 9-59 months who received a vitamin A dose in last 6 months (%),89.5,85.9,87.1,91.8,90.2,67.6,64.9,75.5,72,70.8,70.3,92.5,91.5,74,84.7,80.4,79,60.8,71.2,73.9,75.1,93,92,81.2,75.2,77.5,76.9,74.8,87.2,86.6,86.8,69.2,73.9,72.4,77.6,78.9,77.8,80,70.9,69.5,69,72.3,87.3,89,85.6,82.7,84.3,61.3,72,84.3,84.2,68.4,74.3,71.8,88.6,88.8,83.3,87.1,85.6,74.4,78.3,94.9,94.3,94.5,79.8,77.8,88.2,88.2,94,93.7,NA,NA,NA,NA,NA,NA,NA,NA,NA,NA,NA,NA,NA,NA,NA,NA,NA,NA,NA,NA,NA,NA,NA,NA,NA,NA,NA,NA,NA,NA,NA,NA,NA,NA,NA,NA,NA,NA,NA,NA,NA,NA,NA,NA,NA,NA,NA,NA,NA,NA,NA,NA,NA,NA,NA,NA,NA,NA,NA,NA,NA,NA,NA,NA,NA,NA,NA,NA,NA,NA
54. Children age 12-23 months who received most of the vaccinations in public health facility (%),97.1,91,82.3,97.2,91.8,94.5,93.7,100,97.6,100,100,100,98.6,NA,NA,100,83,100,89.9,NA,93.3,94.4,95.7,89,97.5,93.9,96.7,97.5,79.3,93.6,89,NA,NA,94.8,NA,63.5,NA,100,100,97.4,61.6,66.8,94.2,95.8,NA,89,NA,NA,71,100,95.5,86.4,97.7,93.2,NA,95.4,91.4,94.3,93.4,95.9,95.6,NA,NA,98.1,NA,90.2,94.8,89.4,96.7,98,NA,NA,NA,NA,NA,NA,NA,NA,NA,NA,NA,NA,NA,*,*,NA,NA,NA,NA,*,NA,NA,NA,NA,NA,NA,NA,NA,NA,NA,NA,*,*,NA,*,NA,*,NA,NA,NA,NA,NA,NA,NA,*,NA,*,*,NA,NA,NA,NA,NA,NA,*,NA,NA,NA,NA,NA,NA,*,*,NA,*,NA,NA,NA,NA,NA
55. Children age 12-23 months who received most of the vaccinations in private health facility (%),2.9,4.7,17.7,2.8,8.3,5.5,6.3,0,2.4,0,0,0,1.4,NA,NA,0,17,0,10.1,NA,5.1,5.6,4.3,11,2.5,6.1,3.3,2.5,20.7,6.4,11.1,NA,NA,5.2,NA,36.5,NA,0,0,2.7,38.4,33.2,5.8,4.2,NA,11,NA,NA,29,0,4.5,13.6,2.3,6.8,NA,4.6,8.6,5.7,6.6,4.1,4.4,NA,NA,2,NA,9.8,5.2,10.6,3.3,2,NA,NA,NA,NA,NA,NA,NA,NA,NA,NA,NA,NA,NA,*,*,NA,NA,NA,NA,*,NA,NA,NA,NA,NA,NA,NA,NA,NA,NA,NA,*,*,NA,*,NA,*,NA,NA,NA,NA,NA,NA,NA,*,NA,*,*,NA,NA,NA,NA,NA,NA,*,NA,NA,NA,NA,NA,NA,*,*,NA,*,NA,NA,NA,NA,NA
56. Prevalence of diarrhoea (reported) in the last 2 weeks preceding the survey (%),3,3.5,3.4,3.1,3.2,3.9,4,4.2,3.3,0.7,1.5,3.9,4.3,7.1,11.2,9.5,2,7.6,4.4,6.2,5.4,5.2,6.5,4.9,2.8,3.6,3.5,2.6,6.6,6.1,6.3,5.4,8.2,7.4,4.9,5.1,9,8.9,2.7,3.7,5.1,4.9,4.4,3.4,10.3,8.8,1.5,3.2,2.4,5.5,5.5,10,6.1,7.7,8.6,6.4,0.7,1.1,0.9,2.7,3.8,4.5,2.5,3.3,3.2,4.8,3.1,4.2,3.7,4,NA,NA,NA,NA,NA,NA,NA,NA,NA,NA,NA,NA,NA,NA,NA,NA,NA,NA,NA,NA,NA,NA,NA,NA,NA,NA,NA,NA,NA,NA,NA,NA,NA,NA,NA,NA,NA,NA,NA,NA,NA,NA,NA,NA,NA,NA,NA,NA,NA,NA,NA,NA,NA,NA,NA,NA,NA,NA,NA,NA,NA,NA,NA,NA,NA,NA,NA,NA,NA,NA
57. Children with diarrhoea in the last 2 weeks who received oral rehydration salts (ORS) (%),NA,NA,NA,NA,NA,NA,NA,NA,NA,NA,NA,NA,NA,NA,NA,87,NA,NA,NA,NA,NA,NA,NA,NA,NA,NA,NA,NA,NA,NA,NA,NA,NA,NA,NA,NA,NA,NA,NA,NA,NA,NA,NA,NA,NA,NA,NA,NA,NA,NA,NA,NA,NA,NA,NA,NA,NA,NA,NA,NA,NA,NA,NA,NA,NA,NA,NA,NA,NA,NA,*,*,*,*,*,*,*,*,*,*,*,*,*,*,*,NA,*,*,*,*,*,*,*,*,*,*,*,*,*,*,*,*,*,*,*,*,*,*,*,*,*,*,*,*,*,*,*,*,*,*,*,*,*,*,*,*,*,*,*,*,*,*,*,*,*,*,*,*,*,*
58. Children with diarrhoea in the last 2 weeks who received zinc (%),NA,NA,NA,NA,NA,NA,NA,NA,NA,NA,NA,NA,NA,NA,NA,82.3,NA,NA,NA,NA,NA,NA,NA,NA,NA,NA,NA,NA,NA,NA,NA,NA,NA,NA,NA,NA,NA,NA,NA,NA,NA,NA,NA,NA,NA,NA,NA,NA,NA,NA,NA,NA,NA,NA,NA,NA,NA,NA,NA,NA,NA,NA,NA,NA,NA,NA,NA,NA,NA,NA,*,*,*,*,*,*,*,*,*,*,*,*,*,*,*,NA,*,*,*,*,*,*,*,*,*,*,*,*,*,*,*,*,*,*,*,*,*,*,*,*,*,*,*,*,*,*,*,*,*,*,*,*,*,*,*,*,*,*,*,*,*,*,*,*,*,*,*,*,*,*
59. Children with diarrhoea in the last 2 weeks taken to a health facility (%),NA,NA,NA,NA,NA,NA,NA,NA,NA,NA,NA,NA,NA,NA,NA,87,NA,NA,NA,NA,NA,NA,NA,NA,NA,NA,NA,NA,NA,NA,NA,NA,NA,NA,NA,NA,NA,NA,NA,NA,NA,NA,NA,NA,NA,NA,NA,NA,NA,NA,NA,NA,NA,NA,NA,NA,NA,NA,NA,NA,NA,NA,NA,NA,NA,NA,NA,NA,NA,NA,*,*,*,*,*,*,*,*,*,*,*,*,*,*,*,NA,*,*,*,*,*,*,*,*,*,*,*,*,*,*,*,*,*,*,*,*,*,*,*,*,*,*,*,*,*,*,*,*,*,*,*,*,*,*,*,*,*,*,*,*,*,*,*,*,*,*,*,*,*,*
60. Prevalence of symptoms of acute respiratory infection (ARI) in the last 2 weeks preceding the survey (%),1,0.7,0,0.8,0.5,3.4,4.6,2.5,2,0,0,0.5,0.4,5.5,9,7.6,0,1.5,0.6,2.1,1.9,0,0,0,1.7,1.1,3.5,2.6,2.1,0.7,1.1,0,0,0,5.6,5.3,0.7,0.6,0.7,0.6,0.4,0.4,2,1.5,2.3,2.3,2.6,3.3,3,0,0,4.4,1,2.4,0,0,0,0,0,0.7,0.5,0,0,0,0,0,1.2,2.5,1.5,1,NA,NA,NA,NA,NA,NA,NA,NA,NA,NA,NA,NA,NA,NA,NA,NA,NA,NA,NA,NA,NA,NA,NA,NA,NA,NA,NA,NA,NA,NA,NA,NA,NA,NA,NA,NA,NA,NA,NA,NA,NA,NA,NA,NA,NA,NA,NA,NA,NA,NA,NA,NA,NA,NA,NA,NA,NA,NA,NA,NA,NA,NA,NA,NA,NA,NA,NA,NA,NA,NA
61. Children with fever or symptoms of ARI in the last 2 weeks preceding the survey taken to a health facility (%),93.2,92.9,NA,NA,NA,NA,89.3,NA,NA,NA,NA,NA,NA,NA,NA,77.4,NA,NA,NA,NA,69.2,NA,80.4,NA,NA,NA,NA,NA,NA,NA,NA,NA,NA,68.1,77.9,83.3,NA,NA,NA,NA,NA,NA,NA,NA,NA,81.9,NA,77.7,77.3,NA,NA,NA,NA,82.7,NA,56.2,NA,NA,NA,NA,NA,NA,NA,NA,NA,NA,NA,NA,NA,NA,NA,NA,*,*,*,*,NA,*,*,*,*,*,*,*,*,NA,*,*,*,*,NA,*,NA,*,*,*,*,*,*,*,*,*,*,NA,NA,NA,*,*,*,*,*,*,*,*,*,NA,*,NA,NA,*,*,*,*,NA,*,NA,*,*,*,*,*,*,*,*,*,*,*,*,*,*
62. Children under age 3 years breastfed within one hour of birth8 (%),74.3,70.7,75.7,54.8,61.6,43.4,46.8,69.3,66.7,52.4,59.2,63.9,68,56.6,46.7,50.5,52.7,64.1,57.5,53.7,54.2,60.8,62,67.6,40.6,50.1,57.4,59.4,70.7,73.1,72.4,33.5,45.1,41.8,45,48.3,47.5,48.3,54.6,58.6,46.9,49.8,49.5,52.8,59.3,51.7,42.6,48.2,45.7,49.5,47.7,34.1,63.6,51.7,72.6,71.2,56.6,56.3,56.4,69,66.9,59.3,61.6,60.7,64.1,59,52.1,54,52.9,57.9,NA,NA,NA,NA,NA,NA,NA,NA,NA,NA,NA,NA,NA,NA,NA,NA,NA,NA,NA,NA,NA,NA,NA,NA,NA,NA,NA,NA,NA,NA,NA,NA,NA,NA,NA,NA,NA,NA,NA,NA,NA,NA,NA,NA,NA,NA,NA,NA,NA,NA,NA,NA,NA,NA,NA,NA,NA,NA,NA,NA,NA,NA,NA,NA,NA,NA,NA,NA,NA,NA
63. Children under age 6 months exclusively breastfed9 (%),NA,NA,NA,NA,70.6,NA,NA,NA,46.9,NA,60.3,NA,NA,NA,NA,NA,NA,NA,NA,NA,NA,NA,51.1,NA,NA,56.1,NA,NA,NA,NA,68.9,NA,NA,NA,NA,NA,NA,NA,NA,NA,NA,NA,NA,NA,NA,NA,NA,NA,NA,NA,NA,NA,NA,NA,NA,NA,NA,NA,52,50.2,45.4,NA,NA,NA,NA,NA,64.8,65.5,NA,NA,*,*,*,*,NA,*,*,*,NA,*,NA,*,*,*,*,*,*,*,*,*,*,*,NA,*,*,NA,*,*,*,*,NA,*,*,*,*,*,*,*,*,*,*,*,*,*,*,*,*,*,*,*,*,*,*,*,*,*,*,*,NA,NA,NA,*,*,*,*,*,NA,NA,*,*
64. Children age 6-8 months receiving solid or semi-solid food and breastmilk9 (%),NA,NA,NA,NA,NA,NA,NA,NA,NA,NA,NA,NA,NA,NA,NA,NA,NA,NA,NA,NA,NA,NA,NA,NA,NA,NA,NA,NA,NA,NA,NA,NA,NA,NA,NA,NA,NA,NA,NA,NA,NA,NA,NA,NA,NA,NA,NA,NA,NA,NA,NA,NA,NA,NA,NA,NA,NA,NA,NA,NA,NA,NA,NA,NA,NA,NA,NA,NA,NA,NA,*,*,*,*,*,*,*,*,*,*,*,*,*,*,*,*,*,*,*,*,*,*,*,*,*,*,*,*,*,*,*,*,*,*,*,*,*,*,*,*,*,*,*,*,*,*,*,*,*,*,*,*,*,*,*,*,*,*,*,*,*,*,*,*,*,*,*,*,*,*
65. Breastfeeding children age 6-23 months receiving an adequate diet9 10 (%),3.1,3.4,0,9.9,6.7,1.8,2.7,8.6,7.2,1.6,3.9,0,1.9,NA,NA,4.5,5.4,0,2.9,0,0,0,2.1,2.3,6.1,4.6,5.3,4,16,7.5,10.4,NA,NA,2.3,16,15.7,6.9,5.6,9.1,7.6,17.4,13.9,3.3,2.1,NA,0,NA,12.6,9.3,5.7,4.3,NA,8.8,5.7,9,6.9,1.9,1.9,1.9,4.6,4.3,NA,0,2.8,NA,8.1,2.9,2.1,0,2.5,NA,NA,NA,NA,NA,NA,NA,NA,NA,NA,NA,NA,NA,*,*,NA,NA,NA,NA,NA,NA,NA,NA,NA,NA,NA,NA,NA,NA,NA,NA,*,*,NA,NA,NA,NA,NA,NA,NA,NA,NA,NA,NA,*,NA,*,NA,NA,NA,NA,*,NA,NA,NA,NA,NA,NA,NA,NA,NA,*,NA,NA,*,NA,NA,NA,NA,NA
66. Non-breastfeeding children age 6-23 months receiving an adequate diet9 10 (%),NA,NA,NA,NA,NA,NA,NA,NA,NA,NA,NA,NA,NA,NA,NA,NA,NA,NA,NA,NA,NA,NA,NA,NA,NA,NA,NA,NA,NA,NA,NA,NA,NA,NA,NA,NA,NA,NA,NA,NA,14.6,14,29.8,29.8,NA,NA,NA,NA,NA,NA,21.6,NA,NA,17.6,NA,NA,NA,NA,NA,NA,NA,NA,NA,NA,NA,NA,NA,20.8,NA,32.1,*,*,*,*,*,*,*,*,*,*,*,*,*,*,*,*,*,*,*,*,*,*,*,*,*,*,*,*,*,*,*,*,*,*,*,*,*,*,*,*,NA,NA,NA,NA,*,*,*,*,*,*,NA,*,*,NA,*,*,*,*,*,*,*,*,*,*,*,*,*,NA,*,NA
67. Total children age 6-23 months receiving an adequate diet9 10 (%),2.6,2.8,1.6,9.3,6.8,1.4,2.2,8.2,6.6,1.4,3.3,2.4,6.3,5.3,3.6,4.3,7,0,3.8,11.1,7,3.8,4.6,2.1,6.3,4.8,20.1,15.7,15.6,5.5,8.9,NA,2.8,5.1,15.2,18.8,8.9,6.7,5.9,5,16.1,13.9,17.1,13.3,0,4.6,22.2,16.1,19,11.6,10.6,10.6,10.2,10.4,11,11.5,1.5,3.3,2.6,7.5,6.1,10.7,3.3,6.1,2.9,7.5,9.4,8.4,5.8,14.6,NA,NA,NA,NA,NA,NA,NA,NA,NA,NA,NA,NA,NA,NA,NA,NA,NA,NA,NA,NA,NA,NA,NA,NA,NA,NA,NA,NA,NA,NA,NA,*,NA,NA,NA,NA,NA,NA,NA,NA,NA,NA,NA,NA,NA,NA,NA,NA,NA,NA,NA,NA,NA,NA,NA,NA,NA,NA,NA,NA,NA,NA,NA,NA,NA,NA,NA,NA,NA,NA
68. Children under 5 years who are stunted11 (%),40,36.7,52.8,44.5,47.3,48,44.9,43.4,42.8,39.6,37.2,59.7,55.8,37.5,33,34.8,32.9,44,37.4,42.1,37.9,47.5,43.8,51.9,47.9,49.5,32.3,28.6,47.9,45.7,46.4,28,38.2,35.3,19.1,21.1,21.6,21.1,30.8,28.6,29.4,28.1,17.2,18.6,26.2,27,27.7,21.2,23.9,31,29.8,21.1,28.1,25.1,29,30.5,45,56.6,52.2,56.8,55.5,28.3,34.3,32,36.9,37.7,31,28.7,25.5,22,NA,NA,NA,NA,NA,NA,NA,NA,NA,NA,NA,NA,NA,NA,NA,NA,NA,NA,NA,NA,NA,NA,NA,NA,NA,NA,NA,NA,NA,NA,NA,NA,NA,NA,NA,NA,NA,NA,NA,NA,NA,NA,NA,NA,NA,NA,NA,NA,NA,NA,NA,NA,NA,NA,NA,NA,NA,NA,NA,NA,NA,NA,NA,NA,NA,NA,NA,NA,NA,NA
69. Children under 5 years who are wasted11 (%),33.1,31.7,25.4,24.2,24.6,29.7,29.1,25.7,23.6,37.2,34.9,26.4,26.4,39.9,45.1,43.1,27.5,43.1,33.8,19.9,18.3,21.3,20.4,28,26.2,26.9,30.9,31.8,18.9,23.9,22.4,11,15.6,14.3,21.5,20.9,21.7,22.3,22.3,26.2,25.7,28.9,20,23.2,19.2,19.1,15.2,18.4,17.1,16,16.4,12.8,20.6,17.3,17.6,19.1,33.8,34.2,34,33.2,31.3,15,20.6,18.4,20.1,17.2,22,22.8,15.7,20.3,NA,NA,NA,NA,NA,NA,NA,NA,NA,NA,NA,NA,NA,NA,NA,NA,NA,NA,NA,NA,NA,NA,NA,NA,NA,NA,NA,NA,NA,NA,NA,NA,NA,NA,NA,NA,NA,NA,NA,NA,NA,NA,NA,NA,NA,NA,NA,NA,NA,NA,NA,NA,NA,NA,NA,NA,NA,NA,NA,NA,NA,NA,NA,NA,NA,NA,NA,NA,NA,NA
70. Children under 5 years who are severely wasted12 (%),18,16,6.4,9,8.1,9.8,10.1,12,11.4,18.9,18.1,11.2,10.8,26,28.5,27.5,13.2,24.5,17.7,4.1,4.2,8.4,7.3,11.6,10.2,10.7,14.6,16.1,7,4.8,5.5,2.5,2.8,2.7,4.6,4,6.9,5.4,11.4,10.2,11.1,11.7,9.5,9.5,7.5,6.4,0,6.8,4,3.7,4.1,3,10.8,7.5,6.9,8.8,17.3,10.7,13.2,14.6,12.5,2.5,6,4.6,8.8,5.9,4.5,6.7,2.6,5.1,NA,NA,NA,NA,NA,NA,NA,NA,NA,NA,NA,NA,NA,NA,NA,NA,NA,NA,NA,NA,NA,NA,NA,NA,NA,NA,NA,NA,NA,NA,NA,NA,NA,NA,NA,NA,NA,NA,NA,NA,NA,NA,NA,NA,NA,NA,NA,NA,NA,NA,NA,NA,NA,NA,NA,NA,NA,NA,NA,NA,NA,NA,NA,NA,NA,NA,NA,NA,NA,NA
71. Children under 5 years who are underweight11 (%),40.3,38.5,44.3,44.7,44.6,40,38.9,43,39.4,44.6,41.2,52.9,49.9,40,36.9,38.1,31.4,55.7,41.1,35.8,30.1,38.8,36.9,50.3,55.2,53.3,33.2,29.9,43.6,41.2,41.9,22.5,33.8,30.6,19.8,22.3,25.1,24.6,25.1,26,28,26.8,16.2,20.3,26.8,26.4,18.1,24.2,21.7,27.8,25.7,18.2,29.8,24.9,28.5,31.1,52.6,59.2,56.7,52.5,50.3,26.5,28.5,27.7,29.4,28.5,27.3,26.5,23,22.9,NA,NA,NA,NA,NA,NA,NA,NA,NA,NA,NA,NA,NA,NA,NA,NA,NA,NA,NA,NA,NA,NA,NA,NA,NA,NA,NA,NA,NA,NA,NA,NA,NA,NA,NA,NA,NA,NA,NA,NA,NA,NA,NA,NA,NA,NA,NA,NA,NA,NA,NA,NA,NA,NA,NA,NA,NA,NA,NA,NA,NA,NA,NA,NA,NA,NA,NA,NA,NA,NA
72. Women whose Body Mass Index (BMI) is below normal (BMI <18.5 kg/m2) (%),20.6,20.6,21.5,21.1,21.3,20.8,19.5,29.5,26,21.7,20.8,26.9,26.9,18.7,22.9,21.1,15.5,16.7,16,36.1,31.7,21.7,21.5,21.7,24.9,23.6,22.8,22.7,18,25.5,22.7,14.1,27.1,22.7,30.1,27.6,29,24.9,21.8,20.3,13.2,14,20.1,18.2,20.7,18.4,21.5,29.4,25.6,20.9,19.6,11.7,24.6,19.1,26,26.1,17.3,26.2,22.5,26.3,27.4,17,27.4,23.5,26.7,24.8,23,21.3,25.7,22.4,NA,NA,NA,NA,NA,NA,NA,NA,NA,NA,NA,NA,NA,NA,NA,NA,NA,NA,NA,NA,NA,NA,NA,NA,NA,NA,NA,NA,NA,NA,NA,NA,NA,NA,NA,NA,NA,NA,NA,NA,NA,NA,NA,NA,NA,NA,NA,NA,NA,NA,NA,NA,NA,NA,NA,NA,NA,NA,NA,NA,NA,NA,NA,NA,NA,NA,NA,NA,NA,NA
73. Men whose Body Mass Index (BMI) is below normal (BMI <18.5 kg/m2) (%),15.8,17.5,19.5,19.2,19.3,11.7,11.4,24.7,24.8,12,9.3,24.4,21.4,21.1,10.7,15,15.6,9.8,13.2,39.3,29.9,18.9,19.6,6.7,26.2,18.4,15.2,17.6,15.5,20.1,18.5,22.7,34,31.1,21.5,18.4,18.5,20.5,17.2,17.3,9.6,8.7,12,13.8,15.2,18.3,13,30.5,21.8,23.7,23.1,9.9,10.4,10.2,24.7,18,26.8,17.1,20.5,12.4,17.5,30.7,21.2,26.1,23,24.7,18.8,16.7,18.5,14.8,NA,NA,NA,NA,NA,NA,NA,NA,NA,NA,NA,NA,NA,NA,NA,NA,NA,NA,NA,NA,NA,NA,NA,NA,NA,NA,NA,NA,NA,NA,NA,NA,NA,NA,NA,NA,NA,NA,NA,NA,NA,NA,NA,NA,NA,NA,NA,NA,NA,NA,NA,NA,NA,NA,NA,NA,NA,NA,NA,NA,NA,NA,NA,NA,NA,NA,NA,NA,NA,NA
74. Women who are overweight or obese (BMI >=25.0 kg/m2) (%),18.6,20.7,23.3,12.8,16.6,13.4,18,12.2,15.9,13,19.8,10.5,12,15.7,8.7,11.7,37.2,18.4,29.4,15.7,20.4,16.7,19.6,24.7,14.5,18.9,10.2,13.1,32.7,21.7,25.8,39.2,17.3,24.8,19,20.7,20.5,23.5,17.3,22.3,33.4,32,25.7,26.6,22,27.9,30.5,21.9,26,23.9,26.2,42.8,19.1,29.3,15.1,17.3,20.9,10.3,14.8,9.3,12.9,37.4,15.2,23.6,15.8,22.9,20,24.5,19.9,22.8,NA,NA,NA,NA,NA,NA,NA,NA,NA,NA,NA,NA,NA,NA,NA,NA,NA,NA,NA,NA,NA,NA,NA,NA,NA,NA,NA,NA,NA,NA,NA,NA,NA,NA,NA,NA,NA,NA,NA,NA,NA,NA,NA,NA,NA,NA,NA,NA,NA,NA,NA,NA,NA,NA,NA,NA,NA,NA,NA,NA,NA,NA,NA,NA,NA,NA,NA,NA,NA,NA
75. Men who are overweight or obese (BMI >=25.0 kg/m2) (%),22.8,27.5,23.4,8.9,13.6,13.9,16.2,12.6,17,27.4,27.6,15,20.2,34.8,16.8,24.2,39.3,18.2,30.3,5,16.5,11.8,15,37,10.3,20.9,18.8,20.2,29.5,15.2,20.1,39,7.2,15.5,17.7,22.5,13.8,16.9,16.8,19.3,27.5,26.1,25.5,20.7,26.3,28.7,23.2,17.7,20.4,24,24.2,22.7,18.3,20.2,17.9,18.8,17.2,19.7,18.8,9.2,10.9,29.2,12.9,21.3,16.8,20.8,20.9,22.3,32.9,37.8,NA,NA,NA,NA,NA,NA,NA,NA,NA,NA,NA,NA,NA,NA,NA,NA,NA,NA,NA,NA,NA,NA,NA,NA,NA,NA,NA,NA,NA,NA,NA,NA,NA,NA,NA,NA,NA,NA,NA,NA,NA,NA,NA,NA,NA,NA,NA,NA,NA,NA,NA,NA,NA,NA,NA,NA,NA,NA,NA,NA,NA,NA,NA,NA,NA,NA,NA,NA,NA,NA
76. Children age 6-59 months who are anaemic (<11.0 g/dl) (%),70.7,66.3,64.5,61.8,62.6,68.3,68,71.6,69.1,72.8,70.6,67.1,68.1,65.6,74,70.7,51.1,50.2,50.7,51.8,47.7,60.4,63.9,70,73.9,72.3,61.7,64.4,56.7,69.9,65.9,48.9,55.6,53.8,55.4,56.2,54.6,57.9,56,53.8,52.2,51.7,54.7,55.2,53.1,53.1,55.5,53.4,54.3,45.7,46.6,55.1,63.9,60.1,53,53.2,68.5,74.9,72.4,74.9,74,52.9,60.1,57.3,61.4,62.9,46.8,48.8,53.6,53.9,NA,NA,NA,NA,NA,NA,NA,NA,NA,NA,NA,NA,NA,NA,NA,NA,NA,NA,NA,NA,NA,NA,NA,NA,NA,NA,NA,NA,NA,NA,NA,NA,NA,NA,NA,NA,NA,NA,NA,NA,NA,NA,NA,NA,NA,NA,NA,NA,NA,NA,NA,NA,NA,NA,NA,NA,NA,NA,NA,NA,NA,NA,NA,NA,NA,NA,NA,NA,NA,NA
77. Non-pregnant women age 15-49 years who are anaemic (<12.0 g/dl) (%),41.2,41.1,42.7,38.4,39.9,40.3,41.2,45.2,44.1,58.2,57.9,47.4,45.7,43.6,40.6,41.9,42,50.6,45.6,42.9,42,52.9,52.5,42.7,55.1,49.9,45.1,43.9,45.6,48.6,47.5,46.8,49.2,48.4,44.9,45.2,43,42,53.1,52,40.7,40,45.8,46.5,47.3,47.5,48.4,42.2,45.2,36.7,37.1,46.1,45.9,46,42.6,44.3,39,45,42.5,51.8,47.8,43.8,45.7,45,54.3,54,48.5,46.6,46.4,47.1,NA,NA,NA,NA,NA,NA,NA,NA,NA,NA,NA,NA,NA,NA,NA,NA,NA,NA,NA,NA,NA,NA,NA,NA,NA,NA,NA,NA,NA,NA,NA,NA,NA,NA,NA,NA,NA,NA,NA,NA,NA,NA,NA,NA,NA,NA,NA,NA,NA,NA,NA,NA,NA,NA,NA,NA,NA,NA,NA,NA,NA,NA,NA,NA,NA,NA,NA,NA,NA,NA
78. Pregnant women age 15-49 years who are anaemic (<11.0 g/dl) (%),46.6,43.9,NA,53.8,55.7,54.2,57.5,46.2,49.3,76.9,73.1,42.1,43.3,NA,NA,21.2,NA,NA,53.5,NA,40.1,NA,59.3,NA,61.3,50.5,41.7,40,NA,NA,33,NA,NA,54.5,NA,NA,NA,NA,NA,72.2,NA,NA,NA,NA,NA,33,NA,NA,NA,NA,NA,NA,NA,NA,NA,49.9,NA,48.9,53.9,43.7,46.5,NA,NA,40.3,NA,NA,NA,NA,NA,NA,NA,NA,*,NA,NA,NA,NA,NA,NA,NA,NA,NA,NA,*,*,NA,*,*,NA,*,NA,*,NA,*,NA,NA,NA,NA,*,*,NA,*,*,NA,*,*,*,*,*,NA,*,*,*,*,*,NA,*,*,*,*,*,*,*,*,*,NA,*,NA,NA,NA,NA,*,*,NA,*,*,*,*,*,*
79. All women age 15-49 years who are anaemic (%),41.5,41.2,43.4,39.4,40.8,40.9,41.9,45.3,44.3,59.2,58.7,47.1,45.6,42.8,39.9,41.1,42.8,50.2,45.9,42.8,41.9,53.1,52.7,42.1,55.4,49.9,45,43.7,45.1,48,46.9,46.8,49.5,48.6,44.4,44.7,43.2,42.2,53.7,52.7,40.2,39.6,45.5,46.2,46.8,47,48.3,42.7,45.4,36.9,37.2,45.8,45.4,45.6,42.6,44.5,40.1,45.2,43.1,51.4,47.7,43.1,45.9,44.9,54.3,54,48.1,46.2,46.5,47.5,NA,NA,NA,NA,NA,NA,NA,NA,NA,NA,NA,NA,NA,NA,NA,NA,NA,NA,NA,NA,NA,NA,NA,NA,NA,NA,NA,NA,NA,NA,NA,NA,NA,NA,NA,NA,NA,NA,NA,NA,NA,NA,NA,NA,NA,NA,NA,NA,NA,NA,NA,NA,NA,NA,NA,NA,NA,NA,NA,NA,NA,NA,NA,NA,NA,NA,NA,NA,NA,NA
80. Men age 15-49 years who are anaemic (<13.0 g/dl) (%),13.5,17.3,12.8,13.8,13.5,21.6,20.5,23,19.2,24.5,24.1,18,16.2,23.3,16.6,19.4,13.6,24.6,18.3,10.6,12.4,15.4,15.3,18.2,21.2,20,20.7,24.5,11.4,22.8,18.9,21.2,22,21.8,15.6,13.2,15.1,12.7,16.9,19.6,20.4,20.5,20.6,13.9,31.1,24.5,13.5,17.8,15.7,10.7,10.6,8.4,9.6,9.1,13.4,23.1,15.4,14.6,14.9,15.7,13.8,21.6,9.5,15.7,25.6,22.8,24.4,22.9,24.8,20.6,NA,NA,NA,NA,NA,NA,NA,NA,NA,NA,NA,NA,NA,NA,NA,NA,NA,NA,NA,NA,NA,NA,NA,NA,NA,NA,NA,NA,NA,NA,NA,NA,NA,NA,NA,NA,NA,NA,NA,NA,NA,NA,NA,NA,NA,NA,NA,NA,NA,NA,NA,NA,NA,NA,NA,NA,NA,NA,NA,NA,NA,NA,NA,NA,NA,NA,NA,NA,NA,NA
81. Blood sugar level - high (>140 mg/dl) (%),4.9,6,5.1,3.4,4,3.6,3.9,3.3,3.9,4.2,5.8,6.5,5.4,5.9,1.9,3.6,11,5.1,8.6,5.8,6.1,4.8,5.1,5.2,3.1,4,3.9,5.1,8.8,5.2,6.5,10.1,8.4,9,5.4,5.6,8.6,8.3,5.6,6.7,8.7,8.3,7,7.3,6.8,8.8,5.3,5.8,5.5,7.4,7.6,6.9,5.2,5.9,4,5.3,3.6,3.6,3.6,7.3,6.8,7.4,5.9,6.4,5.8,6.6,6.4,6.7,4.7,5.5,NA,NA,NA,NA,NA,NA,NA,NA,NA,NA,NA,NA,NA,NA,NA,NA,NA,NA,NA,NA,NA,NA,NA,NA,NA,NA,NA,NA,NA,NA,NA,NA,NA,NA,NA,NA,NA,NA,NA,NA,NA,NA,NA,NA,NA,NA,NA,NA,NA,NA,NA,NA,NA,NA,NA,NA,NA,NA,NA,NA,NA,NA,NA,NA,NA,NA,NA,NA,NA,NA
82. Blood sugar level - very high (>160 mg/dl) (%),1,2.1,2.5,1.6,2,1.6,1.9,1.4,2.1,2.1,2.3,2.3,1.9,2.9,0.2,1.4,6.5,1.5,4.5,2.6,3.1,2.3,2.5,2.2,1.1,1.6,1.1,1.8,5.8,1.8,3.3,5.7,3.7,4.4,3.2,3,4.4,4,2.6,3.9,4.1,4.1,4.2,4.6,3.8,4.6,3.9,3.4,3.6,3.7,3.7,4.7,2.1,3.2,2.4,3.5,2.5,0.7,1.5,2.8,3,5.2,4.1,4.5,3.4,4.2,2.8,3.3,2.2,3.2,NA,NA,NA,NA,NA,NA,NA,NA,NA,NA,NA,NA,NA,NA,NA,NA,NA,NA,NA,NA,NA,NA,NA,NA,NA,NA,NA,NA,NA,NA,NA,NA,NA,NA,NA,NA,NA,NA,NA,NA,NA,NA,NA,NA,NA,NA,NA,NA,NA,NA,NA,NA,NA,NA,NA,NA,NA,NA,NA,NA,NA,NA,NA,NA,NA,NA,NA,NA,NA,NA
83. Blood sugar level - high (>140 mg/dl) (%),4.7,9,5.7,3.4,4.2,5,5.4,5.3,7.2,7.5,8.2,9.4,9.3,9,4.5,6.4,9.1,8.1,8.7,9.9,12.8,6.8,5.4,6.3,6.6,6.5,7.5,7.2,15.5,11.9,13.2,7.8,5.3,5.9,7.8,9.3,10.4,10,6.6,8.9,8.8,10.9,9.5,6.4,3.1,6.8,10.7,7.3,9,8.4,7.2,4.8,9.3,7.3,9.9,10.1,11.8,6.7,8.5,9.2,8.4,11.1,10.7,10.9,5,5.6,4.9,5.9,5.1,4.2,NA,NA,NA,NA,NA,NA,NA,NA,NA,NA,NA,NA,NA,NA,NA,NA,NA,NA,NA,NA,NA,NA,NA,NA,NA,NA,NA,NA,NA,NA,NA,NA,NA,NA,NA,NA,NA,NA,NA,NA,NA,NA,NA,NA,NA,NA,NA,NA,NA,NA,NA,NA,NA,NA,NA,NA,NA,NA,NA,NA,NA,NA,NA,NA,NA,NA,NA,NA,NA,NA
84. Blood sugar level - very high (>160 mg/dl) (%),1,3.5,5.7,1.4,2.8,2.1,3.2,2.1,2.3,4.5,4.6,5.2,5.1,3.9,0,1.6,4.5,1.3,3.1,3.3,5.8,5.8,4.6,3.5,4.2,3.9,2.5,2.4,6.5,3.8,4.8,7.8,1.9,3.4,3.5,3.7,5.9,6.5,1.8,2.9,4.6,4.2,2.9,1.9,1,0.7,6.6,2,4.3,2.1,1.8,4.8,5.7,5.3,5.2,5.5,2.1,2.9,2.6,3.9,2.7,4.5,5.4,5,1.3,3.2,3.5,4.3,2.6,2.6,NA,NA,NA,NA,NA,NA,NA,NA,NA,NA,NA,NA,NA,NA,NA,NA,NA,NA,NA,NA,NA,NA,NA,NA,NA,NA,NA,NA,NA,NA,NA,NA,NA,NA,NA,NA,NA,NA,NA,NA,NA,NA,NA,NA,NA,NA,NA,NA,NA,NA,NA,NA,NA,NA,NA,NA,NA,NA,NA,NA,NA,NA,NA,NA,NA,NA,NA,NA,NA,NA
85. Slightly above normal (Systolic 140-159 mm of Hg and/or Diastolic 90-99 mm of Hg) (%),7.4,7.1,7.7,7.6,7.6,7.9,8.2,8.2,9.1,4.8,6.1,4.9,5.1,4.3,5.6,5,8.4,7.8,8.2,9.1,9.9,6.9,7.6,7.4,5,6,5.4,6.5,7.8,9.8,9.1,10.1,8.8,9.2,6.9,7.2,8.7,8.9,6.7,7.6,4.8,5.3,6.3,6.2,8,9.3,10.9,7.7,9.2,8.7,8.6,6.8,7.4,7.1,7.3,8.9,5.7,7.4,6.7,3.5,4.1,8.2,6.9,7.4,6.5,5.9,4.8,6.5,6,6,NA,NA,NA,NA,NA,NA,NA,NA,NA,NA,NA,NA,NA,NA,NA,NA,NA,NA,NA,NA,NA,NA,NA,NA,NA,NA,NA,NA,NA,NA,NA,NA,NA,NA,NA,NA,NA,NA,NA,NA,NA,NA,NA,NA,NA,NA,NA,NA,NA,NA,NA,NA,NA,NA,NA,NA,NA,NA,NA,NA,NA,NA,NA,NA,NA,NA,NA,NA,NA,NA
86. Moderately high (Systolic 160-179 mm of Hg and/or Diastolic 100-109 mm of Hg) (%),1.8,1.8,1.1,0.2,0.5,2.2,3,2.5,2.9,0.9,1,1,1.1,0.8,1.3,1.1,2,2.2,2.1,2.6,2.4,2.6,2.3,1.1,0.5,0.8,2,2.1,4.9,2.2,3.2,4,2.7,3.1,2.9,2.9,2.8,2.8,1.1,2.1,1.6,1.6,2.2,2,2.5,2.2,1.9,3.4,2.7,1.9,2.1,3.1,1.8,2.4,2.1,2.4,0.8,0.5,0.6,0.3,0.6,3.2,2.4,2.7,0.9,1.1,0.6,1.3,1.8,2.2,NA,NA,NA,NA,NA,NA,NA,NA,NA,NA,NA,NA,NA,NA,NA,NA,NA,NA,NA,NA,NA,NA,NA,NA,NA,NA,NA,NA,NA,NA,NA,NA,NA,NA,NA,NA,NA,NA,NA,NA,NA,NA,NA,NA,NA,NA,NA,NA,NA,NA,NA,NA,NA,NA,NA,NA,NA,NA,NA,NA,NA,NA,NA,NA,NA,NA,NA,NA,NA,NA
87. Very high (Systolic ?180 mm of Hg and/or Diastolic ?110 mm of Hg) (%),0.3,0.3,1.1,0.4,0.7,0.6,0.7,0.2,0.4,0.7,0.6,0.6,0.8,0.4,1.5,1,0.7,0.8,0.7,0.6,1.1,0.9,1,0.7,0.5,0.6,0.7,0.5,1.9,0.9,1.3,2.6,1,1.5,1,0.7,1,0.8,0.9,1,0.3,0.4,0.3,0.2,1.2,1,0.8,1.8,1.4,1.8,1.7,0.7,0.3,0.5,2,1.9,0.4,0.5,0.4,0.7,0.6,0.9,0.4,0.6,0.2,0.3,1.2,1.1,0.6,0.8,NA,NA,NA,NA,NA,NA,NA,NA,NA,NA,NA,NA,NA,NA,NA,NA,NA,NA,NA,NA,NA,NA,NA,NA,NA,NA,NA,NA,NA,NA,NA,NA,NA,NA,NA,NA,NA,NA,NA,NA,NA,NA,NA,NA,NA,NA,NA,NA,NA,NA,NA,NA,NA,NA,NA,NA,NA,NA,NA,NA,NA,NA,NA,NA,NA,NA,NA,NA,NA,NA
88. Slightly above normal (Systolic 140-159 mm of Hg and/or Diastolic 90-99 mm of Hg) (%),8.4,9.2,20.9,11.8,14.8,20.4,20.3,17.4,17.1,14.4,15.6,12.7,12,16.3,15.5,15.8,13.7,17.4,15.3,11,11.1,2.8,5.3,12.2,3.7,7.1,8.1,9.5,12.1,7.6,9.2,9.1,11.8,11.1,15.5,15.8,8.5,10.1,10.5,14.8,9.9,10,9.5,14.3,9.8,9.4,8.3,14.5,11.4,8.9,8.3,9.8,12.1,11.1,11.8,14.4,20,20.9,20.6,5.9,9,9.3,6.4,7.9,18.4,15.7,21.4,18.4,10.5,10.2,NA,NA,NA,NA,NA,NA,NA,NA,NA,NA,NA,NA,NA,NA,NA,NA,NA,NA,NA,NA,NA,NA,NA,NA,NA,NA,NA,NA,NA,NA,NA,NA,NA,NA,NA,NA,NA,NA,NA,NA,NA,NA,NA,NA,NA,NA,NA,NA,NA,NA,NA,NA,NA,NA,NA,NA,NA,NA,NA,NA,NA,NA,NA,NA,NA,NA,NA,NA,NA,NA
89. Moderately high (Systolic 160-179 mm of Hg and/or Diastolic 100-109 mm of Hg) (%),1,1.4,1.1,0,0.4,3.8,4.6,3.3,3.7,2.7,1.8,1.9,1.5,9.4,2.5,5.4,6.6,1.2,4.3,5,7.2,0,0,0,1.4,0.9,2.5,3,3.8,4.8,4.5,10.2,0,2.7,1.2,2.1,1.1,2.6,5,4.9,1,0.9,1.8,1.2,2.4,3.3,4,0,2,1.2,1,0,2.4,1.4,2.9,2,1.7,4.4,3.4,1,0.7,2.7,0,1.4,2.6,2.8,0.9,0.6,2.1,2.2,NA,NA,NA,NA,NA,NA,NA,NA,NA,NA,NA,NA,NA,NA,NA,NA,NA,NA,NA,NA,NA,NA,NA,NA,NA,NA,NA,NA,NA,NA,NA,NA,NA,NA,NA,NA,NA,NA,NA,NA,NA,NA,NA,NA,NA,NA,NA,NA,NA,NA,NA,NA,NA,NA,NA,NA,NA,NA,NA,NA,NA,NA,NA,NA,NA,NA,NA,NA,NA,NA
90. Very high (Systolic ?180 mm of Hg and/or Diastolic ?110 mm of Hg) (%),0,0,3.7,0,1.2,0,0.8,0,0.8,1.5,1.8,0.8,0.6,1.2,0,0.5,3,0,1.7,1.7,1.2,0.9,0.7,4.6,1.1,2.5,0.9,0.6,2,2.6,2.4,3,3.6,3.4,4.2,3.3,0,0,0,0.8,0.8,0.7,0,1.3,5,3.4,0,2,1,1.1,0.9,0,2.2,1.2,0,1.1,1.1,0,0.4,0.8,1.5,1.8,0,0.9,0,1.5,2.2,2.1,2.5,1.7,NA,NA,NA,NA,NA,NA,NA,NA,NA,NA,NA,NA,NA,NA,NA,NA,NA,NA,NA,NA,NA,NA,NA,NA,NA,NA,NA,NA,NA,NA,NA,NA,NA,NA,NA,NA,NA,NA,NA,NA,NA,NA,NA,NA,NA,NA,NA,NA,NA,NA,NA,NA,NA,NA,NA,NA,NA,NA,NA,NA,NA,NA,NA,NA,NA,NA,NA,NA,NA,NA
91. Cervix (%),28.8,26.3,17.1,21.2,19.7,15.3,15.4,19.9,19.6,6.1,11.7,17,20.5,9,15.1,12.5,10.3,22.1,15.2,15.4,14.1,18.8,18.1,19.6,18,18.7,11.8,12,28.6,24.5,26,10.1,8.3,8.9,16.8,16.8,16.4,18,17.5,17.2,7.2,7.1,23.8,22.7,16.7,18.8,18.5,14.4,16.4,14.7,14.8,11.1,8.7,9.7,20.6,18.9,25.5,10.1,16.4,15.3,13.8,19.8,24.4,22.6,10.1,10.4,14.2,17.8,19.2,19.7,NA,NA,NA,NA,NA,NA,NA,NA,NA,NA,NA,NA,NA,NA,NA,NA,NA,NA,NA,NA,NA,NA,NA,NA,NA,NA,NA,NA,NA,NA,NA,NA,NA,NA,NA,NA,NA,NA,NA,NA,NA,NA,NA,NA,NA,NA,NA,NA,NA,NA,NA,NA,NA,NA,NA,NA,NA,NA,NA,NA,NA,NA,NA,NA,NA,NA,NA,NA,NA,NA
92. Breast (%),27.5,23.7,17.3,19.7,18.8,15.3,14.3,17.6,17.2,6.1,10.5,12.7,16.6,9.4,17.2,13.9,8.8,20.9,13.8,17.4,16.9,13.7,12.7,17.2,16.9,17.1,9.5,9.2,30.6,20.6,24.4,6.5,4.4,5.2,11,11.7,7.7,8.7,11.5,12,7,6.6,11.8,11.7,4.7,6.1,12.4,12.3,12.4,6.3,5.9,6.9,5.1,5.9,24.3,21.7,28.2,12.4,18.9,10.2,9.4,18.5,22.9,21.2,2.9,4.4,3.8,8.1,15.6,16.5,NA,NA,NA,NA,NA,NA,NA,NA,NA,NA,NA,NA,NA,NA,NA,NA,NA,NA,NA,NA,NA,NA,NA,NA,NA,NA,NA,NA,NA,NA,NA,NA,NA,NA,NA,NA,NA,NA,NA,NA,NA,NA,NA,NA,NA,NA,NA,NA,NA,NA,NA,NA,NA,NA,NA,NA,NA,NA,NA,NA,NA,NA,NA,NA,NA,NA,NA,NA,NA,NA
93. Oral cavity (%),23.8,20.5,10.7,10.2,10.4,17.2,17.4,17.6,18.9,13.5,18,11.6,10,11.5,19.7,16.2,24,22,23.2,13.7,14.2,14.4,13.6,9.5,9.8,9.7,14.4,15.3,20.9,17.2,18.6,16.6,10.4,12.6,25.7,24.9,9,10.7,14.3,14.3,22.4,20.5,12.9,13.5,14.7,15.5,28.3,19.9,24,17.4,18,23.3,16.4,19.4,14.2,14.5,16.2,7.5,11.1,4.4,3.9,17.2,14.8,15.8,7.2,10.2,15.6,18.1,17.2,17.1,NA,NA,NA,NA,NA,NA,NA,NA,NA,NA,NA,NA,NA,NA,NA,NA,NA,NA,NA,NA,NA,NA,NA,NA,NA,NA,NA,NA,NA,NA,NA,NA,NA,NA,NA,NA,NA,NA,NA,NA,NA,NA,NA,NA,NA,NA,NA,NA,NA,NA,NA,NA,NA,NA,NA,NA,NA,NA,NA,NA,NA,NA,NA,NA,NA,NA,NA,NA,NA,NA
