Residence,Kokrajhar - Rural,Kokrajhar - Total,Dhubri - Rural,Dhubri - Total,Goalpara - Rural,Goalpara - Total,Barpeta - Rural,Barpeta - Total,Morigaon - Rural,Morigaon - Total,Nagaon - Rural,Nagaon - Total,Sonitpur - Rural,Sonitpur - Total,Lakhimpur - Rural,Lakhimpur - Total,Dhemaji - Rural,Dhemaji - Total,Tinsukia - Rural,Tinsukia - Total,Dibrugarh - Rural,Dibrugarh - Total,Sivasagar - Rural,Sivasagar - Total,Jorhat - Rural,Jorhat - Total,Golaghat - Rural,Golaghat - Total,Karbi Anglong - Rural,Karbi Anglong - Total,Dima Hasao - Rural,Dima Hasao - Total,Cachar - Rural,Cachar - Total,Karimganj - Rural,Karimganj - Total,Hailakandi - Rural,Hailakandi - Total,Bongaigaon - Rural,Bongaigaon - Total,Chirang - Rural,Chirang - Total,Kamrup - Rural,Kamrup - Total,Kamrup Metropolitan - Urban,Kamrup Metropolitan - Total,Nalbari - Rural,Nalbari - Total,Baksa - Rural,Baksa - Total,Darrang - Rural,Darrang - Total,Udalguri - Rural,Udalguri - Total,Note of Kokrajhar - Rural,Note of Kokrajhar - Total,Note of Dhubri - Rural,Note of Dhubri - Total,Note of Goalpara - Rural,Note of Goalpara - Total,Note of Barpeta - Rural,Note of Barpeta - Total,Note of Morigaon - Rural,Note of Morigaon - Total,Note of Nagaon - Rural,Note of Nagaon - Total,Note of Sonitpur - Rural,Note of Sonitpur - Total,Note of Lakhimpur - Rural,Note of Lakhimpur - Total,Note of Dhemaji - Rural,Note of Dhemaji - Total,Note of Tinsukia - Rural,Note of Tinsukia - Total,Note of Dibrugarh - Rural,Note of Dibrugarh - Total,Note of Sivasagar - Rural,Note of Sivasagar - Total,Note of Jorhat - Rural,Note of Jorhat - Total,Note of Golaghat - Rural,Note of Golaghat - Total,Note of Karbi Anglong - Rural,Note of Karbi Anglong - Total,Note of Dima Hasao - Rural,Note of Dima Hasao - Total,Note of Cachar - Rural,Note of Cachar - Total,Note of Karimganj - Rural,Note of Karimganj - Total,Note of Hailakandi - Rural,Note of Hailakandi - Total,Note of Bongaigaon - Rural,Note of Bongaigaon - Total,Note of Chirang - Rural,Note of Chirang - Total,Note of Kamrup - Rural,Note of Kamrup - Total,Note of Kamrup Metropolitan - Urban,Note of Kamrup Metropolitan - Total,Note of Nalbari - Rural,Note of Nalbari - Total,Note of Baksa - Rural,Note of Baksa - Total,Note of Darrang - Rural,Note of Darrang - Total,Note of Udalguri - Rural,Note of Udalguri - Total
Households surveyed,824,885,806,908,790,908,832,919,836,919,779,886,833,916,815,897,865,932,738,925,733,899,825,926,740,920,844,928,783,907,639,916,743,903,830,911,831,911,763,904,824,905,819,902,701,867,804,910,872,891,860,924,881,923,NA,NA,NA,NA,NA,NA,NA,NA,NA,NA,NA,NA,NA,NA,NA,NA,NA,NA,NA,NA,NA,NA,NA,NA,NA,NA,NA,NA,NA,NA,NA,NA,NA,NA,NA,NA,NA,NA,NA,NA,NA,NA,NA,NA,NA,NA,NA,NA,NA,NA,NA,NA,NA,NA
Women age 15-49 years interviewed,910,980,873,994,913,1043,991,1092,985,1073,859,1006,970,1073,967,1065,1028,1106,909,1127,892,1093,964,1054,943,1112,979,1089,898,1014,657,984,867,1044,1048,1141,977,1073,858,1005,922,996,995,1085,694,881,976,1103,1025,1044,1010,1087,1033,1083,NA,NA,NA,NA,NA,NA,NA,NA,NA,NA,NA,NA,NA,NA,NA,NA,NA,NA,NA,NA,NA,NA,NA,NA,NA,NA,NA,NA,NA,NA,NA,NA,NA,NA,NA,NA,NA,NA,NA,NA,NA,NA,NA,NA,NA,NA,NA,NA,NA,NA,NA,NA,NA,NA
Men age 15-49 years interviewed,112,125,103,115,142,160,116,133,121,143,121,139,119,136,124,137,129,134,138,171,130,160,138,162,129,152,127,142,133,152,105,151,133,162,123,146,136,159,115,145,106,125,105,130,67,97,138,163,119,125,133,144,144,152,NA,NA,NA,NA,NA,NA,NA,NA,NA,NA,NA,NA,NA,NA,NA,NA,NA,NA,NA,NA,NA,NA,NA,NA,NA,NA,NA,NA,NA,NA,NA,NA,NA,NA,NA,NA,NA,NA,NA,NA,NA,NA,NA,NA,NA,NA,NA,NA,NA,NA,NA,NA,NA,NA
1. Population (female) age 6+ years who ever attended school (%),68,68.8,62.6,64.9,70.2,73.4,69.5,70.5,74.8,75.5,77.6,79,72.2,73.8,78.6,80.4,74.2,75.1,62.4,67.1,72.9,75.9,77.7,78.4,80.5,82.2,79.8,80.8,67.5,69.3,67.2,74.1,74.7,78,79.2,80.6,74.6,75.9,71.7,73.4,66.5,67.2,75.7,76.1,89.5,87.3,78.1,78.6,71.8,71.9,69.1,70.5,67.9,68.9,NA,NA,NA,NA,NA,NA,NA,NA,NA,NA,NA,NA,NA,NA,NA,NA,NA,NA,NA,NA,NA,NA,NA,NA,NA,NA,NA,NA,NA,NA,NA,NA,NA,NA,NA,NA,NA,NA,NA,NA,NA,NA,NA,NA,NA,NA,NA,NA,NA,NA,NA,NA,NA,NA
2. Population below age 15 years (%),30.3,29.9,37.5,36.3,35.8,34,34.5,33.3,33.8,33.4,35.1,33.5,29,28.1,30.7,29.8,32.6,32.5,30.9,29.6,27.8,27.2,25.6,25.3,23.7,23,25.5,25.2,35.5,34.6,33.2,31.6,32.1,30.1,35.4,34.4,33.6,32.5,33,32.1,31.7,31.2,28,27.8,21.2,22.1,29.1,28.3,28.4,28.3,32.2,31.5,30.1,29.9,NA,NA,NA,NA,NA,NA,NA,NA,NA,NA,NA,NA,NA,NA,NA,NA,NA,NA,NA,NA,NA,NA,NA,NA,NA,NA,NA,NA,NA,NA,NA,NA,NA,NA,NA,NA,NA,NA,NA,NA,NA,NA,NA,NA,NA,NA,NA,NA,NA,NA,NA,NA,NA,NA
3. Sex ratio of the total population (females per 1000 males),1009,1009,949,957,961,986,982,982,1020,1016,1003,1005,1006,1005,1035,1044,1015,1014,1003,989,1029,1035,1015,994,1005,980,1005,1016,991,982,941,969,990,992,977,986,946,962,950,951,975,965,1006,1002,981,964,967,964,1048,1046,969,977,979,981,NA,NA,NA,NA,NA,NA,NA,NA,NA,NA,NA,NA,NA,NA,NA,NA,NA,NA,NA,NA,NA,NA,NA,NA,NA,NA,NA,NA,NA,NA,NA,NA,NA,NA,NA,NA,NA,NA,NA,NA,NA,NA,NA,NA,NA,NA,NA,NA,NA,NA,NA,NA,NA,NA
4. Sex ratio at birth for children born in the last five years (females per 1000 males),852,863,832,861,868,851,947,906,1073,1081,1023,990,952,958,1024,1010,905,887,865,883,948,931,1071,1002,764,752,1097,1017,911,872,961,953,960,942,958,952,967,963,874,895,1153,1106,1014,966,825,751,900,891,979,968,983,1001,890,898,NA,NA,NA,NA,NA,NA,NA,NA,NA,NA,NA,NA,NA,NA,NA,NA,NA,NA,NA,NA,NA,NA,NA,NA,NA,NA,NA,NA,NA,NA,NA,NA,NA,NA,NA,NA,NA,NA,NA,NA,NA,NA,NA,NA,NA,NA,NA,NA,NA,NA,NA,NA,NA,NA
5. Children under age 5 years whose birth was registered (%),95.4,95.7,94.9,95.2,94.8,95,96.9,96.9,93.5,93.7,94.5,95,97.7,97.8,93.5,92.9,97.1,96.8,76.4,80.3,85.1,86.4,92.1,92.7,98.2,98.5,95.9,95.8,84.4,84.9,80.7,84.2,92.9,93.5,98,98.1,97.9,97.7,94.2,94.3,95.1,94.7,93.7,94.4,97.9,97.6,95.2,95.3,97.4,97.3,93.7,94,95.1,95.4,NA,NA,NA,NA,NA,NA,NA,NA,NA,NA,NA,NA,NA,NA,NA,NA,NA,NA,NA,NA,NA,NA,NA,NA,NA,NA,NA,NA,NA,NA,NA,NA,NA,NA,NA,NA,NA,NA,NA,NA,NA,NA,NA,NA,NA,NA,NA,NA,NA,NA,NA,NA,NA,NA
6. Households with electricity (%),72.5,74.1,66.4,69.4,66,71.3,70.6,72.3,76.1,77.7,82.1,83.4,77.8,79.6,74.7,77.6,62,63.5,70.1,76.3,70.5,75.4,76.4,78.7,84.2,87.1,86.4,86.8,79.4,81.7,70.6,79.2,61.3,67.5,69,71.3,51.6,55.4,87.3,88.4,70.3,72,88.1,88.8,97.3,95,82.9,84,81.7,81.8,75.2,77,83.9,84.8,NA,NA,NA,NA,NA,NA,NA,NA,NA,NA,NA,NA,NA,NA,NA,NA,NA,NA,NA,NA,NA,NA,NA,NA,NA,NA,NA,NA,NA,NA,NA,NA,NA,NA,NA,NA,NA,NA,NA,NA,NA,NA,NA,NA,NA,NA,NA,NA,NA,NA,NA,NA,NA,NA
7. Households with an improved drinking-water source1 (%),75.5,76.5,89.4,89.4,85.9,87.1,98.2,97.8,97.8,98,94.5,92.7,70.5,71.2,70.8,73.4,91.1,91.7,94.8,96,98.5,98.8,95.8,96.2,85.6,88.1,93.5,94.3,51.7,52.4,41,47.7,54,61.6,59.3,62.8,47.4,51.2,72.6,74,69,70.8,94,93.9,82,80.1,99.2,98.4,82.3,82.4,96.8,97,81.2,81.2,NA,NA,NA,NA,NA,NA,NA,NA,NA,NA,NA,NA,NA,NA,NA,NA,NA,NA,NA,NA,NA,NA,NA,NA,NA,NA,NA,NA,NA,NA,NA,NA,NA,NA,NA,NA,NA,NA,NA,NA,NA,NA,NA,NA,NA,NA,NA,NA,NA,NA,NA,NA,NA,NA
8. Households using improved sanitation facility2 (%),37.5,39.2,29.3,33,41.9,46.2,34,34.9,38.1,40.1,43.7,45.5,60.1,61,48.9,49.6,41.5,41.4,45.1,50.8,57.2,56.6,55.4,55.5,61.6,64.5,58.1,59.6,40.4,41.5,54.1,59,30.7,37.3,35.9,39.5,32.5,36,40.7,45.9,29.9,32.6,52.9,52.6,62.5,61.2,52.1,51.2,54.3,54.3,44.6,45.6,53.6,53.8,NA,NA,NA,NA,NA,NA,NA,NA,NA,NA,NA,NA,NA,NA,NA,NA,NA,NA,NA,NA,NA,NA,NA,NA,NA,NA,NA,NA,NA,NA,NA,NA,NA,NA,NA,NA,NA,NA,NA,NA,NA,NA,NA,NA,NA,NA,NA,NA,NA,NA,NA,NA,NA,NA
9. Households using clean fuel for cooking3 (%),14.4,18.3,8.2,16.7,10.5,21.3,17.8,22.6,13.6,18,12.6,19,16.2,22.7,12.8,18.9,8.4,11,12.2,26.9,14.7,28.1,20.3,26.4,21.4,34.4,9.3,15.7,9.4,14.4,4.4,24.3,16.8,28.8,16.2,22.5,7.9,13.8,16.8,27.2,15.5,18.3,34.8,37.3,87.4,79,33.6,35.5,15.9,16.6,12.8,17.6,10.4,14.1,NA,NA,NA,NA,NA,NA,NA,NA,NA,NA,NA,NA,NA,NA,NA,NA,NA,NA,NA,NA,NA,NA,NA,NA,NA,NA,NA,NA,NA,NA,NA,NA,NA,NA,NA,NA,NA,NA,NA,NA,NA,NA,NA,NA,NA,NA,NA,NA,NA,NA,NA,NA,NA,NA
10. Households using iodized salt (%),99.6,99.6,98.7,98.8,99.5,99.6,99.4,99.5,99.2,99.3,99.8,99.8,99.8,99.7,99.9,99.9,99.2,99.2,99.9,99.9,99.7,99.8,99.9,99.9,99.7,99.8,100,100,99.7,99.8,100,100,99.9,99.9,99.5,99.6,99.8,99.8,99.9,99.9,98.5,98.4,98.9,98.9,99.9,99.9,99.8,99.7,99.2,99.2,99.5,99.3,99.6,99.7,NA,NA,NA,NA,NA,NA,NA,NA,NA,NA,NA,NA,NA,NA,NA,NA,NA,NA,NA,NA,NA,NA,NA,NA,NA,NA,NA,NA,NA,NA,NA,NA,NA,NA,NA,NA,NA,NA,NA,NA,NA,NA,NA,NA,NA,NA,NA,NA,NA,NA,NA,NA,NA,NA
11. Households with any usual member covered by a health scheme or health insurance (%),6.9,7.1,7.7,7.1,12.6,11.8,25.2,25.7,26.2,25.9,12.6,12,9.4,10.4,10.1,9.5,10,9.5,17.1,17.2,7.3,7.7,13.9,13.3,12,11.8,9.1,9.5,6,6.2,4.4,5.4,1.8,3.1,5,5,9.2,8.8,8.3,9.2,6,6.1,6.7,6.8,18.7,16.7,10.4,10,3.7,3.7,4.7,4.9,2.6,2.7,NA,NA,NA,NA,NA,NA,NA,NA,NA,NA,NA,NA,NA,NA,NA,NA,NA,NA,NA,NA,NA,NA,NA,NA,NA,NA,NA,NA,NA,NA,NA,NA,NA,NA,NA,NA,NA,NA,NA,NA,NA,NA,NA,NA,NA,NA,NA,NA,NA,NA,NA,NA,NA,NA
12. Women who are literate (%),63.7,64.5,55.4,58.8,66.9,70.7,66,67.4,71.8,73,71.5,73.3,65.8,68.3,76.8,79,73.1,73.9,52.6,59.1,69.7,72.6,75.9,77.1,80,82,73.6,75.8,59.1,61.9,63.8,71.8,70.5,74.9,76.5,78.6,71.2,73.5,70.2,71.4,62.3,63.3,76.2,76.7,86.3,84.3,78.5,79.3,72.4,72.6,66.1,67.7,65.5,66.6,NA,NA,NA,NA,NA,NA,NA,NA,NA,NA,NA,NA,NA,NA,NA,NA,NA,NA,NA,NA,NA,NA,NA,NA,NA,NA,NA,NA,NA,NA,NA,NA,NA,NA,NA,NA,NA,NA,NA,NA,NA,NA,NA,NA,NA,NA,NA,NA,NA,NA,NA,NA,NA,NA
13. Men who are literate (%),76,76.1,64.8,68,68.4,72,81.3,83.9,78,79.3,78.7,80.2,86.7,87.7,85.2,85.1,86.7,87.2,72.4,77.7,78.2,81.8,80.1,81.9,90.7,92.3,82.3,83.6,75.6,75.4,78.2,85.5,87.2,87.7,89.1,90.9,85.3,87.2,84.9,86.7,74.7,78.1,88.8,88.6,94.6,93.5,83.7,85.5,83.5,82.5,70,71.6,82.5,83.6,NA,NA,NA,NA,NA,NA,NA,NA,NA,NA,NA,NA,NA,NA,NA,NA,NA,NA,NA,NA,NA,NA,NA,NA,NA,NA,NA,NA,NA,NA,NA,NA,NA,NA,NA,NA,NA,NA,NA,NA,NA,NA,NA,NA,NA,NA,NA,NA,NA,NA,NA,NA,NA,NA
14. Women with 10 or more years of schooling (%),19.6,21.6,13.4,17.9,18.1,22.6,23.2,23.9,20.9,22.6,15.7,18.8,20.7,24.3,36.8,40.4,35.1,36.1,12.6,19.3,21.9,25.8,34.2,35.1,34.3,37.6,26.2,28.4,13.3,15.2,17.6,28.4,20.9,28.2,16.1,19.4,18.1,20.9,20,23.6,19.6,20.2,32.3,31.8,52.7,48.2,32.4,33.3,27.8,28.1,21.1,23,20.3,21.2,NA,NA,NA,NA,NA,NA,NA,NA,NA,NA,NA,NA,NA,NA,NA,NA,NA,NA,NA,NA,NA,NA,NA,NA,NA,NA,NA,NA,NA,NA,NA,NA,NA,NA,NA,NA,NA,NA,NA,NA,NA,NA,NA,NA,NA,NA,NA,NA,NA,NA,NA,NA,NA,NA
15. Women age 20-24 years married before age 18 years (%),41.3,41,49.8,48.3,43.2,40.9,49.4,46.9,49.1,49,45,42.5,27,25.8,28.1,27,38.5,36.7,26.2,25.6,25.6,26.7,29.9,29.6,21.6,21.9,27.9,27.2,29.9,29.9,26,20.8,20.8,18.5,30.5,29.5,23.8,22,42,42.6,34.6,34,28.3,32.4,21.5,22.2,27.6,26.4,29.3,29.3,40.3,37.9,31.3,30.4,NA,NA,NA,NA,NA,NA,NA,NA,NA,NA,NA,NA,NA,NA,NA,NA,NA,NA,NA,NA,NA,NA,NA,NA,NA,NA,NA,NA,NA,NA,NA,NA,NA,NA,NA,NA,NA,NA,NA,NA,NA,NA,NA,NA,NA,NA,NA,NA,NA,NA,NA,NA,NA,NA
16. Men age 25-29 years married before age 21 years (%),NA,NA,NA,NA,NA,41,NA,NA,NA,NA,NA,NA,NA,NA,NA,NA,27.4,26.2,NA,29.1,NA,22.6,14,13,16.8,18.5,24.1,23,NA,NA,NA,25.3,NA,NA,NA,NA,NA,NA,NA,NA,NA,NA,NA,NA,NA,NA,12.9,12.6,NA,NA,NA,31.8,NA,17.5,*,*,*,*,*,NA,*,*,*,*,*,*,*,*,*,*,NA,NA,*,NA,*,NA,NA,NA,NA,NA,NA,NA,*,*,*,NA,*,*,*,*,*,*,*,*,*,*,*,*,*,*,NA,NA,*,*,*,NA,*,NA
17. Women age 15-19 years who were already mothers or pregnant at the time of the survey (%),13.3,12.4,27.5,25.6,30.5,27.2,16.7,16.2,21.1,20.6,18.1,16.3,7.6,7,14.4,13.1,14.3,13.4,7.8,8,10.5,10.6,7.5,7.3,10.3,12.5,14.4,13.2,17,16.2,12.9,9.1,10.9,10.1,7,7.6,11.7,11.2,23.9,22.3,19.6,18.9,9.7,9.5,7.9,7.6,8.4,8.2,11.3,11.1,17.5,16.5,10.6,10.8,NA,NA,NA,NA,NA,NA,NA,NA,NA,NA,NA,NA,NA,NA,NA,NA,NA,NA,NA,NA,NA,NA,NA,NA,NA,NA,NA,NA,NA,NA,NA,NA,NA,NA,NA,NA,NA,NA,NA,NA,NA,NA,NA,NA,NA,NA,NA,NA,NA,NA,NA,NA,NA,NA
18. Any method (%),56.5,56.7,33.9,34.2,41.1,43.7,58,56.7,51,51.1,52.3,53.7,63.2,64.1,49.1,49.1,54.2,54.8,56.3,56.1,51.8,53.8,50.3,50,51.4,53,45.8,46,52.6,53.3,46,48.7,53.6,54.4,50.3,52.1,55.1,54.2,57.4,59.4,61.9,62.6,35.4,35.9,48.1,46.3,63.8,63.2,58.5,58.1,66.3,65.7,63,63.9,NA,NA,NA,NA,NA,NA,NA,NA,NA,NA,NA,NA,NA,NA,NA,NA,NA,NA,NA,NA,NA,NA,NA,NA,NA,NA,NA,NA,NA,NA,NA,NA,NA,NA,NA,NA,NA,NA,NA,NA,NA,NA,NA,NA,NA,NA,NA,NA,NA,NA,NA,NA,NA,NA
19. Any modern method (%),36.8,36,28.4,28.5,32.5,33.9,41.5,40.2,36.3,36.7,41.1,42.6,45.3,45.8,38,36,34.1,34,47,44.4,37.3,37.7,31.6,31.8,31.4,33.9,31.3,32,42.1,42.9,30.2,29.7,29,29.1,31.7,34.3,34,34,38.2,38.9,30.6,30.7,29.2,29.6,36.7,36,44.8,44.5,38.9,38.5,45.1,44.4,46.5,46.8,NA,NA,NA,NA,NA,NA,NA,NA,NA,NA,NA,NA,NA,NA,NA,NA,NA,NA,NA,NA,NA,NA,NA,NA,NA,NA,NA,NA,NA,NA,NA,NA,NA,NA,NA,NA,NA,NA,NA,NA,NA,NA,NA,NA,NA,NA,NA,NA,NA,NA,NA,NA,NA,NA
20. Female sterilization (%),2.6,2.8,2.7,2.9,2.7,2.8,3.4,3.5,11.2,11,6.4,7.2,10,9.3,10.5,10.2,19.4,19.2,36,31.3,22.4,20.9,16.3,16.1,12.7,13.9,8.1,8.4,6.3,6.1,2.8,3.2,14,14,5.8,5.6,5.6,5.7,3.6,3.8,1.2,1.3,8.2,7.6,11.9,12.2,7.8,7.4,8.1,8,2.4,2.7,10.1,9.6,NA,NA,NA,NA,NA,NA,NA,NA,NA,NA,NA,NA,NA,NA,NA,NA,NA,NA,NA,NA,NA,NA,NA,NA,NA,NA,NA,NA,NA,NA,NA,NA,NA,NA,NA,NA,NA,NA,NA,NA,NA,NA,NA,NA,NA,NA,NA,NA,NA,NA,NA,NA,NA,NA
21. Male sterilization (%),0,0,0,0,0,0,0,0,0.4,0.4,0,0,0.1,0.1,0.1,0.1,0.1,0.1,0.6,0.6,0.2,0.1,0.4,0.5,0,0,0.1,0.1,0,0,0,0,0.2,0.2,0,0,0,0,0,0,0,0,0.3,0.2,0,0,0,0,0,0,0,0,0.6,0.5,NA,NA,NA,NA,NA,NA,NA,NA,NA,NA,NA,NA,NA,NA,NA,NA,NA,NA,NA,NA,NA,NA,NA,NA,NA,NA,NA,NA,NA,NA,NA,NA,NA,NA,NA,NA,NA,NA,NA,NA,NA,NA,NA,NA,NA,NA,NA,NA,NA,NA,NA,NA,NA,NA
22. IUD/PPIUD (%),3.7,3.6,0.6,1,1.9,2.1,2.8,2.5,1.2,1.7,0.4,0.4,1.7,1.7,2,1.8,3.2,3.2,1.8,1.9,3,3.3,3.6,3.4,2.6,2.3,3,3.1,2.3,2.1,2.6,2.7,2.1,2,1.6,1.4,2.9,2.9,1.6,1.5,2.5,2.3,2.3,2.4,4.2,4.4,2.1,2,4.1,4,1.7,2.1,2.9,2.8,NA,NA,NA,NA,NA,NA,NA,NA,NA,NA,NA,NA,NA,NA,NA,NA,NA,NA,NA,NA,NA,NA,NA,NA,NA,NA,NA,NA,NA,NA,NA,NA,NA,NA,NA,NA,NA,NA,NA,NA,NA,NA,NA,NA,NA,NA,NA,NA,NA,NA,NA,NA,NA,NA
23. Pill (%),28.5,27.1,22.1,21,26,26.1,31.1,30,21.2,20.9,32.5,32.4,31.9,30.7,23.7,22.5,10.2,9.8,6.3,7.3,9.8,10.6,9.7,10.1,13.9,15.6,18.5,18,31.7,32.9,23.9,21.7,6.6,7,20.4,22,20.6,20.6,31.6,31.2,22.7,23,16.8,17.7,14.5,14.4,32.1,32.2,24.7,24.4,37.3,36,32,32.3,NA,NA,NA,NA,NA,NA,NA,NA,NA,NA,NA,NA,NA,NA,NA,NA,NA,NA,NA,NA,NA,NA,NA,NA,NA,NA,NA,NA,NA,NA,NA,NA,NA,NA,NA,NA,NA,NA,NA,NA,NA,NA,NA,NA,NA,NA,NA,NA,NA,NA,NA,NA,NA,NA
24. Condom (%),1.4,1.8,2.9,3.5,1.7,1.8,3,3,2,2.4,1.7,2.6,1.2,3.6,1.5,1.3,1,1.4,2,3.1,1.9,2.7,1.3,1.4,1.8,1.8,1.5,2.2,1.2,1.2,0.2,1.4,5.5,5.2,3.1,3.9,4.3,4.3,1.2,2.3,3.4,3.4,1.5,1.5,6.1,5,2.7,2.8,1.5,1.5,3.4,3.3,0.5,1.4,NA,NA,NA,NA,NA,NA,NA,NA,NA,NA,NA,NA,NA,NA,NA,NA,NA,NA,NA,NA,NA,NA,NA,NA,NA,NA,NA,NA,NA,NA,NA,NA,NA,NA,NA,NA,NA,NA,NA,NA,NA,NA,NA,NA,NA,NA,NA,NA,NA,NA,NA,NA,NA,NA
25. Total unmet need (%),11.9,11.6,21.9,21.9,18.2,17.7,10.2,10.1,14.2,14.1,17,16,9.4,8.6,19.8,20.1,18,17.9,11.4,11.8,15.3,13.7,15.8,16,12.6,11.4,16.2,16.3,13.8,13.6,17.9,18.4,13.2,12.9,15.6,14.6,16.7,16.6,10.7,9.9,8,7.9,19.2,19.7,17.3,17.8,7.3,7,12,12.4,6.2,6.3,9,8.5,NA,NA,NA,NA,NA,NA,NA,NA,NA,NA,NA,NA,NA,NA,NA,NA,NA,NA,NA,NA,NA,NA,NA,NA,NA,NA,NA,NA,NA,NA,NA,NA,NA,NA,NA,NA,NA,NA,NA,NA,NA,NA,NA,NA,NA,NA,NA,NA,NA,NA,NA,NA,NA,NA
26. Unmet need for spacing (%),5.5,5.3,5.1,4.9,8.1,8.3,4.7,4.7,5.7,5.8,6.7,6.2,4.3,3.9,9,9.2,6.8,7.2,5.1,4.9,6.8,6.6,6.3,6,6,5.7,6.7,6.6,6.7,6.6,5.9,5.8,8.6,8,7.9,7.5,4.5,4.4,4.6,4.5,3.2,3.1,6.5,5.9,6.9,6.9,1.8,1.8,6.5,6.8,2.9,3.1,3.9,3.7,NA,NA,NA,NA,NA,NA,NA,NA,NA,NA,NA,NA,NA,NA,NA,NA,NA,NA,NA,NA,NA,NA,NA,NA,NA,NA,NA,NA,NA,NA,NA,NA,NA,NA,NA,NA,NA,NA,NA,NA,NA,NA,NA,NA,NA,NA,NA,NA,NA,NA,NA,NA,NA,NA
27. Health worker ever talked to female non-users about family planning5 (%),16.9,16.4,7.4,6.9,19.3,17.8,12.2,11.8,14.4,16.2,17.5,20.4,14.9,13.8,23,24.7,20.7,19.5,20.6,19,16.3,15.1,21.6,21.2,20,18,25.3,26.4,17.5,16.2,13.5,10.8,27,23.8,26,26.1,21.6,21.7,17.9,17.5,13.4,14.3,13.7,14.6,10.4,11.8,8.3,8.3,23.3,22.8,12.8,12.9,20.3,20.9,NA,NA,NA,NA,NA,NA,NA,NA,NA,NA,NA,NA,NA,NA,NA,NA,NA,NA,NA,NA,NA,NA,NA,NA,NA,NA,NA,NA,NA,NA,NA,NA,NA,NA,NA,NA,NA,NA,NA,NA,NA,NA,NA,NA,NA,NA,NA,NA,NA,NA,NA,NA,NA,NA
28. Current users ever told about side effects of current method (%),49.4,49.7,18.8,19.6,49.9,53,48.4,47.7,37.6,40.9,57.8,61.1,56.7,56.5,69.4,70,43,44.2,49,50.7,72.7,72.4,58.2,56.4,67.1,67.3,64.3,65.9,65.6,61.6,42.8,37.9,78.6,78.5,64.8,64.9,79.8,78.9,61.6,60.4,36.7,38.5,55.6,52.5,44.3,46.3,30.9,32,78.4,78.4,53.2,51.9,54.9,52.3,NA,NA,NA,NA,NA,NA,NA,NA,NA,NA,NA,NA,NA,NA,NA,NA,NA,NA,NA,NA,NA,NA,NA,NA,NA,NA,NA,NA,NA,NA,NA,NA,NA,NA,NA,NA,NA,NA,NA,NA,NA,NA,NA,NA,NA,NA,NA,NA,NA,NA,NA,NA,NA,NA
29. Mothers who had antenatal check-up in the first trimester (%),44.9,46.7,34.5,36.3,54.8,57.5,63.8,64.3,46.7,48.9,53,55.1,53.5,54.6,69.8,68.8,57.6,58.6,63.4,64.1,68.6,71.3,66.9,66.9,81.8,82,51.4,52.9,48.2,47.4,39.3,44.8,37.3,37.6,45.3,47.3,49.4,49.6,53.4,54.6,61.2,61.9,48.3,49,67.4,65.3,60.4,62.3,60.9,60.6,60.7,61.5,44.6,45.2,NA,NA,NA,NA,NA,NA,NA,NA,NA,NA,NA,NA,NA,NA,NA,NA,NA,NA,NA,NA,NA,NA,NA,NA,NA,NA,NA,NA,NA,NA,NA,NA,NA,NA,NA,NA,NA,NA,NA,NA,NA,NA,NA,NA,NA,NA,NA,NA,NA,NA,NA,NA,NA,NA
30. Mothers who had at least 4 antenatal care visits (%),37.2,39.1,23.7,26,39.4,42.1,46.3,47.5,40.8,43.1,43.1,46.2,42.2,42,58.9,59,47.3,49.1,54.5,56.1,67,67.6,69.9,70.8,72.3,75.8,61.7,62.5,37.2,38.1,26,35.1,51.6,51.3,38.2,37.1,34,34.5,24.5,24.2,41.4,41.2,42.2,40.4,60,56.9,47.9,49.2,49.7,49.8,38.2,39.9,36,37,NA,NA,NA,NA,NA,NA,NA,NA,NA,NA,NA,NA,NA,NA,NA,NA,NA,NA,NA,NA,NA,NA,NA,NA,NA,NA,NA,NA,NA,NA,NA,NA,NA,NA,NA,NA,NA,NA,NA,NA,NA,NA,NA,NA,NA,NA,NA,NA,NA,NA,NA,NA,NA,NA
31. Mothers whose last birth was protected against neonatal tetanus6 (%),86.2,86.9,69.8,71.4,82.4,83.4,86.1,86.8,93.7,94.2,93.7,94,96.9,97.1,94.2,94.5,94.1,94.5,91.9,90.6,91.7,92.8,94.9,95.3,95.3,95.2,93.7,94.2,87,87.2,83.6,85.9,88.8,89.1,96.7,96.9,96.5,96.6,88,87.9,86.8,86.3,80.2,80.1,86.7,86.3,94.1,94.6,92.5,92.6,95.5,95.7,94.1,94.4,NA,NA,NA,NA,NA,NA,NA,NA,NA,NA,NA,NA,NA,NA,NA,NA,NA,NA,NA,NA,NA,NA,NA,NA,NA,NA,NA,NA,NA,NA,NA,NA,NA,NA,NA,NA,NA,NA,NA,NA,NA,NA,NA,NA,NA,NA,NA,NA,NA,NA,NA,NA,NA,NA
32. Mothers who consumed iron folic acid for 100 days or more when they were pregnant (%),25.8,26.7,11.4,13,30.9,31.6,18.8,18.6,36.5,37.9,29.3,31.2,40.2,39.7,44.4,43.9,33.8,34.9,36,39.8,54.1,55.2,39.9,42.6,65.6,63.3,44.7,44.6,23.1,25.1,30,34.8,17.9,18.9,17.7,18.2,24.2,24.3,34.5,35.5,34,34.3,22.2,23.5,47.7,46.1,34.2,33.8,39.9,39.7,25.6,25.1,29.4,29.9,NA,NA,NA,NA,NA,NA,NA,NA,NA,NA,NA,NA,NA,NA,NA,NA,NA,NA,NA,NA,NA,NA,NA,NA,NA,NA,NA,NA,NA,NA,NA,NA,NA,NA,NA,NA,NA,NA,NA,NA,NA,NA,NA,NA,NA,NA,NA,NA,NA,NA,NA,NA,NA,NA
33. Mothers who had full antenatal care7 (%),15.8,16.8,4.8,5.5,15.4,16.4,9.7,10.2,21.4,22.6,15.5,18.3,18,18.1,26.9,27.1,21.5,22.5,19.5,23.1,37.2,39.3,27.7,30.7,48,48,29.9,30.5,10.4,11.6,12,17.5,11.1,12.3,5.2,5.2,9.9,9.7,12.6,12.5,11.7,10.9,11.1,11.5,30.9,28.1,16.9,17.1,21.5,21.4,12,11.7,13.7,13.3,NA,NA,NA,NA,NA,NA,NA,NA,NA,NA,NA,NA,NA,NA,NA,NA,NA,NA,NA,NA,NA,NA,NA,NA,NA,NA,NA,NA,NA,NA,NA,NA,NA,NA,NA,NA,NA,NA,NA,NA,NA,NA,NA,NA,NA,NA,NA,NA,NA,NA,NA,NA,NA,NA
34. Registered pregnancies for which the mother received Mother and Child Protection (MCP) card (%),97.6,97.7,94.1,94.6,96.8,97.2,96.5,96.4,92.2,92.8,93.5,93.8,98.4,98.5,98,97.5,95.7,96,96.5,95.9,98.2,97.7,97.7,97.5,97.9,98.3,99.3,99.3,95.4,95.5,94.4,95.3,96.4,96.7,97.5,97.7,96.4,96.6,98,97.9,98.5,97.9,96.3,96.7,88.8,90.1,99.2,99.3,99.1,99.1,91.8,92,98.9,98.6,NA,NA,NA,NA,NA,NA,NA,NA,NA,NA,NA,NA,NA,NA,NA,NA,NA,NA,NA,NA,NA,NA,NA,NA,NA,NA,NA,NA,NA,NA,NA,NA,NA,NA,NA,NA,NA,NA,NA,NA,NA,NA,NA,NA,NA,NA,NA,NA,NA,NA,NA,NA,NA,NA
35. Mothers who received postnatal care from a doctor/nurse/LHV/ANM/midwife/other health personnel within 2 days of delivery (%),56.6,57.8,20.4,22.1,56,58.8,33.6,36.6,52.8,53.9,44.7,47.7,54.7,55.5,66.2,67.8,64.4,65.9,67.4,66.9,72.1,71.1,73.9,74.3,75.5,77.1,78.9,78.3,38.1,40.5,40.1,48.5,62,63.3,35.2,36.1,38.7,39.3,46.4,47.5,35.1,36.6,58.9,61.3,73.4,71.8,49.9,50.5,69.6,70.1,38.8,40.8,62.2,61.7,NA,NA,NA,NA,NA,NA,NA,NA,NA,NA,NA,NA,NA,NA,NA,NA,NA,NA,NA,NA,NA,NA,NA,NA,NA,NA,NA,NA,NA,NA,NA,NA,NA,NA,NA,NA,NA,NA,NA,NA,NA,NA,NA,NA,NA,NA,NA,NA,NA,NA,NA,NA,NA,NA
36. Mothers who received financial assistance under Janani Suraksha Yojana (JSY) for births delivered in an institution (%),77.5,76.7,50.2,48.3,73.7,71.4,68.3,66.7,80.9,80.6,67.2,62.5,75.9,73.3,78.8,78.4,89.8,90.2,59.5,53.8,71.5,63.9,73.5,69.7,78.5,75,73.8,73.1,64.9,65.6,81.4,77.6,50.7,49.2,81,75.8,77.7,77,73.7,67.4,68.8,68.1,53,53.9,26.6,28.4,69.5,70.2,77.4,76.8,76.3,74.3,78.7,77.1,NA,NA,NA,NA,NA,NA,NA,NA,NA,NA,NA,NA,NA,NA,NA,NA,NA,NA,NA,NA,NA,NA,NA,NA,NA,NA,NA,NA,NA,NA,NA,NA,NA,NA,NA,NA,NA,NA,NA,NA,NA,NA,NA,NA,NA,NA,NA,NA,NA,NA,NA,NA,NA,NA
37. Average out of pocket expenditure per delivery in public health facility (Rs.),3654,3593,3462,3599,2651,2984,2016,1998,2389,2493,2855,3336,2580,2850,3574,3816,3475,3319,2455,2787,4070,3792,3131,3262,3178,3232,1909,2050,2559,2814,3357,3246,4058,4090,2900,2777,2708,2626,2424,2730,2272,2356,3796,4061,4391,3978,4523,4229,2926,2988,2974,3026,3268,3333,NA,NA,NA,NA,NA,NA,NA,NA,NA,NA,NA,NA,NA,NA,NA,NA,NA,NA,NA,NA,NA,NA,NA,NA,NA,NA,NA,NA,NA,NA,NA,NA,NA,NA,NA,NA,NA,NA,NA,NA,NA,NA,NA,NA,NA,NA,NA,NA,NA,NA,NA,NA,NA,NA
38. Children born at home who were taken to a health facility for check-up within 24 hours of birth (%),4.4,4.3,0.5,0.5,1.1,2.3,0.6,0.6,1.1,1,0,0,3.3,3.3,2.5,2.5,2.5,2.5,7.1,7.1,7.6,6.7,14.7,14.7,NA,NA,2.8,2.7,0.7,0.6,2.3,2.1,1.6,1.5,2.2,2.2,2.2,2.2,0,0,1.5,1.4,4.2,4.1,NA,NA,0,0,7.7,7.7,1.8,1.8,0,0,NA,NA,NA,NA,NA,NA,NA,NA,NA,NA,NA,NA,NA,NA,NA,NA,NA,NA,NA,NA,NA,NA,NA,NA,*,*,NA,NA,NA,NA,NA,NA,NA,NA,NA,NA,NA,NA,NA,NA,NA,NA,NA,NA,*,*,NA,NA,NA,NA,NA,NA,NA,NA
39. Children who received postnatal care from a doctor/nurse/LHV/ANM/midwife/other health personnel within 2 days of delivery (%),20,22.4,7.5,7,27.9,29.3,9.7,9.9,31.6,32.5,16.8,15.5,25.2,25.7,30.8,29.6,34.2,33.7,32.9,32.6,28.5,30.5,40.9,40.4,39.4,38.7,37.1,38,11,11.2,22,24.2,25.4,26.3,16.3,15.9,20.1,21.2,14,14.2,11.3,12.6,27.7,26,26.2,25.9,12.2,12.2,33.7,34.1,11.6,11.3,29.2,27.6,NA,NA,NA,NA,NA,NA,NA,NA,NA,NA,NA,NA,NA,NA,NA,NA,NA,NA,NA,NA,NA,NA,NA,NA,NA,NA,NA,NA,NA,NA,NA,NA,NA,NA,NA,NA,NA,NA,NA,NA,NA,NA,NA,NA,NA,NA,NA,NA,NA,NA,NA,NA,NA,NA
40. Institutional births (%),65.4,66.7,40,43.6,69.1,71.2,48.9,51.9,71.1,72.2,65.4,67.4,88,88.4,81.4,82.7,74.6,76.1,72,76.6,87.5,88.5,86.5,87.1,96.5,95.9,87.9,88.4,47.2,50.2,47.6,57.1,69.7,71.3,45.9,48,55.5,56.5,65.9,67,59.9,59.4,82.5,83.8,94.2,93.3,81.5,82.8,87.6,87.8,64.3,66.1,70.6,72.2,NA,NA,NA,NA,NA,NA,NA,NA,NA,NA,NA,NA,NA,NA,NA,NA,NA,NA,NA,NA,NA,NA,NA,NA,NA,NA,NA,NA,NA,NA,NA,NA,NA,NA,NA,NA,NA,NA,NA,NA,NA,NA,NA,NA,NA,NA,NA,NA,NA,NA,NA,NA,NA,NA
41. Institutional births in public facility (%),60.4,61.4,37.7,40.3,66.1,66,46.3,49,64.4,64.8,57.5,56.6,68.2,67.1,77.1,77.7,72.6,73.4,56.8,56.9,65.5,62.2,67.5,66.1,84,80.3,75.9,75.4,44.2,45.5,47.3,53.2,57.1,56.8,40.3,41.8,51.9,51.9,58.1,56.8,51.1,50.1,74.8,76.9,53.3,57,67.3,69.1,77.3,77.5,63.3,64.8,65.6,65.2,NA,NA,NA,NA,NA,NA,NA,NA,NA,NA,NA,NA,NA,NA,NA,NA,NA,NA,NA,NA,NA,NA,NA,NA,NA,NA,NA,NA,NA,NA,NA,NA,NA,NA,NA,NA,NA,NA,NA,NA,NA,NA,NA,NA,NA,NA,NA,NA,NA,NA,NA,NA,NA,NA
42. Home delivery conducted by skilled health personnel (out of total deliveries) (%),6.1,6.1,13.2,12.3,6.8,6.5,13.1,12.3,1.4,1.4,1.3,1.4,2.1,2,3.3,3,4.1,3.9,0.7,0.5,1.4,1.5,1.1,1.4,0,1.2,1.6,1.5,6.5,5.9,3.2,3.4,4.7,5.2,1.4,1.3,0.5,0.5,3.8,3.7,3.8,3.5,4.7,4.6,0,0,2.3,2.2,1.6,1.5,3.3,3.1,3.4,3.2,NA,NA,NA,NA,NA,NA,NA,NA,NA,NA,NA,NA,NA,NA,NA,NA,NA,NA,NA,NA,NA,NA,NA,NA,NA,NA,NA,NA,NA,NA,NA,NA,NA,NA,NA,NA,NA,NA,NA,NA,NA,NA,NA,NA,NA,NA,NA,NA,NA,NA,NA,NA,NA,NA
43. Births assisted by a doctor/nurse/LHV/ANM/other health personnel (%),71.4,72.7,52.9,55.7,75.3,77.2,61.2,63.4,71.9,72.9,66.7,68.8,88.8,89.2,84.7,85.8,78.7,80,72.7,77.1,89.7,90.7,88,88.8,96.5,97.1,89.2,89.6,53.6,55.7,50.4,60.2,73.9,75.9,46.9,48.9,56,56.9,69.4,70.4,63.4,62.7,87.1,87.7,93.6,92.9,83.5,84.7,89.1,89.3,67.8,69.5,75.1,76.4,NA,NA,NA,NA,NA,NA,NA,NA,NA,NA,NA,NA,NA,NA,NA,NA,NA,NA,NA,NA,NA,NA,NA,NA,NA,NA,NA,NA,NA,NA,NA,NA,NA,NA,NA,NA,NA,NA,NA,NA,NA,NA,NA,NA,NA,NA,NA,NA,NA,NA,NA,NA,NA,NA
44. Births delivered by caesarean section (%),8.2,9.4,3,4.9,6,9.9,6.8,8.1,10.5,12.6,6.1,9.2,12,13.8,12.8,14.2,14.7,14.1,11.8,17.5,21.9,24.3,17,18.9,27,29.1,10.5,11.2,4,5.5,7,11.3,13.5,15,5.7,6.7,7,7.8,9.1,11.7,7.3,7.5,22.5,22.5,43.1,40.8,20.3,19.9,17.8,18.7,7.9,9.1,6.4,8.1,NA,NA,NA,NA,NA,NA,NA,NA,NA,NA,NA,NA,NA,NA,NA,NA,NA,NA,NA,NA,NA,NA,NA,NA,NA,NA,NA,NA,NA,NA,NA,NA,NA,NA,NA,NA,NA,NA,NA,NA,NA,NA,NA,NA,NA,NA,NA,NA,NA,NA,NA,NA,NA,NA
45. Births in a private health facility delivered by caesarean section (%),NA,NA,NA,NA,NA,NA,NA,NA,69.6,74,44.9,53.3,29.2,32,NA,NA,NA,NA,27.6,39.8,39.3,47.5,39.5,41.7,50.2,61.1,57.9,55.6,NA,NA,NA,NA,44.8,47.9,34.9,40.2,NA,NA,77.1,74,52.8,49.9,NA,NA,61.2,64.8,64.2,65.6,82.3,82.6,NA,NA,NA,50.6,*,*,*,*,*,*,*,*,NA,NA,NA,NA,NA,NA,*,*,*,*,NA,NA,NA,NA,NA,NA,NA,NA,NA,NA,*,*,*,*,NA,NA,NA,NA,*,*,NA,NA,NA,NA,*,*,NA,NA,NA,NA,NA,NA,*,*,*,NA
46. Births in a public health facility delivered by caesarean section (%),10.4,11.9,5.1,7.5,6.4,8.7,9.8,11.8,9,11,4.4,6.1,9.2,10.4,12.9,13.6,18.1,16.8,13.4,17.1,20.2,19,14.1,15.3,24.7,24.3,4.7,5.3,6.1,6.5,14.3,19,13.7,14.2,9.3,10.1,8.8,8.9,5.3,7.3,5.2,5.6,24,23.9,33.9,30.3,16.7,15.8,12.2,13.2,12,13.6,6.8,7,NA,NA,NA,NA,NA,NA,NA,NA,NA,NA,NA,NA,NA,NA,NA,NA,NA,NA,NA,NA,NA,NA,NA,NA,NA,NA,NA,NA,NA,NA,NA,NA,NA,NA,NA,NA,NA,NA,NA,NA,NA,NA,NA,NA,NA,NA,NA,NA,NA,NA,NA,NA,NA,NA
47. Children age 12-23 months fully immunized (BCG measles and 3 doses each of polio/DPT) (%),40.5,42.1,16.6,20.1,40.6,43.7,32.7,34.1,39.9,44.4,42.6,43.1,43.6,45.3,53.8,54,49.1,47,53.9,64,68.5,71.1,73,73,61.5,64.8,68.6,67.9,23.5,23.6,55.1,59.8,41.9,45.4,52.2,53.9,39.8,39.2,39.7,42.4,40.1,40.4,37.1,35.7,77.1,72.8,45.2,48.8,59.3,59.1,40.8,40.6,55.9,52.8,NA,NA,NA,NA,NA,NA,NA,NA,NA,NA,NA,NA,NA,NA,NA,NA,NA,NA,NA,NA,NA,NA,NA,NA,NA,NA,NA,NA,NA,NA,NA,NA,NA,NA,NA,NA,NA,NA,NA,NA,NA,NA,NA,NA,NA,NA,NA,NA,NA,NA,NA,NA,NA,NA
48. Children age 12-23 months who have received BCG (%),81.6,82.1,60.6,62.8,83.7,83,66,67.4,91.4,92.2,78.5,80,82.1,82.6,90.5,89.3,96.1,96.4,85.9,89.4,100,100,100,100,89.7,92.2,91.9,90.9,68.4,68.5,88.3,91.4,81,82.2,80.5,80.5,67.9,68.3,83,84.7,77.7,77.7,72.2,72.2,96.6,93.7,88.4,89.4,91.4,91.6,82.6,81.2,90,90.6,NA,NA,NA,NA,NA,NA,NA,NA,NA,NA,NA,NA,NA,NA,NA,NA,NA,NA,NA,NA,NA,NA,NA,NA,NA,NA,NA,NA,NA,NA,NA,NA,NA,NA,NA,NA,NA,NA,NA,NA,NA,NA,NA,NA,NA,NA,NA,NA,NA,NA,NA,NA,NA,NA
49. Children age 12-23 months who have received 3 doses of polio vaccine (%),47.5,48.9,31,33.7,50.9,53.1,44.7,45.6,45,49.1,52.9,52.7,49.6,51.1,58,57.9,63.4,61.7,64.8,73.5,77.3,78.3,79.2,78.7,65.6,70.1,74.8,73.6,39.6,38.4,68,69.2,55,57.7,64.8,65.7,48.7,49.8,43.2,45.5,49.4,49.3,44,46.4,82.5,78.4,52.6,55.5,65.1,64.8,48.6,49.5,62.6,59.1,NA,NA,NA,NA,NA,NA,NA,NA,NA,NA,NA,NA,NA,NA,NA,NA,NA,NA,NA,NA,NA,NA,NA,NA,NA,NA,NA,NA,NA,NA,NA,NA,NA,NA,NA,NA,NA,NA,NA,NA,NA,NA,NA,NA,NA,NA,NA,NA,NA,NA,NA,NA,NA,NA
50. Children age 12-23 months who have received 3 doses of DPT vaccine (%),66.8,67.7,27.8,30.7,63.3,64.4,52.8,54.7,65.4,67.5,55.5,55.1,64.9,65.9,81.5,80.1,79.3,80.7,80.3,83.8,79.6,82.1,85.4,84.4,81.5,84,84.1,83.7,48.5,46.6,69.9,78,70.1,71.9,71.5,72.1,57.8,59.5,69.1,70.6,60.7,60.1,54.8,56.3,89.3,85.5,82.9,83,83.3,82.6,63.5,63.3,80.5,79.6,NA,NA,NA,NA,NA,NA,NA,NA,NA,NA,NA,NA,NA,NA,NA,NA,NA,NA,NA,NA,NA,NA,NA,NA,NA,NA,NA,NA,NA,NA,NA,NA,NA,NA,NA,NA,NA,NA,NA,NA,NA,NA,NA,NA,NA,NA,NA,NA,NA,NA,NA,NA,NA,NA
51. Children age 12-23 months who have received measles vaccine (%),65.3,66.2,36.1,38.5,71.5,71.9,64.5,66,78.7,79.6,65.7,68.1,69.8,70.6,80,78.7,79.5,79.6,88.3,89.8,93.2,92.6,87.7,88.6,91.6,91.4,92,91,51.5,53.1,81.2,86.3,66.7,68.7,65.2,66.1,58.9,59.5,79.4,79.9,68.1,68.5,58.4,57.4,88.5,91.5,79.3,79.7,81.9,81.3,63.6,61.9,83.2,82,NA,NA,NA,NA,NA,NA,NA,NA,NA,NA,NA,NA,NA,NA,NA,NA,NA,NA,NA,NA,NA,NA,NA,NA,NA,NA,NA,NA,NA,NA,NA,NA,NA,NA,NA,NA,NA,NA,NA,NA,NA,NA,NA,NA,NA,NA,NA,NA,NA,NA,NA,NA,NA,NA
52. Children age 12-23 months who have received 3 doses of Hepatitis B vaccine (%),46.5,47.9,22,25.1,48.8,51.2,38.2,40.8,43.3,47.5,40.4,41.1,53.2,53.3,58.6,58.5,68.9,68.2,64,64,66.6,71.5,78.8,78.3,65,69.3,79,77.4,28.5,28.2,54.5,61.1,57.9,60.5,59.4,60.7,43.1,45.4,41.1,42.1,46.7,46.7,39.1,41.8,65.3,64.1,56.4,59,60.4,60.2,50.6,51.3,61.4,58,NA,NA,NA,NA,NA,NA,NA,NA,NA,NA,NA,NA,NA,NA,NA,NA,NA,NA,NA,NA,NA,NA,NA,NA,NA,NA,NA,NA,NA,NA,NA,NA,NA,NA,NA,NA,NA,NA,NA,NA,NA,NA,NA,NA,NA,NA,NA,NA,NA,NA,NA,NA,NA,NA
53. Children age 9-59 months who received a vitamin A dose in last 6 months (%),31.6,32.8,31.3,32.7,56,56.9,40.3,41.1,38.2,40.4,41,42.7,58.3,59,47,48.1,44.5,43.9,63.2,61.9,67.6,65.3,56.1,56.9,51.9,52.6,64.6,66,36.8,37,40.6,41.9,56.2,56.9,67,67.6,70.3,70.4,51.9,51.4,47.5,48.8,56.2,56.7,58.4,63,48.1,48.1,54.7,54.2,47.8,47.4,62.4,61.3,NA,NA,NA,NA,NA,NA,NA,NA,NA,NA,NA,NA,NA,NA,NA,NA,NA,NA,NA,NA,NA,NA,NA,NA,NA,NA,NA,NA,NA,NA,NA,NA,NA,NA,NA,NA,NA,NA,NA,NA,NA,NA,NA,NA,NA,NA,NA,NA,NA,NA,NA,NA,NA,NA
54. Children age 12-23 months who received most of the vaccinations in public health facility (%),98.2,98.3,96.4,96.7,97,97.2,97.9,98,96.2,96.6,97.4,96.4,85.1,83.8,100,100,94.9,95.3,91.7,91.6,83.4,77.9,87.5,88.4,93.7,89.2,100,100,97.8,98,94.5,96.1,92.2,91,96.9,97,100,100,98.1,96.6,95.2,95.4,97.8,95.3,47.3,59.2,97.9,96.5,97.1,97.2,100,100,100,100,NA,NA,NA,NA,NA,NA,NA,NA,NA,NA,NA,NA,NA,NA,NA,NA,NA,NA,NA,NA,NA,NA,NA,NA,NA,NA,NA,NA,NA,NA,NA,NA,NA,NA,NA,NA,NA,NA,NA,NA,NA,NA,NA,NA,NA,NA,NA,NA,NA,NA,NA,NA,NA,NA
55. Children age 12-23 months who received most of the vaccinations in private health facility (%),0,0,1.9,1.7,1.5,1.4,0,0,1.4,1.3,2.6,3.7,9.2,10.7,0,0,0,0,8.4,8.4,12.5,18.7,10.5,9.7,6.3,10.8,0,0,2.2,2,1.7,1.2,6,7.3,2.3,2.1,0,0,1.9,3.4,1.6,1.5,2.2,2,52.7,40.8,0,1.6,2.9,2.8,0,0,0,0,NA,NA,NA,NA,NA,NA,NA,NA,NA,NA,NA,NA,NA,NA,NA,NA,NA,NA,NA,NA,NA,NA,NA,NA,NA,NA,NA,NA,NA,NA,NA,NA,NA,NA,NA,NA,NA,NA,NA,NA,NA,NA,NA,NA,NA,NA,NA,NA,NA,NA,NA,NA,NA,NA
56. Prevalence of diarrhoea (reported) in the last 2 weeks preceding the survey (%),0.7,0.9,2.6,2.7,2.9,2.7,1.7,1.8,6.9,6.5,3.2,3,2.5,2.4,1.1,1,4.1,4.1,6,5.5,1.1,1.3,4.7,4.7,1.5,1.7,1.1,1,0.9,0.8,1.6,2.6,7.3,6.7,3.8,3.6,0.8,0.7,1.5,1.4,0.9,0.8,4.1,4.5,8.7,6.8,1.4,1.3,2.5,2.7,0.8,0.7,0.6,0.6,NA,NA,NA,NA,NA,NA,NA,NA,NA,NA,NA,NA,NA,NA,NA,NA,NA,NA,NA,NA,NA,NA,NA,NA,NA,NA,NA,NA,NA,NA,NA,NA,NA,NA,NA,NA,NA,NA,NA,NA,NA,NA,NA,NA,NA,NA,NA,NA,NA,NA,NA,NA,NA,NA
57. Children with diarrhoea in the last 2 weeks who received oral rehydration salts (ORS) (%),NA,NA,NA,NA,NA,NA,NA,NA,44,44,NA,NA,NA,NA,NA,NA,NA,NA,NA,NA,NA,NA,NA,NA,NA,NA,NA,NA,NA,NA,NA,NA,NA,NA,NA,NA,NA,NA,NA,NA,NA,NA,NA,NA,NA,NA,NA,NA,NA,NA,NA,NA,NA,NA,*,*,*,*,*,*,*,*,NA,NA,*,*,*,*,*,*,*,*,*,*,*,*,*,*,*,*,*,*,*,*,*,*,*,*,*,*,*,*,*,*,*,*,*,*,*,*,*,*,*,*,*,*,*,*
58. Children with diarrhoea in the last 2 weeks who received zinc (%),NA,NA,NA,NA,NA,NA,NA,NA,10,10,NA,NA,NA,NA,NA,NA,NA,NA,NA,NA,NA,NA,NA,NA,NA,NA,NA,NA,NA,NA,NA,NA,NA,NA,NA,NA,NA,NA,NA,NA,NA,NA,NA,NA,NA,NA,NA,NA,NA,NA,NA,NA,NA,NA,*,*,*,*,*,*,*,*,NA,NA,*,*,*,*,*,*,*,*,*,*,*,*,*,*,*,*,*,*,*,*,*,*,*,*,*,*,*,*,*,*,*,*,*,*,*,*,*,*,*,*,*,*,*,*
59. Children with diarrhoea in the last 2 weeks taken to a health facility (%),NA,NA,NA,NA,NA,NA,NA,NA,37.5,37.5,NA,NA,NA,NA,NA,NA,NA,NA,NA,NA,NA,NA,NA,NA,NA,NA,NA,NA,NA,NA,NA,NA,NA,NA,NA,NA,NA,NA,NA,NA,NA,NA,NA,NA,NA,NA,NA,NA,NA,NA,NA,NA,NA,NA,*,*,*,*,*,*,*,*,NA,NA,*,*,*,*,*,*,*,*,*,*,*,*,*,*,*,*,*,*,*,*,*,*,*,*,*,*,*,*,*,*,*,*,*,*,*,*,*,*,*,*,*,*,*,*
60. Prevalence of symptoms of acute respiratory infection (ARI) in the last 2 weeks preceding the survey (%),1.6,1.8,0.2,0.4,1.7,1.5,1.1,1,3.4,3.4,1.1,1,0.5,0.5,0.9,0.8,1.6,1.5,3.5,2.8,0.8,0.7,1.1,1.1,0.8,0.7,0.6,0.6,1.7,1.6,1.6,2.7,2.2,2,0,0,0,0,0.6,0.5,0,0,1,0.9,0.4,0.3,0,0,1.4,1.3,0.5,0.5,0.3,0.3,NA,NA,NA,NA,NA,NA,NA,NA,NA,NA,NA,NA,NA,NA,NA,NA,NA,NA,NA,NA,NA,NA,NA,NA,NA,NA,NA,NA,NA,NA,NA,NA,NA,NA,NA,NA,NA,NA,NA,NA,NA,NA,NA,NA,NA,NA,NA,NA,NA,NA,NA,NA,NA,NA
61. Children with fever or symptoms of ARI in the last 2 weeks preceding the survey taken to a health facility (%),33.3,34.4,37.8,37.4,42.9,46.9,49.5,55.4,39.1,41.3,56,52,NA,NA,NA,71,40.1,41.2,48,49.1,NA,NA,41.6,43.5,NA,NA,NA,NA,NA,45.8,56.2,57.5,45,46.3,NA,NA,NA,NA,14.1,14.1,NA,NA,52.8,52.5,74.8,74.5,NA,NA,40.5,42.2,NA,NA,NA,NA,NA,NA,NA,NA,NA,NA,NA,NA,NA,NA,NA,NA,*,*,*,NA,NA,NA,NA,NA,*,*,NA,NA,*,*,*,*,*,NA,NA,NA,NA,NA,*,*,*,*,NA,NA,*,*,NA,NA,NA,NA,*,*,NA,NA,*,*,*,*
62. Children under age 3 years breastfed within one hour of birth8 (%),74.1,74.8,62.3,61.6,80,80.5,68.4,68,66.2,66.2,73.1,72.2,66.8,67.1,76,75.6,67.2,67.9,70,65.4,69,66.9,62.8,62.7,70,67.3,80.3,80.4,79.4,79.7,62.3,60.9,30.7,31.5,29,29.8,30.7,31.3,67.8,70,76.1,77.4,59.6,60.7,60.1,58.8,72.9,71.9,74,74.3,74,69.1,82.2,80.5,NA,NA,NA,NA,NA,NA,NA,NA,NA,NA,NA,NA,NA,NA,NA,NA,NA,NA,NA,NA,NA,NA,NA,NA,NA,NA,NA,NA,NA,NA,NA,NA,NA,NA,NA,NA,NA,NA,NA,NA,NA,NA,NA,NA,NA,NA,NA,NA,NA,NA,NA,NA,NA,NA
63. Children under age 6 months exclusively breastfed9 (%),61.8,63,58.3,60,55.3,59.6,57.1,56.7,69.4,69.4,74.8,72.7,55.9,53.7,64.9,63,76.7,79.5,89.8,86.2,69.3,69.9,57.8,60.3,NA,71.6,66.8,68.9,NA,63,78.1,75.4,27.2,28.6,34.9,36.7,47.4,45.1,67.6,68.3,76.4,71.5,79.7,80.6,NA,NA,80.7,81.7,64.3,62.9,64.2,59.9,72.7,70.3,NA,NA,NA,NA,NA,NA,NA,NA,NA,NA,NA,NA,NA,NA,NA,NA,NA,NA,NA,NA,NA,NA,NA,NA,*,NA,NA,NA,*,NA,NA,NA,NA,NA,NA,NA,NA,NA,NA,NA,NA,NA,NA,NA,*,*,NA,NA,NA,NA,NA,NA,NA,NA
64. Children age 6-8 months receiving solid or semi-solid food and breastmilk9 (%),NA,NA,NA,NA,NA,NA,NA,NA,NA,NA,NA,NA,NA,NA,NA,NA,NA,NA,NA,NA,NA,NA,NA,NA,NA,NA,NA,NA,NA,NA,NA,NA,NA,NA,NA,NA,NA,NA,NA,NA,NA,NA,NA,NA,NA,NA,NA,NA,NA,NA,NA,NA,NA,NA,*,*,*,*,*,*,*,*,*,*,*,*,*,*,*,*,*,*,*,*,*,*,*,*,*,*,*,*,*,*,*,*,*,*,*,*,*,*,*,*,*,*,*,*,*,*,*,*,*,*,*,*,*,*
65. Breastfeeding children age 6-23 months receiving an adequate diet9 10 (%),11.6,12.4,8.6,8.2,11.9,12.3,10,10,6.8,6.2,10.4,9.9,9.5,9.3,11.3,13.1,9.2,10.8,8.4,8.4,11.6,14.8,14.5,14,4.1,4.6,11.7,10.9,12.6,11.8,5,5.9,1.2,2.3,7.7,7.4,6.1,6.5,14.5,14.4,4.7,4.4,6.9,6.4,12.2,10.5,2.7,2.5,13,12.8,1.1,1.1,3.3,3.1,NA,NA,NA,NA,NA,NA,NA,NA,NA,NA,NA,NA,NA,NA,NA,NA,NA,NA,NA,NA,NA,NA,NA,NA,NA,NA,NA,NA,NA,NA,NA,NA,NA,NA,NA,NA,NA,NA,NA,NA,NA,NA,NA,NA,NA,NA,NA,NA,NA,NA,NA,NA,NA,NA
66. Non-breastfeeding children age 6-23 months receiving an adequate diet9 10 (%),NA,NA,NA,NA,NA,NA,NA,NA,NA,NA,NA,NA,NA,NA,NA,NA,NA,NA,NA,NA,NA,NA,NA,NA,NA,NA,NA,NA,NA,NA,NA,NA,NA,NA,NA,NA,NA,NA,NA,NA,NA,NA,NA,NA,NA,NA,NA,NA,NA,NA,NA,NA,NA,NA,*,*,*,*,*,*,*,*,*,*,*,*,*,*,*,*,*,*,*,*,*,*,*,*,*,*,*,*,*,*,*,*,*,*,*,*,*,*,*,*,*,*,*,*,*,*,*,*,*,*,*,*,*,*
67. Total children age 6-23 months receiving an adequate diet9 10 (%),10.7,11.5,10.3,9.8,12.5,12.7,9.7,9.7,7.6,6.8,9.4,9.6,9,8.8,10.5,12,9.8,11.3,8.1,8,11.2,16.4,14.5,13.8,4.1,4.6,11.1,10.4,12.1,11.4,4.8,6.6,1.1,2.1,7.1,6.8,5.9,6.3,13.7,13.7,4.4,4.1,9.7,8.9,13.2,11,2.6,2.4,12.7,12.6,1.1,1,3.2,3,NA,NA,NA,NA,NA,NA,NA,NA,NA,NA,NA,NA,NA,NA,NA,NA,NA,NA,NA,NA,NA,NA,NA,NA,NA,NA,NA,NA,NA,NA,NA,NA,NA,NA,NA,NA,NA,NA,NA,NA,NA,NA,NA,NA,NA,NA,NA,NA,NA,NA,NA,NA,NA,NA
68. Children under 5 years who are stunted11 (%),31.9,30.6,48.9,47.4,45.7,42.7,41.5,41.7,38.8,38.4,40.9,38.4,28.8,28.7,31,29.3,36.1,35.5,40.1,36,34.8,33.3,37.4,35.5,26.5,25.5,31.6,32.6,28.4,28.1,39.9,34.7,37.8,36.3,44,42.3,39.2,38.1,41,39.1,39.4,40.1,34.2,33.3,23.3,24.6,27.7,26.8,32.8,32.4,43.7,43.5,39,39.1,NA,NA,NA,NA,NA,NA,NA,NA,NA,NA,NA,NA,NA,NA,NA,NA,NA,NA,NA,NA,NA,NA,NA,NA,NA,NA,NA,NA,NA,NA,NA,NA,NA,NA,NA,NA,NA,NA,NA,NA,NA,NA,NA,NA,NA,NA,NA,NA,NA,NA,NA,NA,NA,NA
69. Children under 5 years who are wasted11 (%),16.5,15.7,23.2,22.2,23.1,22.1,17.4,16.6,11.1,10.3,13.2,13.3,22.5,21.5,11.9,11.2,6.3,6.2,14.3,14.8,21.9,22.4,9,8.3,15.8,14.8,14.1,13.9,19.9,18.7,7.6,6.3,30.3,30.6,18,17.6,18.7,19.1,22.5,23.6,12.1,13,18.1,18.8,10.1,11,15.9,15.3,10.6,10.5,19.3,19.2,18.3,18.3,NA,NA,NA,NA,NA,NA,NA,NA,NA,NA,NA,NA,NA,NA,NA,NA,NA,NA,NA,NA,NA,NA,NA,NA,NA,NA,NA,NA,NA,NA,NA,NA,NA,NA,NA,NA,NA,NA,NA,NA,NA,NA,NA,NA,NA,NA,NA,NA,NA,NA,NA,NA,NA,NA
70. Children under 5 years who are severely wasted12 (%),6.5,6.1,9.8,9.5,9,8.9,5.9,5.8,0.9,0.9,4.2,4.4,11.3,10.9,4.7,4.4,0.8,0.8,1.8,2.2,9.2,8.2,1.6,1.5,5.9,5.4,6.1,6.5,11.7,11,1.4,1.3,11.7,11.3,6.1,6.1,6.1,6.3,11.6,12.7,3.9,4.4,4.9,5.3,1.9,2.4,6.7,6.2,2.7,2.7,5.3,5.3,7.5,8.1,NA,NA,NA,NA,NA,NA,NA,NA,NA,NA,NA,NA,NA,NA,NA,NA,NA,NA,NA,NA,NA,NA,NA,NA,NA,NA,NA,NA,NA,NA,NA,NA,NA,NA,NA,NA,NA,NA,NA,NA,NA,NA,NA,NA,NA,NA,NA,NA,NA,NA,NA,NA,NA,NA
71. Children under 5 years who are underweight11 (%),28.2,27.1,39.7,39,41.2,39.5,33.6,33.1,26.4,25.8,33,31.3,27.7,26.9,25.7,24.2,15.9,15.8,35,32.7,34.3,33,23.8,22.2,19.8,18.1,19.6,20.2,23.8,23.7,22.1,18.2,36.2,36.3,36.8,35.6,32.9,32.5,34.5,32.9,24.1,24.7,27.9,29.6,22.7,23.2,20.3,20,22.5,22.4,38.3,37.9,32.1,31.8,NA,NA,NA,NA,NA,NA,NA,NA,NA,NA,NA,NA,NA,NA,NA,NA,NA,NA,NA,NA,NA,NA,NA,NA,NA,NA,NA,NA,NA,NA,NA,NA,NA,NA,NA,NA,NA,NA,NA,NA,NA,NA,NA,NA,NA,NA,NA,NA,NA,NA,NA,NA,NA,NA
72. Women whose Body Mass Index (BMI) is below normal (BMI <18.5 kg/m2) (%),22.3,21.7,32.2,30.8,24.7,24.2,26.6,26.5,29.6,28.1,29.2,28.5,22,20.8,21.9,21,17.4,17.2,42,35.8,33.2,29.3,32.2,31,29.9,29.8,27,26.8,18.2,17.3,16,16.2,35.5,31.5,31.9,30.3,34.1,33.2,20.2,19.2,21.9,21.9,18.5,18.9,16.2,17.3,20.7,20.5,17.5,17.8,27.5,27.3,20.6,20,NA,NA,NA,NA,NA,NA,NA,NA,NA,NA,NA,NA,NA,NA,NA,NA,NA,NA,NA,NA,NA,NA,NA,NA,NA,NA,NA,NA,NA,NA,NA,NA,NA,NA,NA,NA,NA,NA,NA,NA,NA,NA,NA,NA,NA,NA,NA,NA,NA,NA,NA,NA,NA,NA
73. Men whose Body Mass Index (BMI) is below normal (BMI <18.5 kg/m2) (%),18.3,18.1,14.3,13.1,15.5,15.3,29.3,29.8,27.9,28.1,27.5,27.5,20.3,19.2,8.5,8,11.8,11.3,44.1,35.6,30.7,26,33.8,32.4,16.8,18.3,20.1,22.5,12.9,12.2,10.1,8.7,26.6,22.9,26.8,23.8,17.1,18.6,11.7,10.7,14.4,16.9,8.4,10.3,15.2,14.2,20.2,19.9,17.5,16.5,26.4,25.8,12.5,12.5,NA,NA,NA,NA,NA,NA,NA,NA,NA,NA,NA,NA,NA,NA,NA,NA,NA,NA,NA,NA,NA,NA,NA,NA,NA,NA,NA,NA,NA,NA,NA,NA,NA,NA,NA,NA,NA,NA,NA,NA,NA,NA,NA,NA,NA,NA,NA,NA,NA,NA,NA,NA,NA,NA
74. Women who are overweight or obese (BMI >=25.0 kg/m2) (%),10.4,11.9,6.1,9.4,9.6,11.6,11.5,12,9.9,11,14.8,17.1,11.1,12.9,13.4,15.5,11.9,12.4,7.7,12.6,10.6,14.9,12.1,13.9,7.8,10.6,11.8,12.8,12.5,13.8,9.3,14.5,6,7.7,9.2,10.5,6.1,7.4,12.3,13.4,15.3,15.6,13.3,14.6,27.5,26.3,17.1,17.7,15.1,15.2,9.1,9.6,9.4,10.1,NA,NA,NA,NA,NA,NA,NA,NA,NA,NA,NA,NA,NA,NA,NA,NA,NA,NA,NA,NA,NA,NA,NA,NA,NA,NA,NA,NA,NA,NA,NA,NA,NA,NA,NA,NA,NA,NA,NA,NA,NA,NA,NA,NA,NA,NA,NA,NA,NA,NA,NA,NA,NA,NA
75. Men who are overweight or obese (BMI >=25.0 kg/m2) (%),12,13.9,15.1,16.2,12.3,13.4,14.4,14.3,6.8,7.5,4.2,7,14.5,13.4,14.2,22.8,11.3,13.5,5.3,16,13.4,15.1,10.5,15.4,10.2,10.4,11.8,13.6,10.3,11.2,4.8,11.3,7.3,9.3,7.4,11.8,6.6,6.9,19.1,18.7,13.7,14.7,14.4,12.3,29.7,26.5,10.5,10.2,7.6,7.2,5.3,5.6,12.3,11.6,NA,NA,NA,NA,NA,NA,NA,NA,NA,NA,NA,NA,NA,NA,NA,NA,NA,NA,NA,NA,NA,NA,NA,NA,NA,NA,NA,NA,NA,NA,NA,NA,NA,NA,NA,NA,NA,NA,NA,NA,NA,NA,NA,NA,NA,NA,NA,NA,NA,NA,NA,NA,NA,NA
76. Children age 6-59 months who are anaemic (<11.0 g/dl) (%),41.4,40.4,43.3,42.6,38.1,36,30.2,30.2,39.3,38.2,36.5,35.4,27.8,27,30.9,31.8,39.4,38.9,49.1,42.6,52.5,52.6,35.8,33.5,39.1,38,34.2,33.3,25.8,24.6,31.6,28.9,31.9,30.9,24.8,24.6,29.4,29,33.1,34.5,36.8,35.6,33.9,33.7,32.9,34.5,46.1,45.3,38.9,39,45.8,45.4,40.6,39.7,NA,NA,NA,NA,NA,NA,NA,NA,NA,NA,NA,NA,NA,NA,NA,NA,NA,NA,NA,NA,NA,NA,NA,NA,NA,NA,NA,NA,NA,NA,NA,NA,NA,NA,NA,NA,NA,NA,NA,NA,NA,NA,NA,NA,NA,NA,NA,NA,NA,NA,NA,NA,NA,NA
77. Non-pregnant women age 15-49 years who are anaemic (<12.0 g/dl) (%),52,51.3,51.4,52.6,49.9,49,35.1,35.2,41.2,41,38.4,38.6,49.2,48.3,37.2,38.9,39.4,39.7,54,49.3,55.5,53.7,36.3,35.1,43.2,42.9,46.9,46,38.3,39.7,40.2,39.4,52.5,50.4,42.4,41.3,46.5,47.1,49.4,48.5,49.9,50.9,52.4,51.6,55,53.9,44.6,44.5,53.2,53.6,46.4,45.7,56.5,54.9,NA,NA,NA,NA,NA,NA,NA,NA,NA,NA,NA,NA,NA,NA,NA,NA,NA,NA,NA,NA,NA,NA,NA,NA,NA,NA,NA,NA,NA,NA,NA,NA,NA,NA,NA,NA,NA,NA,NA,NA,NA,NA,NA,NA,NA,NA,NA,NA,NA,NA,NA,NA,NA,NA
78. Pregnant women age 15-49 years who are anaemic (<11.0 g/dl) (%),38.3,42.2,49.5,50.4,67.4,65.8,NA,NA,49.6,47.8,32,28.9,50.8,50.9,41.5,40.7,44.3,42.6,60.5,59.1,NA,56,42.8,39.2,29.7,34.7,NA,22.4,32.1,31,44.8,48.1,65.3,66.1,56.3,57.5,48.2,49.6,44.4,39.9,33.7,34.7,40,37.1,NA,NA,38.6,36.8,46.8,46.8,34.4,33.9,50.2,50.2,NA,NA,NA,NA,NA,NA,*,*,NA,NA,NA,NA,NA,NA,NA,NA,NA,NA,NA,NA,*,NA,NA,NA,NA,NA,*,NA,NA,NA,NA,NA,NA,NA,NA,NA,NA,NA,NA,NA,NA,NA,NA,NA,*,*,NA,NA,NA,NA,NA,NA,NA,NA
79. All women age 15-49 years who are anaemic (%),51.6,51,51.3,52.5,50.9,49.7,35.2,35.5,41.6,41.4,38,38.1,49.3,48.4,37.4,39,39.6,39.8,54.2,49.6,55.6,53.7,36.5,35.2,42.8,42.6,46.5,45.5,37.8,39.1,40.4,39.8,53.2,51,43.2,42.2,46.6,47.2,49.2,48,49.3,50.3,52,51.1,54.8,53.8,44.4,44.1,53,53.4,45.8,45.1,56.3,54.8,NA,NA,NA,NA,NA,NA,NA,NA,NA,NA,NA,NA,NA,NA,NA,NA,NA,NA,NA,NA,NA,NA,NA,NA,NA,NA,NA,NA,NA,NA,NA,NA,NA,NA,NA,NA,NA,NA,NA,NA,NA,NA,NA,NA,NA,NA,NA,NA,NA,NA,NA,NA,NA,NA
80. Men age 15-49 years who are anaemic (<13.0 g/dl) (%),24.8,23.1,28.1,26.4,27.2,29,19.7,18.7,22.2,19.9,17.7,16.5,32.7,29.9,26.3,26.2,16.1,15.6,32,26.8,38,36.4,16.8,15.3,18.3,20.6,34.1,33.5,15.2,16.3,13,11.5,33.1,28.5,21.8,18.1,26.9,27.2,26.5,23.4,27.9,28,34.8,34.5,22.5,23.7,28.2,25.8,36,34.8,33.5,33.8,31.9,32.2,NA,NA,NA,NA,NA,NA,NA,NA,NA,NA,NA,NA,NA,NA,NA,NA,NA,NA,NA,NA,NA,NA,NA,NA,NA,NA,NA,NA,NA,NA,NA,NA,NA,NA,NA,NA,NA,NA,NA,NA,NA,NA,NA,NA,NA,NA,NA,NA,NA,NA,NA,NA,NA,NA
81. Blood sugar level - high (>140 mg/dl) (%),6.1,6.2,2.7,3.2,2.7,3.1,5.2,5.4,7.4,7.5,6.7,7.2,5.6,5.9,6.8,7.1,6,6.4,2.5,3.9,4,4.5,7.7,7.5,5.7,5.6,5.9,6.6,4.1,4.3,4.4,5,1.9,2,5,5.3,3.7,4.3,4.1,4.1,5.5,5.9,4.2,4,6.9,6.5,4.4,4.8,5.5,5.5,5.2,5.5,3.3,3.5,NA,NA,NA,NA,NA,NA,NA,NA,NA,NA,NA,NA,NA,NA,NA,NA,NA,NA,NA,NA,NA,NA,NA,NA,NA,NA,NA,NA,NA,NA,NA,NA,NA,NA,NA,NA,NA,NA,NA,NA,NA,NA,NA,NA,NA,NA,NA,NA,NA,NA,NA,NA,NA,NA
82. Blood sugar level - very high (>160 mg/dl) (%),1.8,1.8,0.5,1,1.3,1.7,2.8,2.9,3.8,3.9,3.2,3.5,2.8,3.2,2.7,2.7,2.2,2.4,1.4,2.1,1.8,2.2,3.4,3.4,2,2.2,2.2,2.8,1.6,1.9,0.6,1.4,0.7,0.8,2.2,2.4,1.8,2.3,2,1.9,2,2.2,2.3,2.2,4,3.7,2,2.3,2.5,2.5,2,2.3,1.1,1.1,NA,NA,NA,NA,NA,NA,NA,NA,NA,NA,NA,NA,NA,NA,NA,NA,NA,NA,NA,NA,NA,NA,NA,NA,NA,NA,NA,NA,NA,NA,NA,NA,NA,NA,NA,NA,NA,NA,NA,NA,NA,NA,NA,NA,NA,NA,NA,NA,NA,NA,NA,NA,NA,NA
83. Blood sugar level - high (>140 mg/dl) (%),5.3,7.8,3.8,3.5,5,4.3,6.3,6.3,9.5,8.2,6.2,6.2,6.8,8.2,11.9,12.6,9.8,10.3,6.8,8.6,7.3,7.2,6.9,8.1,8.3,8,14.7,13.8,9.4,8.8,7,4.6,0.8,1.4,3.2,4,3.7,3.9,5.6,5.9,7.3,7.1,2.2,2.8,4.5,4.3,3.8,5,7.4,7,9.1,9.1,7.5,7,NA,NA,NA,NA,NA,NA,NA,NA,NA,NA,NA,NA,NA,NA,NA,NA,NA,NA,NA,NA,NA,NA,NA,NA,NA,NA,NA,NA,NA,NA,NA,NA,NA,NA,NA,NA,NA,NA,NA,NA,NA,NA,NA,NA,NA,NA,NA,NA,NA,NA,NA,NA,NA,NA
84. Blood sugar level - very high (>160 mg/dl) (%),2.7,3.9,1.9,1.7,2.8,2.4,1.8,2.4,6,5.2,1.7,2.3,6,6,5.9,5.8,3.3,4.1,4.6,5.9,3.2,3.2,0.8,2.3,3.1,3.5,6.2,6.3,3.6,3.7,2,1.3,0.8,0.7,1.6,2.7,1.5,1.3,1.9,2.2,1,0.9,1,0.9,4.5,4.3,2.2,3.1,4.9,4.6,4.5,4.9,4.1,3.8,NA,NA,NA,NA,NA,NA,NA,NA,NA,NA,NA,NA,NA,NA,NA,NA,NA,NA,NA,NA,NA,NA,NA,NA,NA,NA,NA,NA,NA,NA,NA,NA,NA,NA,NA,NA,NA,NA,NA,NA,NA,NA,NA,NA,NA,NA,NA,NA,NA,NA,NA,NA,NA,NA
85. Slightly above normal (Systolic 140-159 mm of Hg and/or Diastolic 90-99 mm of Hg) (%),13.6,14,9.9,10.5,11,12.3,16.8,16.5,11.5,11.6,12.3,11.9,9.6,10.4,14.7,15,12.1,12.6,10.6,11.5,11.6,12.6,13.1,13.1,11.7,12.3,12.5,12.2,13.2,13,9.5,9.3,7.7,8.2,8.8,10,7,7.2,14,14.1,17.5,16.7,9,9.3,10.5,10,13.7,13.6,13.2,13.2,7.8,8.1,11.2,11.7,NA,NA,NA,NA,NA,NA,NA,NA,NA,NA,NA,NA,NA,NA,NA,NA,NA,NA,NA,NA,NA,NA,NA,NA,NA,NA,NA,NA,NA,NA,NA,NA,NA,NA,NA,NA,NA,NA,NA,NA,NA,NA,NA,NA,NA,NA,NA,NA,NA,NA,NA,NA,NA,NA
86. Moderately high (Systolic 160-179 mm of Hg and/or Diastolic 100-109 mm of Hg) (%),3.5,3.7,1.8,2.1,2.8,2.4,3.1,3.4,3.5,3.5,4.4,3.9,3,2.9,4.2,4.5,3.2,3.1,2.7,2.8,2.9,3,4.4,4.8,2.2,2.2,4.1,4,2.9,2.9,2.2,1.9,2.1,1.9,2.3,2.4,1.8,2.1,2.7,3.2,4.3,4.3,2.4,2.4,0.9,1.2,3.7,3.6,3.5,3.5,2.7,2.7,3.7,3.6,NA,NA,NA,NA,NA,NA,NA,NA,NA,NA,NA,NA,NA,NA,NA,NA,NA,NA,NA,NA,NA,NA,NA,NA,NA,NA,NA,NA,NA,NA,NA,NA,NA,NA,NA,NA,NA,NA,NA,NA,NA,NA,NA,NA,NA,NA,NA,NA,NA,NA,NA,NA,NA,NA
87. Very high (Systolic ?180 mm of Hg and/or Diastolic ?110 mm of Hg) (%),1.8,2.1,0.8,1.1,0.8,0.8,1.5,1.5,1.3,1.3,1.2,1.4,1.3,1.4,1.1,1,1.6,1.6,2.7,2.5,1.2,1.2,1.5,1.5,1.2,1.2,1.6,1.5,1,1.2,1.9,1.6,1.1,1.2,0.8,0.8,0.7,0.9,1.1,1.2,1.5,1.4,1.1,1,1.4,1.3,1,1.3,1.9,1.8,1.1,1,1.2,1.1,NA,NA,NA,NA,NA,NA,NA,NA,NA,NA,NA,NA,NA,NA,NA,NA,NA,NA,NA,NA,NA,NA,NA,NA,NA,NA,NA,NA,NA,NA,NA,NA,NA,NA,NA,NA,NA,NA,NA,NA,NA,NA,NA,NA,NA,NA,NA,NA,NA,NA,NA,NA,NA,NA
88. Slightly above normal (Systolic 140-159 mm of Hg and/or Diastolic 90-99 mm of Hg) (%),21.1,20.5,6.6,6.8,9.4,13.9,22.4,22.8,10.8,10.7,7,7.8,15.4,18,22.6,21.3,14.2,15.3,18.8,20.4,21.2,19.1,16.2,16.4,16,16.9,17,16.6,14.2,14.5,15.2,14.1,12.9,14.6,8.7,13.3,8.2,8.3,20.7,18.8,22.4,22,9.7,9.6,10.5,12.4,9.8,10.3,19.5,20.4,8.5,8.6,20.4,20.7,NA,NA,NA,NA,NA,NA,NA,NA,NA,NA,NA,NA,NA,NA,NA,NA,NA,NA,NA,NA,NA,NA,NA,NA,NA,NA,NA,NA,NA,NA,NA,NA,NA,NA,NA,NA,NA,NA,NA,NA,NA,NA,NA,NA,NA,NA,NA,NA,NA,NA,NA,NA,NA,NA
89. Moderately high (Systolic 160-179 mm of Hg and/or Diastolic 100-109 mm of Hg) (%),5.6,6.6,1.9,1.7,1.4,1.2,6.3,7.1,3.4,3.6,1.7,1.8,0.9,0.8,3.6,4.6,3.3,3.1,3.7,5,1.5,2.8,4.6,5.1,3.9,4.2,1.5,2.9,0.7,1.8,0,2.2,0.7,1.9,3.6,3,0.7,0.6,5.3,6.5,3.6,3.7,1.1,0.9,1.5,2,5.2,4.6,1.8,1.7,2.3,2.8,6.3,5.9,NA,NA,NA,NA,NA,NA,NA,NA,NA,NA,NA,NA,NA,NA,NA,NA,NA,NA,NA,NA,NA,NA,NA,NA,NA,NA,NA,NA,NA,NA,NA,NA,NA,NA,NA,NA,NA,NA,NA,NA,NA,NA,NA,NA,NA,NA,NA,NA,NA,NA,NA,NA,NA,NA
90. Very high (Systolic ?180 mm of Hg and/or Diastolic ?110 mm of Hg) (%),1,0.9,0,0,0.7,0.6,1.7,1.5,0.9,0.8,0,0.8,5,4.4,0.9,1.6,1.7,1.6,0.7,0.5,1.8,1.5,0.7,1.2,3.6,3.1,1,0.9,2.9,3,4,3.3,0,0.7,4.3,4.2,0.7,0.6,0.9,0.7,2.7,2.3,0,0,0,1.7,2.3,2,3.6,3.4,1.5,1.4,2.8,2.6,NA,NA,NA,NA,NA,NA,NA,NA,NA,NA,NA,NA,NA,NA,NA,NA,NA,NA,NA,NA,NA,NA,NA,NA,NA,NA,NA,NA,NA,NA,NA,NA,NA,NA,NA,NA,NA,NA,NA,NA,NA,NA,NA,NA,NA,NA,NA,NA,NA,NA,NA,NA,NA,NA
91. Cervix (%),6.3,6.2,8.2,7.5,4.8,4.1,1.1,1,6.4,6.9,1.7,2,1.9,1.8,1.7,2.3,6.5,6.7,8.5,7.9,4,4.3,9.1,9.5,5.1,4.9,4.1,4.4,1.6,1.6,3.1,2.9,8.2,9.6,12.6,11.5,10,9.3,7.5,7.5,0.5,0.5,5.6,5.3,8.5,7.6,4.1,3.8,5.7,5.9,1.8,2.1,2.9,2.8,NA,NA,NA,NA,NA,NA,NA,NA,NA,NA,NA,NA,NA,NA,NA,NA,NA,NA,NA,NA,NA,NA,NA,NA,NA,NA,NA,NA,NA,NA,NA,NA,NA,NA,NA,NA,NA,NA,NA,NA,NA,NA,NA,NA,NA,NA,NA,NA,NA,NA,NA,NA,NA,NA
92. Breast (%),2.2,2.2,6.2,6.6,8.2,7.4,8,7.4,4.2,5.5,1.4,1.5,4.4,4.3,2,2.5,6.7,6.4,10.1,8.8,4.7,4.6,8.7,9.4,5.7,5.3,2.1,2.4,1.2,1.4,5.7,4.2,2.6,2.7,5.6,5.1,6.2,5.7,4.2,3.6,6.2,6.2,7.7,7.7,12.2,10.4,2.7,2.6,7.1,7.2,9,8.7,1.2,1.1,NA,NA,NA,NA,NA,NA,NA,NA,NA,NA,NA,NA,NA,NA,NA,NA,NA,NA,NA,NA,NA,NA,NA,NA,NA,NA,NA,NA,NA,NA,NA,NA,NA,NA,NA,NA,NA,NA,NA,NA,NA,NA,NA,NA,NA,NA,NA,NA,NA,NA,NA,NA,NA,NA
93. Oral cavity (%),1.9,1.9,6.8,7.5,6.8,6.2,6.2,5.9,5.4,6.2,2,1.9,3.1,3.5,3,3.3,8.1,8,8.9,8.9,2.7,3.7,10.6,10.8,5.2,4.7,3,3.8,2.6,2.6,6.6,7.4,8,10.1,10.5,9.6,10.4,9.5,2.3,2.2,6.4,6.4,9,9.4,9.5,7.9,4,4.1,2.7,2.8,11.5,11,1.7,2,NA,NA,NA,NA,NA,NA,NA,NA,NA,NA,NA,NA,NA,NA,NA,NA,NA,NA,NA,NA,NA,NA,NA,NA,NA,NA,NA,NA,NA,NA,NA,NA,NA,NA,NA,NA,NA,NA,NA,NA,NA,NA,NA,NA,NA,NA,NA,NA,NA,NA,NA,NA,NA,NA
