Residence (District),Thiruvallur - Urban,Thiruvallur - Rural,Thiruvallur - Total,Chennai - Urban,Chennai - Total,Kancheepuram - Urban,Kancheepuram - Rural,Kancheepuram - Total,Vellore - Urban,Vellore - Rural,Vellore - Total,Tiruvannamalai - Rural,Tiruvannamalai - Total,Viluppuram - Rural,Viluppuram - Total,Salem - Urban,Salem - Rural,Salem - Total,Namakkal - Urban,Namakkal - Rural,Namakkal - Total,Erode - Urban,Erode - Rural,Erode - Total,The Nilgiris - Urban,The Nilgiris - Rural,The Nilgiris - Total,Dindigul - Urban,Dindigul - Rural,Dindigul - Total,Karur - Urban,Karur - Rural,Karur - Total,Tiruchirappalli - Urban,Tiruchirappalli - Rural,Tiruchirappalli - Total,Perambalur - Rural,Perambalur - Total,Ariyalur - Rural,Ariyalur - Total,Cuddalore - Urban,Cuddalore - Rural,Cuddalore - Total,Nagapattinam - Rural,Nagapattinam - Total,Thiruvarur - Rural,Thiruvarur - Total,Thanjavur - Urban,Thanjavur - Rural,Thanjavur - Total,Pudukkottai - Rural,Pudukkottai - Total,Sivaganga - Urban,Sivaganga - Rural,Sivaganga - Total,Madurai - Urban,Madurai - Rural,Madurai - Total,Theni - Urban,Theni - Rural,Theni - Total,Virudhunagar - Urban,Virudhunagar - Rural,Virudhunagar - Total,Ramanathapuram - Urban,Ramanathapuram - Rural,Ramanathapuram - Total,Thoothukkudi - Urban,Thoothukkudi - Rural,Thoothukkudi - Total,Tirunelveli - Urban,Tirunelveli - Rural,Tirunelveli - Total,Kanniyakumari - Urban,Kanniyakumari - Total,Dharmapuri - Rural,Dharmapuri - Total,Krishnagiri - Rural,Krishnagiri - Total,Coimbatore - Urban,Coimbatore - Total,Tiruppur - Urban,Tiruppur - Rural,Tiruppur - Total,Note of Thiruvallur - Urban,Note of Thiruvallur - Rural,Note of Thiruvallur - Total,Note of Chennai - Urban,Note of Chennai - Total,Note of Kancheepuram - Urban,Note of Kancheepuram - Rural,Note of Kancheepuram - Total,Note of Vellore - Urban,Note of Vellore - Rural,Note of Vellore - Total,Note of Tiruvannamalai - Rural,Note of Tiruvannamalai - Total,Note of Viluppuram - Rural,Note of Viluppuram - Total,Note of Salem - Urban,Note of Salem - Rural,Note of Salem - Total,Note of Namakkal - Urban,Note of Namakkal - Rural,Note of Namakkal - Total,Note of Erode - Urban,Note of Erode - Rural,Note of Erode - Total,Note of The Nilgiris - Urban,Note of The Nilgiris - Rural,Note of The Nilgiris - Total,Note of Dindigul - Urban,Note of Dindigul - Rural,Note of Dindigul - Total,Note of Karur - Urban,Note of Karur - Rural,Note of Karur - Total,Note of Tiruchirappalli - Urban,Note of Tiruchirappalli - Rural,Note of Tiruchirappalli - Total,Note of Perambalur - Rural,Note of Perambalur - Total,Note of Ariyalur - Rural,Note of Ariyalur - Total,Note of Cuddalore - Urban,Note of Cuddalore - Rural,Note of Cuddalore - Total,Note of Nagapattinam - Rural,Note of Nagapattinam - Total,Note of Thiruvarur - Rural,Note of Thiruvarur - Total,Note of Thanjavur - Urban,Note of Thanjavur - Rural,Note of Thanjavur - Total,Note of Pudukkottai - Rural,Note of Pudukkottai - Total,Note of Sivaganga - Urban,Note of Sivaganga - Rural,Note of Sivaganga - Total,Note of Madurai - Urban,Note of Madurai - Rural,Note of Madurai - Total,Note of Theni - Urban,Note of Theni - Rural,Note of Theni - Total,Note of Virudhunagar - Urban,Note of Virudhunagar - Rural,Note of Virudhunagar - Total,Note of Ramanathapuram - Urban,Note of Ramanathapuram - Rural,Note of Ramanathapuram - Total,Note of Thoothukkudi - Urban,Note of Thoothukkudi - Rural,Note of Thoothukkudi - Total,Note of Tirunelveli - Urban,Note of Tirunelveli - Rural,Note of Tirunelveli - Total,Note of Kanniyakumari - Urban,Note of Kanniyakumari - Total,Note of Dharmapuri - Rural,Note of Dharmapuri - Total,Note of Krishnagiri - Rural,Note of Krishnagiri - Total,Note of Coimbatore - Urban,Note of Coimbatore - Total,Note of Tiruppur - Urban,Note of Tiruppur - Rural,Note of Tiruppur - Total
Households surveyed,406,411,817,819,819,411,414,825,412,411,823,647,819,704,836,411,418,829,410,416,826,418,417,835,415,414,829,416,417,833,402,408,810,383,402,785,667,821,728,814,402,414,816,625,818,648,814,402,397,799,664,813,411,412,823,388,398,786,405,403,808,396,397,793,352,383,735,401,398,799,387,386,773,662,813,673,825,633,830,637,834,416,417,833,NA,NA,NA,NA,NA,NA,NA,NA,NA,NA,NA,NA,NA,NA,NA,NA,NA,NA,NA,NA,NA,NA,NA,NA,NA,NA,NA,NA,NA,NA,NA,NA,NA,NA,NA,NA,NA,NA,NA,NA,NA,NA,NA,NA,NA,NA,NA,NA,NA,NA,NA,NA,NA,NA,NA,NA,NA,NA,NA,NA,NA,NA,NA,NA,NA,NA,NA,NA,NA,NA,NA,NA,NA,NA,NA,NA,NA,NA,NA,NA,NA,NA,NA,NA
Women age 15-49 years interviewed,438,473,911,928,928,454,504,958,508,446,954,728,916,821,992,487,501,988,450,451,901,500,503,1003,492,481,973,474,521,995,483,490,973,384,401,785,740,912,709,806,468,493,961,735,935,699,887,426,442,868,726,912,443,433,876,413,383,796,391,401,792,359,379,738,384,393,777,410,351,761,359,350,709,682,836,760,965,847,1120,746,1009,447,436,883,NA,NA,NA,NA,NA,NA,NA,NA,NA,NA,NA,NA,NA,NA,NA,NA,NA,NA,NA,NA,NA,NA,NA,NA,NA,NA,NA,NA,NA,NA,NA,NA,NA,NA,NA,NA,NA,NA,NA,NA,NA,NA,NA,NA,NA,NA,NA,NA,NA,NA,NA,NA,NA,NA,NA,NA,NA,NA,NA,NA,NA,NA,NA,NA,NA,NA,NA,NA,NA,NA,NA,NA,NA,NA,NA,NA,NA,NA,NA,NA,NA,NA,NA,NA
Men age 15-49 years interviewed,82,106,188,126,126,95,80,175,105,73,178,114,151,133,162,92,81,173,91,78,169,85,78,163,97,88,185,81,92,173,87,71,158,70,72,142,99,140,107,133,85,80,165,116,137,99,132,74,70,144,92,126,55,59,114,74,57,131,63,63,126,53,57,110,57,42,99,83,42,125,62,48,110,99,135,137,172,149,200,141,183,86,84,170,NA,NA,NA,NA,NA,NA,NA,NA,NA,NA,NA,NA,NA,NA,NA,NA,NA,NA,NA,NA,NA,NA,NA,NA,NA,NA,NA,NA,NA,NA,NA,NA,NA,NA,NA,NA,NA,NA,NA,NA,NA,NA,NA,NA,NA,NA,NA,NA,NA,NA,NA,NA,NA,NA,NA,NA,NA,NA,NA,NA,NA,NA,NA,NA,NA,NA,NA,NA,NA,NA,NA,NA,NA,NA,NA,NA,NA,NA,NA,NA,NA,NA,NA,NA
1. Population (female) age 6+ years who ever attended school (%),87.9,71.1,82.2,88.7,88.7,87,73.7,82.5,78.4,72.6,75.5,66.9,70.2,67.3,69.6,78,66.7,72.2,77.6,71.5,74.1,77.5,68.3,73.2,83.3,79.5,81.7,78.8,69.4,73,81,69,73.9,83,75.3,79,69.3,72.5,68.5,69.1,81.3,74,76.6,75.7,78.2,78.6,80.8,83.4,73.9,77.2,69.6,72.5,89.5,71.6,76.9,87.3,69,80.9,73.3,66.3,70.6,79,64.3,71.4,82.5,71.2,74.7,84.7,74.8,79.8,79.4,69.5,74.6,91.8,92.2,66.7,69.9,68.1,72.6,81.9,78.8,79.1,68.4,75.2,NA,NA,NA,NA,NA,NA,NA,NA,NA,NA,NA,NA,NA,NA,NA,NA,NA,NA,NA,NA,NA,NA,NA,NA,NA,NA,NA,NA,NA,NA,NA,NA,NA,NA,NA,NA,NA,NA,NA,NA,NA,NA,NA,NA,NA,NA,NA,NA,NA,NA,NA,NA,NA,NA,NA,NA,NA,NA,NA,NA,NA,NA,NA,NA,NA,NA,NA,NA,NA,NA,NA,NA,NA,NA,NA,NA,NA,NA,NA,NA,NA,NA,NA,NA
2. Population below age 15 years (%),20.5,23.8,21.6,22.2,22.2,21.1,22.1,21.5,25.5,25.8,25.7,24.7,23.4,26.8,26.8,22.4,23.2,22.8,19.9,21.4,20.7,21.7,20.7,21.3,22.8,18.7,21.2,21.3,24.5,23.3,23.2,24.2,23.8,22,24.9,23.5,24.5,24.2,23.8,24,23.8,26.4,25.5,24.6,24,25.2,25.2,23.4,23.8,23.6,25.5,25.4,24.6,24,24.2,23.9,23.4,23.8,23.5,22.8,23.2,20.5,24.7,22.6,23.9,26.5,25.7,24.7,24,24.3,21.6,22.5,22,23.8,24.2,23.3,22.9,25.2,24.3,21.4,20.9,23,20.8,22.2,NA,NA,NA,NA,NA,NA,NA,NA,NA,NA,NA,NA,NA,NA,NA,NA,NA,NA,NA,NA,NA,NA,NA,NA,NA,NA,NA,NA,NA,NA,NA,NA,NA,NA,NA,NA,NA,NA,NA,NA,NA,NA,NA,NA,NA,NA,NA,NA,NA,NA,NA,NA,NA,NA,NA,NA,NA,NA,NA,NA,NA,NA,NA,NA,NA,NA,NA,NA,NA,NA,NA,NA,NA,NA,NA,NA,NA,NA,NA,NA,NA,NA,NA,NA
3. Sex ratio of the total population (females per 1000 males),960,1021,980,1032,1032,987,922,964,1014,1060,1037,1014,1011,1032,1046,976,1023,1000,1028,995,1008,1011,990,1001,1079,1025,1056,1001,1030,1019,1008,1092,1056,986,1111,1048,1111,1131,1056,1048,1081,999,1026,1077,1071,1063,1072,1093,1041,1059,1099,1087,1162,1212,1197,974,1072,1007,980,1073,1013,1048,1108,1079,1051,1125,1101,1090,1186,1135,1146,1102,1124,1099,1110,998,1018,1010,1009,980,994,979,1000,986,NA,NA,NA,NA,NA,NA,NA,NA,NA,NA,NA,NA,NA,NA,NA,NA,NA,NA,NA,NA,NA,NA,NA,NA,NA,NA,NA,NA,NA,NA,NA,NA,NA,NA,NA,NA,NA,NA,NA,NA,NA,NA,NA,NA,NA,NA,NA,NA,NA,NA,NA,NA,NA,NA,NA,NA,NA,NA,NA,NA,NA,NA,NA,NA,NA,NA,NA,NA,NA,NA,NA,NA,NA,NA,NA,NA,NA,NA,NA,NA,NA,NA,NA,NA
4. Sex ratio at birth for children born in the last five years (females per 1000 males),688,1170,855,1531,1531,1214,893,1087,904,1404,1113,825,845,777,819,955,817,872,949,850,888,1100,758,932,980,891,949,768,1208,1047,904,1035,983,1063,979,1017,878,906,844,847,708,791,766,989,884,989,922,839,830,833,951,999,968,1146,1097,705,765,726,1314,1065,1206,981,923,948,647,768,732,925,1315,1087,1036,1061,1050,1046,1129,916,951,834,742,753,798,1065,1070,1066,NA,NA,NA,NA,NA,NA,NA,NA,NA,NA,NA,NA,NA,NA,NA,NA,NA,NA,NA,NA,NA,NA,NA,NA,NA,NA,NA,NA,NA,NA,NA,NA,NA,NA,NA,NA,NA,NA,NA,NA,NA,NA,NA,NA,NA,NA,NA,NA,NA,NA,NA,NA,NA,NA,NA,NA,NA,NA,NA,NA,NA,NA,NA,NA,NA,NA,NA,NA,NA,NA,NA,NA,NA,NA,NA,NA,NA,NA,NA,NA,NA,NA,NA,NA
5. Children under age 5 years whose birth was registered (%),90.9,98.5,94,98.9,98.9,100,98.6,99.5,99.4,100,99.7,99,98.8,100,100,100,100,100,100,99,99.4,98.7,99.2,98.9,100,99.1,99.7,100,93.3,95.6,100,100,100,100,98.6,99.2,98.9,98.6,98.4,97.5,98.6,97.7,98,99.4,99.5,97.4,97.9,99.1,93.4,95.4,100,100,96.9,98.4,98.1,98.1,98,98.1,98.2,100,98.9,96.6,100,98.5,99,97.8,98.1,95,95.2,95.1,100,88.9,93.5,100,100,98.8,99,100,98.9,97.2,97.2,100,100,100,NA,NA,NA,NA,NA,NA,NA,NA,NA,NA,NA,NA,NA,NA,NA,NA,NA,NA,NA,NA,NA,NA,NA,NA,NA,NA,NA,NA,NA,NA,NA,NA,NA,NA,NA,NA,NA,NA,NA,NA,NA,NA,NA,NA,NA,NA,NA,NA,NA,NA,NA,NA,NA,NA,NA,NA,NA,NA,NA,NA,NA,NA,NA,NA,NA,NA,NA,NA,NA,NA,NA,NA,NA,NA,NA,NA,NA,NA,NA,NA,NA,NA,NA,NA
6. Households with electricity (%),98.9,99,98.9,99.6,99.6,99.8,99.5,99.7,99.8,99.3,99.5,98.7,98.8,99.4,99.3,100,98,99,99.4,99.4,99.4,98.9,97.9,98.4,96.8,97.8,97.2,98.2,96.3,97.1,99.5,98.1,98.7,99.7,98.1,98.9,98.7,98.8,98.5,98.3,98.5,99,98.9,98,98.4,97.1,97,99.3,95.7,97,96.6,97,99,98.1,98.3,98.9,98.7,98.8,96.6,98.8,97.4,99.5,97.6,98.6,98.4,98.1,98.2,98.8,97.6,98.2,99.5,98.7,99.1,99.3,99.3,97.9,98.4,98.9,99,98.8,98.7,99.6,99.3,99.5,NA,NA,NA,NA,NA,NA,NA,NA,NA,NA,NA,NA,NA,NA,NA,NA,NA,NA,NA,NA,NA,NA,NA,NA,NA,NA,NA,NA,NA,NA,NA,NA,NA,NA,NA,NA,NA,NA,NA,NA,NA,NA,NA,NA,NA,NA,NA,NA,NA,NA,NA,NA,NA,NA,NA,NA,NA,NA,NA,NA,NA,NA,NA,NA,NA,NA,NA,NA,NA,NA,NA,NA,NA,NA,NA,NA,NA,NA,NA,NA,NA,NA,NA,NA
7. Households with an improved drinking-water source1 (%),79.7,97.2,85.3,77.4,77.4,73.6,88.6,78.6,79.2,93.3,86.6,97.5,96.4,96.8,96.2,95.7,90.7,93.2,83.7,98.6,92.4,95.5,99.7,97.5,92.1,98.8,94.9,92,99.3,96.4,96.3,96.6,96.4,96.1,98.3,97.2,92.1,89.1,96.8,96.6,95.3,98.5,97.4,94.5,91.4,98.4,97.8,97.8,99,98.6,82.8,84.7,93.3,84.1,86.9,79.1,77.8,78.6,94.8,98.6,96.2,81.6,86.4,84,55.5,85,76.2,91,94.3,92.7,98,96.9,97.4,91.1,91.9,97.4,97.2,96.7,92,95.6,95.7,97.1,98.5,97.6,NA,NA,NA,NA,NA,NA,NA,NA,NA,NA,NA,NA,NA,NA,NA,NA,NA,NA,NA,NA,NA,NA,NA,NA,NA,NA,NA,NA,NA,NA,NA,NA,NA,NA,NA,NA,NA,NA,NA,NA,NA,NA,NA,NA,NA,NA,NA,NA,NA,NA,NA,NA,NA,NA,NA,NA,NA,NA,NA,NA,NA,NA,NA,NA,NA,NA,NA,NA,NA,NA,NA,NA,NA,NA,NA,NA,NA,NA,NA,NA,NA,NA,NA,NA
8. Households using improved sanitation facility2 (%),78.9,40.6,66.6,82.3,82.3,77.7,48.3,68,70.9,37.6,53.4,21.2,31,25.1,32.4,59.6,33.2,46.2,56.8,44.5,49.6,71.9,48.8,61.1,61.3,65.5,63,58.1,32.4,42.6,67.2,33.2,47.9,62.3,31.4,46.5,29.9,37.2,26.2,28.1,65.8,24,38.6,32.4,43.1,38.6,45.2,71.8,33.1,46.9,25,35.2,73.3,36.4,47.6,67.1,31.4,54.4,54.9,33.7,47,54.2,18.8,36.5,71,34.6,45.4,65.7,35.7,50.4,54.6,37,45.8,86.1,85.6,29.1,37.7,29.9,43.8,63.7,57.6,57.5,40.8,51.6,NA,NA,NA,NA,NA,NA,NA,NA,NA,NA,NA,NA,NA,NA,NA,NA,NA,NA,NA,NA,NA,NA,NA,NA,NA,NA,NA,NA,NA,NA,NA,NA,NA,NA,NA,NA,NA,NA,NA,NA,NA,NA,NA,NA,NA,NA,NA,NA,NA,NA,NA,NA,NA,NA,NA,NA,NA,NA,NA,NA,NA,NA,NA,NA,NA,NA,NA,NA,NA,NA,NA,NA,NA,NA,NA,NA,NA,NA,NA,NA,NA,NA,NA,NA
9. Households using clean fuel for cooking3 (%),93.3,71.6,86.3,96.7,96.7,94.7,70.6,86.7,89.7,67.8,78.2,57.8,63.8,53.4,57.5,83.3,70,76.6,90.1,81.9,85.3,94.3,79.6,87.4,70.7,68.7,69.9,82.2,55.6,66.2,89.8,68.3,77.6,91.3,51.7,71.1,58,63.8,44.4,44.7,71.4,42.9,52.8,48.3,58.2,33.5,44.2,73.4,33,47.3,27.7,38.9,84.6,43,55.7,85.8,57.8,75.8,77.9,65.2,73.3,87,59.5,73.3,84.4,42.5,55,79.8,57,68.2,80.2,64.4,72.3,60.9,59.7,66.9,71.8,50.5,62.4,90.3,85.1,94,84.2,90.5,NA,NA,NA,NA,NA,NA,NA,NA,NA,NA,NA,NA,NA,NA,NA,NA,NA,NA,NA,NA,NA,NA,NA,NA,NA,NA,NA,NA,NA,NA,NA,NA,NA,NA,NA,NA,NA,NA,NA,NA,NA,NA,NA,NA,NA,NA,NA,NA,NA,NA,NA,NA,NA,NA,NA,NA,NA,NA,NA,NA,NA,NA,NA,NA,NA,NA,NA,NA,NA,NA,NA,NA,NA,NA,NA,NA,NA,NA,NA,NA,NA,NA,NA,NA
10. Households using iodized salt (%),96.5,85.3,92.9,96.4,96.4,94.4,84.4,91.1,91.5,83,87,69.8,72.2,86.6,87,91,85.7,88.3,88.5,89.4,89,92.5,81.4,87.3,87.8,86.3,87.2,86,78.3,81.3,91.5,87,89,87.6,73,80.2,81.1,84,63.2,62.8,80.8,69.7,73.6,77.9,79.8,73.4,76,86.7,74,78.5,82.3,85.1,82.6,58.9,66.3,87.2,71.9,81.8,68.2,49.2,61.2,67.5,58,62.8,84.1,60.5,67.5,79.5,55.6,67.7,63.9,44.7,54.9,90,88.9,77.9,81.3,78.4,82.6,91.1,90.7,95.6,88.5,93.1,NA,NA,NA,NA,NA,NA,NA,NA,NA,NA,NA,NA,NA,NA,NA,NA,NA,NA,NA,NA,NA,NA,NA,NA,NA,NA,NA,NA,NA,NA,NA,NA,NA,NA,NA,NA,NA,NA,NA,NA,NA,NA,NA,NA,NA,NA,NA,NA,NA,NA,NA,NA,NA,NA,NA,NA,NA,NA,NA,NA,NA,NA,NA,NA,NA,NA,NA,NA,NA,NA,NA,NA,NA,NA,NA,NA,NA,NA,NA,NA,NA,NA,NA,NA
11. Households with any usual member covered by a health scheme or health insurance (%),63.3,64.7,63.7,56.8,56.8,52.1,55.5,53.2,66.2,76.8,71.8,62.9,59,83.7,84.3,78.4,78.5,78.4,57.1,57.7,57.4,58.3,62.8,60.4,70.6,73.5,71.8,65.9,67.1,66.7,70.7,83.5,77.9,56.8,69.7,63.4,82.7,81.2,64.3,63.3,65.5,77.3,73.2,54.7,52.4,78.8,76.4,62.5,73.4,69.5,78.9,77.1,57.9,69,65.7,45.7,59.1,50.5,53.7,53.4,53.6,40.8,50.2,45.5,50.3,63.2,59.3,37.7,58.5,48.3,48,60.8,54.3,56.6,54.9,72.2,70.8,75.6,73.2,73.9,76,57.8,71,62.5,NA,NA,NA,NA,NA,NA,NA,NA,NA,NA,NA,NA,NA,NA,NA,NA,NA,NA,NA,NA,NA,NA,NA,NA,NA,NA,NA,NA,NA,NA,NA,NA,NA,NA,NA,NA,NA,NA,NA,NA,NA,NA,NA,NA,NA,NA,NA,NA,NA,NA,NA,NA,NA,NA,NA,NA,NA,NA,NA,NA,NA,NA,NA,NA,NA,NA,NA,NA,NA,NA,NA,NA,NA,NA,NA,NA,NA,NA,NA,NA,NA,NA,NA,NA
12. Women who are literate (%),89.7,75.6,85,90.2,90.2,87.2,73.3,82.2,82,77.4,79.7,69,71.6,67.1,69.5,82.2,71.4,76.7,79.7,74.6,76.8,78.6,67.1,73.2,85.8,85.7,85.8,84.2,68.5,74.4,85.6,76.7,80.5,87.7,79.6,83.6,73.1,76.4,68,69,85.1,74.4,78.1,77.1,80.5,81.4,82.9,83.5,78.2,80.1,75.2,78.6,90.3,78.8,82.3,86.3,71,81.2,77.7,71.6,75.4,80.7,62.3,71.3,84.8,74.1,77.4,86.2,72.9,79.9,82.9,72.1,77.7,95.2,95.4,70.8,74.5,66.5,71.8,83.2,80.5,80.5,69.7,76.7,NA,NA,NA,NA,NA,NA,NA,NA,NA,NA,NA,NA,NA,NA,NA,NA,NA,NA,NA,NA,NA,NA,NA,NA,NA,NA,NA,NA,NA,NA,NA,NA,NA,NA,NA,NA,NA,NA,NA,NA,NA,NA,NA,NA,NA,NA,NA,NA,NA,NA,NA,NA,NA,NA,NA,NA,NA,NA,NA,NA,NA,NA,NA,NA,NA,NA,NA,NA,NA,NA,NA,NA,NA,NA,NA,NA,NA,NA,NA,NA,NA,NA,NA,NA
13. Men who are literate (%),94.8,84.3,91.1,96.7,96.7,95.8,85.6,92.6,87.4,83.4,85.5,87.1,89.3,71.6,72.7,80.9,89.4,85,92,93,92.5,89,86.8,88,89.1,93.8,90.6,90.2,83.8,85.9,91.4,80.4,85.4,89.4,86.9,88.2,84.6,87.1,89.7,88.9,94.7,92.1,93,87.9,89.4,91,92.6,90.9,84.4,86.8,88,89,91.2,91.3,91.3,92.7,91.8,92.4,89,81.9,86.3,92.5,87.3,89.9,84.6,89.5,88,85.2,83.4,84.6,100,91.2,96,91.4,92.4,85.1,84.7,81.1,84.7,94,92.9,85.9,92.3,88.3,NA,NA,NA,NA,NA,NA,NA,NA,NA,NA,NA,NA,NA,NA,NA,NA,NA,NA,NA,NA,NA,NA,NA,NA,NA,NA,NA,NA,NA,NA,NA,NA,NA,NA,NA,NA,NA,NA,NA,NA,NA,NA,NA,NA,NA,NA,NA,NA,NA,NA,NA,NA,NA,NA,NA,NA,NA,NA,NA,NA,NA,NA,NA,NA,NA,NA,NA,NA,NA,NA,NA,NA,NA,NA,NA,NA,NA,NA,NA,NA,NA,NA,NA,NA
14. Women with 10 or more years of schooling (%),64.1,41.7,56.6,70.7,70.7,64.3,46.6,58,53.9,45.5,49.7,40,43.3,40.4,42.5,56,47.4,51.6,52.3,45.9,48.6,55.6,41.7,49,61.5,60.6,61.1,51.9,36,42,54.1,43,47.7,60.2,47.1,53.6,45.3,48.6,41.6,42.7,53.4,42.9,46.5,42.3,46.7,47.6,48.8,52,45.9,48,43.9,48.7,57.9,46.8,50.2,52.8,40.9,48.9,43.7,43,43.5,46.2,33.7,39.8,57.5,36.9,43.2,54.8,37.7,46.8,42.5,37.2,40,75.3,73.9,42.5,47.6,44.2,50.8,55.5,51.6,47.4,39,44.4,NA,NA,NA,NA,NA,NA,NA,NA,NA,NA,NA,NA,NA,NA,NA,NA,NA,NA,NA,NA,NA,NA,NA,NA,NA,NA,NA,NA,NA,NA,NA,NA,NA,NA,NA,NA,NA,NA,NA,NA,NA,NA,NA,NA,NA,NA,NA,NA,NA,NA,NA,NA,NA,NA,NA,NA,NA,NA,NA,NA,NA,NA,NA,NA,NA,NA,NA,NA,NA,NA,NA,NA,NA,NA,NA,NA,NA,NA,NA,NA,NA,NA,NA,NA
15. Women age 20-24 years married before age 18 years (%),9.5,29.1,16,12.8,12.8,10.8,14,11.9,11.6,11.6,11.6,22,19.8,21.9,20.5,9.6,25.9,19.5,18.8,14.7,16.5,21.9,19.3,20.7,17.3,20.8,18.7,20.2,19.8,19.9,16.4,27.6,23.1,15.3,10.2,12.6,14.7,13.9,12.9,12.8,7.7,17.6,14.3,7.3,6.3,8.3,7.2,9.6,12.7,11.8,11.3,12.1,9.5,13.9,12.8,19.2,20,19.5,29.6,22.2,26.7,8.6,27.2,17.6,3.5,17.4,13,5.9,16.6,11.4,4,7.8,6,4.2,5.5,28.7,27.9,23.9,22.5,17.5,19.9,16.1,13,15.1,NA,NA,NA,NA,NA,NA,NA,NA,NA,NA,NA,NA,NA,NA,NA,NA,NA,NA,NA,NA,NA,NA,NA,NA,NA,NA,NA,NA,NA,NA,NA,NA,NA,NA,NA,NA,NA,NA,NA,NA,NA,NA,NA,NA,NA,NA,NA,NA,NA,NA,NA,NA,NA,NA,NA,NA,NA,NA,NA,NA,NA,NA,NA,NA,NA,NA,NA,NA,NA,NA,NA,NA,NA,NA,NA,NA,NA,NA,NA,NA,NA,NA,NA,NA
16. Men age 25-29 years married before age 21 years (%),NA,NA,11.2,NA,NA,NA,NA,NA,NA,NA,14.9,NA,9.9,NA,NA,NA,NA,20.3,NA,NA,6.4,NA,NA,18.7,NA,NA,NA,NA,NA,27.4,NA,NA,NA,NA,NA,NA,NA,NA,NA,NA,NA,NA,14.6,NA,NA,NA,NA,NA,NA,NA,NA,NA,NA,NA,NA,NA,NA,NA,NA,NA,NA,NA,NA,NA,NA,NA,NA,NA,NA,NA,NA,NA,NA,NA,3.6,15.9,11,NA,NA,NA,21.2,NA,NA,NA,*,*,NA,*,*,*,*,*,*,*,NA,*,NA,*,*,*,*,NA,*,*,NA,*,*,NA,*,*,*,*,*,NA,*,*,*,*,*,*,*,*,*,*,*,*,NA,*,*,*,*,*,*,*,*,*,*,*,*,*,*,*,*,*,*,*,*,*,*,*,*,*,*,*,*,*,*,*,NA,NA,NA,*,*,*,NA,*,*,*
17. Women age 15-19 years who were already mothers or pregnant at the time of the survey (%),2.8,5.9,3.9,0.5,0.5,0,4.6,2.3,1.2,5.7,3.4,10.1,9.2,8.1,7.2,9.1,3.7,6.5,8.7,4.6,6.4,6.4,5.7,6,1.2,2.6,1.7,6.8,6.6,6.7,4.2,2.3,3.1,6,5.1,5.5,10.3,8.5,6.9,8.1,4.2,9.3,7.8,5.7,5.4,1.2,2.4,0,4.9,3.5,5.8,4.5,3.7,7.6,6.6,12.8,10.3,12,9.9,9,9.5,2.1,6.7,4.4,6.7,10.4,9.4,1.7,1.9,1.8,2.1,2.2,2.2,1.1,1,5.6,4.4,8.9,7.4,2.7,3.8,2.7,7.5,4.7,NA,NA,NA,NA,NA,NA,NA,NA,NA,NA,NA,NA,NA,NA,NA,NA,NA,NA,NA,NA,NA,NA,NA,NA,NA,NA,NA,NA,NA,NA,NA,NA,NA,NA,NA,NA,NA,NA,NA,NA,NA,NA,NA,NA,NA,NA,NA,NA,NA,NA,NA,NA,NA,NA,NA,NA,NA,NA,NA,NA,NA,NA,NA,NA,NA,NA,NA,NA,NA,NA,NA,NA,NA,NA,NA,NA,NA,NA,NA,NA,NA,NA,NA,NA
18. Any method (%),63.7,64.7,64,60.1,60.1,56.9,70.5,61.6,64.1,63.9,64,49.3,48.9,48.5,49.9,53.7,50.7,52.1,59.1,59.5,59.4,66.2,59.3,63,49.5,66.9,56.5,57.2,62.2,60.3,59.4,56.3,57.6,39.6,47.3,43.4,40.3,41,34.1,35.8,51.7,57.4,55.5,58,57.4,57.6,55.3,47.2,49.2,48.5,36.1,40.6,42.7,43.6,43.3,46.8,39.6,44.5,34.3,46.3,38.5,21,25.5,23.3,20.7,28.3,26,35.9,23.4,30.1,37.6,34.6,36.1,44.5,45.1,54.4,55,63.8,60.8,66,65.4,61.4,66.2,63.1,NA,NA,NA,NA,NA,NA,NA,NA,NA,NA,NA,NA,NA,NA,NA,NA,NA,NA,NA,NA,NA,NA,NA,NA,NA,NA,NA,NA,NA,NA,NA,NA,NA,NA,NA,NA,NA,NA,NA,NA,NA,NA,NA,NA,NA,NA,NA,NA,NA,NA,NA,NA,NA,NA,NA,NA,NA,NA,NA,NA,NA,NA,NA,NA,NA,NA,NA,NA,NA,NA,NA,NA,NA,NA,NA,NA,NA,NA,NA,NA,NA,NA,NA,NA
19. Any modern method (%),62.2,64.1,62.8,60.1,60.1,56.6,70.3,61.4,64.1,63,63.5,49.3,48.5,48.3,49.8,53.7,49.4,51.5,58.6,58.3,58.4,65,59,62.3,48.9,66,55.8,56.8,61.3,59.6,58.9,55.7,57.1,38.8,46.4,42.6,38.5,39.1,33.9,35.7,51,57.2,55.1,57,56.4,56.8,54.5,45.8,47.9,47.1,33.7,38.7,42.7,43.6,43.3,44.9,39.5,43.2,34.3,46.3,38.5,20.7,25.1,23,20.7,28,25.8,35.5,23,29.7,36.3,34.3,35.3,43.1,43.8,53.9,54.3,63.3,60.4,65.4,64.8,61.4,65.8,63,NA,NA,NA,NA,NA,NA,NA,NA,NA,NA,NA,NA,NA,NA,NA,NA,NA,NA,NA,NA,NA,NA,NA,NA,NA,NA,NA,NA,NA,NA,NA,NA,NA,NA,NA,NA,NA,NA,NA,NA,NA,NA,NA,NA,NA,NA,NA,NA,NA,NA,NA,NA,NA,NA,NA,NA,NA,NA,NA,NA,NA,NA,NA,NA,NA,NA,NA,NA,NA,NA,NA,NA,NA,NA,NA,NA,NA,NA,NA,NA,NA,NA,NA,NA
20. Female sterilization (%),57.1,62.2,58.8,56.7,56.7,51.8,67.2,57.2,61.1,62.4,61.7,47.9,46.8,46.3,47.5,48.5,46.3,47.4,56.3,56.6,56.5,57.7,57.8,57.8,48.4,64.7,55,52.4,60.1,57.2,51.6,51.2,51.3,30.5,43,36.8,32.9,33.7,30.7,32.5,47.7,55.8,53,53.5,51.8,54.3,52.1,39,44,42.2,30.1,33.6,38.9,42.4,41.3,39.5,36.5,38.5,31.6,43,35.7,16.9,23.4,20.3,17,26.7,23.7,32.5,21,27.2,33.2,32.1,32.6,40.3,41.4,52.2,52.2,61.7,58.9,62.4,61.8,60,62.6,60.9,NA,NA,NA,NA,NA,NA,NA,NA,NA,NA,NA,NA,NA,NA,NA,NA,NA,NA,NA,NA,NA,NA,NA,NA,NA,NA,NA,NA,NA,NA,NA,NA,NA,NA,NA,NA,NA,NA,NA,NA,NA,NA,NA,NA,NA,NA,NA,NA,NA,NA,NA,NA,NA,NA,NA,NA,NA,NA,NA,NA,NA,NA,NA,NA,NA,NA,NA,NA,NA,NA,NA,NA,NA,NA,NA,NA,NA,NA,NA,NA,NA,NA,NA,NA
21. Male sterilization (%),0,0,0,0,0,0,0,0,0,0,0,0,0,0,0,0,0,0,0,0,0,0,0,0,0,0,0,0,0,0,0,0,0,0,0,0,0,0,0,0,0.3,0,0.1,0,0,0,0,0,0,0,0,0,0,0,0,0,0,0,0,0,0,0,0,0,0,0,0,0,0,0,0.4,0,0.2,0,0,0,0,0,0,0.2,0.1,0,0,0,NA,NA,NA,NA,NA,NA,NA,NA,NA,NA,NA,NA,NA,NA,NA,NA,NA,NA,NA,NA,NA,NA,NA,NA,NA,NA,NA,NA,NA,NA,NA,NA,NA,NA,NA,NA,NA,NA,NA,NA,NA,NA,NA,NA,NA,NA,NA,NA,NA,NA,NA,NA,NA,NA,NA,NA,NA,NA,NA,NA,NA,NA,NA,NA,NA,NA,NA,NA,NA,NA,NA,NA,NA,NA,NA,NA,NA,NA,NA,NA,NA,NA,NA,NA
22. IUD/PPIUD (%),2.9,1.8,2.5,2.2,2.2,1.8,1.7,1.8,1.6,0.7,1.2,0.5,0.8,1.1,1.2,2.4,1.4,1.8,1.3,0.8,1,4.9,0.9,3,0.6,1,0.7,1.7,1,1.2,3.8,3.7,3.7,5.8,2.2,4,4.2,3.8,2,2,1.6,0.6,1,2.7,3.2,1.6,1.3,3.9,3.5,3.7,1.6,2.7,1,0.3,0.5,4,2,3.4,0.8,2.2,1.3,2.6,0.6,1.6,2.4,1,1.4,1.7,1.6,1.6,1.3,0.3,0.8,1.4,1.2,0.5,1,1.1,1,1.9,2,0.7,3,1.5,NA,NA,NA,NA,NA,NA,NA,NA,NA,NA,NA,NA,NA,NA,NA,NA,NA,NA,NA,NA,NA,NA,NA,NA,NA,NA,NA,NA,NA,NA,NA,NA,NA,NA,NA,NA,NA,NA,NA,NA,NA,NA,NA,NA,NA,NA,NA,NA,NA,NA,NA,NA,NA,NA,NA,NA,NA,NA,NA,NA,NA,NA,NA,NA,NA,NA,NA,NA,NA,NA,NA,NA,NA,NA,NA,NA,NA,NA,NA,NA,NA,NA,NA,NA
23. Pill (%),0.7,0,0.5,0.2,0.2,0.5,0.5,0.5,0.6,0,0.3,0,0,0.2,0.1,0.9,0,0.4,0.4,0,0.1,0,0,0,0,0,0,1.3,0,0.5,0.2,0.3,0.3,0.6,0,0.3,0,0,0,0,0.3,0.3,0.3,0,0,0.2,0.1,0,0.4,0.2,0.1,0.1,0.3,0.3,0.3,0.6,0,0.4,0,0,0,0.4,0,0.2,0.8,0.3,0.5,0,0,0,0,0,0,0.4,0.3,0.3,0.3,0.1,0.1,0.1,0.1,0.3,0,0.2,NA,NA,NA,NA,NA,NA,NA,NA,NA,NA,NA,NA,NA,NA,NA,NA,NA,NA,NA,NA,NA,NA,NA,NA,NA,NA,NA,NA,NA,NA,NA,NA,NA,NA,NA,NA,NA,NA,NA,NA,NA,NA,NA,NA,NA,NA,NA,NA,NA,NA,NA,NA,NA,NA,NA,NA,NA,NA,NA,NA,NA,NA,NA,NA,NA,NA,NA,NA,NA,NA,NA,NA,NA,NA,NA,NA,NA,NA,NA,NA,NA,NA,NA,NA
24. Condom (%),1.5,0,1,0.7,0.7,1.9,0.4,1.4,0.4,0,0.2,0.9,0.9,0.3,0.6,1.7,1.8,1.7,0.7,0.6,0.6,2.1,0.3,1.2,0,0.2,0.1,1.4,0.3,0.7,3.1,0.5,1.6,1.2,1,1.1,0.7,0.9,0.8,0.7,0.7,0,0.2,0.8,1.4,0.6,0.9,2.9,0,1,1.7,2,2.2,0.6,1.1,0.8,1,0.8,1.9,0.7,1.5,0.8,0.3,0.6,0.6,0,0.2,1.1,0.4,0.8,1.6,0,0.8,0.6,0.5,0.7,0.8,0.1,0.2,0.6,0.4,0.3,0,0.2,NA,NA,NA,NA,NA,NA,NA,NA,NA,NA,NA,NA,NA,NA,NA,NA,NA,NA,NA,NA,NA,NA,NA,NA,NA,NA,NA,NA,NA,NA,NA,NA,NA,NA,NA,NA,NA,NA,NA,NA,NA,NA,NA,NA,NA,NA,NA,NA,NA,NA,NA,NA,NA,NA,NA,NA,NA,NA,NA,NA,NA,NA,NA,NA,NA,NA,NA,NA,NA,NA,NA,NA,NA,NA,NA,NA,NA,NA,NA,NA,NA,NA,NA,NA
25. Total unmet need (%),9.4,9.2,9.3,6.8,6.8,11.6,5.7,9.6,10.8,9.6,10.2,6.7,6.6,6.3,6.6,4.1,7.1,5.6,10.4,9.1,9.6,7,8.7,7.8,8.6,5.7,7.4,6.6,7.7,7.3,8.7,5.6,7,15.3,15,15.1,12.7,12.5,10.7,10.9,14.6,12.1,13,9.1,8.8,13.1,13.7,16.8,10.3,12.6,12.5,13.1,13.7,15,14.6,15.5,12.7,14.6,10.2,9,9.8,15.9,11.7,13.7,20.6,17.5,18.5,16.3,10.7,13.7,16,16,16,14.1,13.9,8.6,8.3,7.2,8.4,8.3,8,12.3,5.2,9.8,NA,NA,NA,NA,NA,NA,NA,NA,NA,NA,NA,NA,NA,NA,NA,NA,NA,NA,NA,NA,NA,NA,NA,NA,NA,NA,NA,NA,NA,NA,NA,NA,NA,NA,NA,NA,NA,NA,NA,NA,NA,NA,NA,NA,NA,NA,NA,NA,NA,NA,NA,NA,NA,NA,NA,NA,NA,NA,NA,NA,NA,NA,NA,NA,NA,NA,NA,NA,NA,NA,NA,NA,NA,NA,NA,NA,NA,NA,NA,NA,NA,NA,NA,NA
26. Unmet need for spacing (%),4.9,2.7,4.2,3.8,3.8,5,3.4,4.5,7.6,2.8,5.2,2.2,2.8,3.2,3.7,1.8,5.8,3.9,6.4,5.3,5.8,3.8,5.5,4.6,4.8,3,4.1,2.6,2.4,2.5,5.9,4.4,5,7.2,5.4,6.3,6.1,6.1,4.7,4.3,5.2,5.8,5.6,4.4,3.8,6,5.6,6,4.8,5.2,4.1,5.2,3.7,6.7,5.8,6.7,3.3,5.6,7.8,5.3,6.9,6.9,6.9,6.9,3.8,6.1,5.4,7.4,5.8,6.7,5.3,9.4,7.4,6.1,6.1,4.7,4.7,4.6,4.9,3.7,3.5,6.7,1.8,5,NA,NA,NA,NA,NA,NA,NA,NA,NA,NA,NA,NA,NA,NA,NA,NA,NA,NA,NA,NA,NA,NA,NA,NA,NA,NA,NA,NA,NA,NA,NA,NA,NA,NA,NA,NA,NA,NA,NA,NA,NA,NA,NA,NA,NA,NA,NA,NA,NA,NA,NA,NA,NA,NA,NA,NA,NA,NA,NA,NA,NA,NA,NA,NA,NA,NA,NA,NA,NA,NA,NA,NA,NA,NA,NA,NA,NA,NA,NA,NA,NA,NA,NA,NA
27. Health worker ever talked to female non-users about family planning5 (%),25.7,31.9,27.8,33.3,33.3,29,36.1,31.4,18.6,22.4,20.4,38.6,34,29.5,28.7,21,23.1,22.1,35.7,29,31.9,35.1,30,32.5,41.6,28.8,36.9,36,33.1,34.2,30.2,33.8,32.4,31.5,22.5,27.2,30.3,28.5,39.8,41,29.8,34.2,32.6,26.7,27.7,26.7,27.3,30.8,31.9,31.6,31.3,29.8,30.6,26.9,28,34.3,35.8,34.9,41.7,31.4,38.1,33.7,25.6,29.6,27.3,28.1,27.8,21.6,22.3,22,24.5,26.9,25.6,21.9,24.6,33.1,29.1,41.5,41.6,34.1,38.5,33,27.2,31,NA,NA,NA,NA,NA,NA,NA,NA,NA,NA,NA,NA,NA,NA,NA,NA,NA,NA,NA,NA,NA,NA,NA,NA,NA,NA,NA,NA,NA,NA,NA,NA,NA,NA,NA,NA,NA,NA,NA,NA,NA,NA,NA,NA,NA,NA,NA,NA,NA,NA,NA,NA,NA,NA,NA,NA,NA,NA,NA,NA,NA,NA,NA,NA,NA,NA,NA,NA,NA,NA,NA,NA,NA,NA,NA,NA,NA,NA,NA,NA,NA,NA,NA,NA
28. Current users ever told about side effects of current method (%),80.9,87.7,83.9,88.9,88.9,71.8,74,72.7,83.9,82.5,83.3,82.2,82.2,82.9,85.4,80.9,80.7,80.8,52.5,51.9,52.2,65.7,70.2,67.5,84,81,82.8,67.3,84.9,78.8,95.1,78.1,84.7,73.5,58.9,65.2,90.4,90,90,90.8,79.1,77.3,77.8,69.4,69.2,68,65.4,73.2,79.7,77.6,80.2,85.5,69.8,65.7,66.7,70.1,66.2,68.9,NA,82.2,74.7,NA,NA,65.5,NA,NA,73,66.5,NA,69.4,NA,NA,73.8,50.9,49.4,85.5,89.3,82.1,78.6,77.2,77.5,82.1,83.2,82.4,NA,NA,NA,NA,NA,NA,NA,NA,NA,NA,NA,NA,NA,NA,NA,NA,NA,NA,NA,NA,NA,NA,NA,NA,NA,NA,NA,NA,NA,NA,NA,NA,NA,NA,NA,NA,NA,NA,NA,NA,NA,NA,NA,NA,NA,NA,NA,NA,NA,NA,NA,NA,NA,NA,NA,NA,NA,NA,*,NA,NA,*,*,NA,*,*,NA,NA,*,NA,*,*,NA,NA,NA,NA,NA,NA,NA,NA,NA,NA,NA,NA
29. Mothers who had antenatal check-up in the first trimester (%),71.5,77.2,73.6,61.8,61.8,56.6,59.2,57.5,80.8,83.9,82.2,51.9,54.3,58.8,60,76.7,64.8,69.7,65.1,60.7,62.4,64.6,66.3,65.4,70.8,76.4,72.7,81,73.5,76,78.7,65.8,70.9,70.9,55.5,63,64.4,67.3,47.2,46.7,70.5,56.5,60.7,55.9,59.5,66.8,68.2,69.1,76.5,73.9,55.9,58.4,70.4,64.7,66.1,56.1,55.6,55.9,37.7,52.5,43.7,27.9,50.8,40.2,57.6,43.3,47.9,55.8,41.2,49.3,39.1,43.5,41.6,51.3,52.4,56.1,57.5,76.6,71.6,72.9,77.3,83.9,86.1,84.6,NA,NA,NA,NA,NA,NA,NA,NA,NA,NA,NA,NA,NA,NA,NA,NA,NA,NA,NA,NA,NA,NA,NA,NA,NA,NA,NA,NA,NA,NA,NA,NA,NA,NA,NA,NA,NA,NA,NA,NA,NA,NA,NA,NA,NA,NA,NA,NA,NA,NA,NA,NA,NA,NA,NA,NA,NA,NA,NA,NA,NA,NA,NA,NA,NA,NA,NA,NA,NA,NA,NA,NA,NA,NA,NA,NA,NA,NA,NA,NA,NA,NA,NA,NA
30. Mothers who had at least 4 antenatal care visits (%),92.6,89.7,91.6,78.3,78.3,73.4,74.2,73.6,96.4,88,92.5,83.6,83.5,80.1,79.5,82.2,76.1,78.7,75.4,85.6,81.6,69.1,86.8,77.2,85.8,94.5,88.8,91.7,87.4,88.8,85.5,81.2,82.9,90.5,81.3,85.8,77.5,77.7,77.9,79.1,89.8,83.7,85.5,69.4,68.3,84.1,83.4,88.4,91.3,90.2,74.1,76.9,85.5,86.4,86.2,68.8,71,69.5,75.8,76.2,75.9,70.2,62.2,65.9,66.9,65.5,65.9,70.8,57.4,64.8,68.2,73.8,71.4,81.3,81.5,87.5,86.3,86.8,86.6,86,88.5,90.9,86.1,89.5,NA,NA,NA,NA,NA,NA,NA,NA,NA,NA,NA,NA,NA,NA,NA,NA,NA,NA,NA,NA,NA,NA,NA,NA,NA,NA,NA,NA,NA,NA,NA,NA,NA,NA,NA,NA,NA,NA,NA,NA,NA,NA,NA,NA,NA,NA,NA,NA,NA,NA,NA,NA,NA,NA,NA,NA,NA,NA,NA,NA,NA,NA,NA,NA,NA,NA,NA,NA,NA,NA,NA,NA,NA,NA,NA,NA,NA,NA,NA,NA,NA,NA,NA,NA
31. Mothers whose last birth was protected against neonatal tetanus6 (%),68.3,72,69.7,80.9,80.9,75.9,74,75.3,82.5,82.7,82.6,62.6,62.2,75.8,76.8,89.9,81.7,85.1,63.5,58.7,60.6,61.4,65.7,63.4,65,74.1,68.1,67.1,76.8,73.5,81.5,76.9,78.7,54.7,48.6,51.5,73.4,71,50.3,51.5,78.6,79.1,79,71.4,68.1,84.2,79.7,65.8,65.8,65.8,71.4,75.4,78.2,57.2,62.5,76,38.1,63.5,33,50.9,40.3,46.3,47.5,46.9,61.4,70.2,67.4,61.8,61.4,61.7,56.9,55.1,55.9,61.2,62,59.9,60.4,85.8,82.4,83.1,85.4,84.6,72.5,80.9,NA,NA,NA,NA,NA,NA,NA,NA,NA,NA,NA,NA,NA,NA,NA,NA,NA,NA,NA,NA,NA,NA,NA,NA,NA,NA,NA,NA,NA,NA,NA,NA,NA,NA,NA,NA,NA,NA,NA,NA,NA,NA,NA,NA,NA,NA,NA,NA,NA,NA,NA,NA,NA,NA,NA,NA,NA,NA,NA,NA,NA,NA,NA,NA,NA,NA,NA,NA,NA,NA,NA,NA,NA,NA,NA,NA,NA,NA,NA,NA,NA,NA,NA,NA
32. Mothers who consumed iron folic acid for 100 days or more when they were pregnant (%),74.4,66.4,71.4,70.1,70.1,57.8,65.5,60.4,70,68.7,69.4,54.9,58.9,62.2,61.7,67.5,61.3,63.9,63.6,68.9,66.8,62.6,75.1,68.3,54.9,61.9,57.3,70.6,65.4,67.1,76.6,70.6,73,54.5,64.8,59.8,60.5,57.3,52.9,52.3,66.9,62.7,63.9,54.2,53.4,74.5,70.3,50.2,72.5,64.6,56.8,60.2,71.6,68.8,69.5,71.9,52.3,65.4,47.8,66.8,55.5,35.5,37.5,36.6,53.5,53.6,53.5,61.5,39.4,51.6,47.3,43.3,45,68.7,70.2,51.9,50.8,81.1,81.2,73,75.3,69.6,64.5,68.1,NA,NA,NA,NA,NA,NA,NA,NA,NA,NA,NA,NA,NA,NA,NA,NA,NA,NA,NA,NA,NA,NA,NA,NA,NA,NA,NA,NA,NA,NA,NA,NA,NA,NA,NA,NA,NA,NA,NA,NA,NA,NA,NA,NA,NA,NA,NA,NA,NA,NA,NA,NA,NA,NA,NA,NA,NA,NA,NA,NA,NA,NA,NA,NA,NA,NA,NA,NA,NA,NA,NA,NA,NA,NA,NA,NA,NA,NA,NA,NA,NA,NA,NA,NA
33. Mothers who had full antenatal care7 (%),47.8,48.7,48.1,51.6,51.6,39.4,37.5,38.8,56.3,58.3,57.2,33.4,34.9,46.8,47.2,54.6,50.7,52.3,42.2,42.7,42.5,40.2,45.7,42.8,42.6,49.6,45,61.1,51.6,54.8,61.4,50.3,54.7,44.5,33.2,38.6,47.1,43.9,23.6,25.3,57.1,47.2,50.1,29.8,30.7,62.5,54.2,33.1,53.6,46.3,39.7,45,58.6,48.8,51.3,38.7,20.9,32.8,13.7,27.6,19.3,14.1,13.4,13.7,25.3,33.6,30.9,35.1,21.5,29,28.7,24.7,26.4,39.5,40,34.8,34.3,66.8,65.5,59.9,64,58.6,46.8,55,NA,NA,NA,NA,NA,NA,NA,NA,NA,NA,NA,NA,NA,NA,NA,NA,NA,NA,NA,NA,NA,NA,NA,NA,NA,NA,NA,NA,NA,NA,NA,NA,NA,NA,NA,NA,NA,NA,NA,NA,NA,NA,NA,NA,NA,NA,NA,NA,NA,NA,NA,NA,NA,NA,NA,NA,NA,NA,NA,NA,NA,NA,NA,NA,NA,NA,NA,NA,NA,NA,NA,NA,NA,NA,NA,NA,NA,NA,NA,NA,NA,NA,NA,NA
34. Registered pregnancies for which the mother received Mother and Child Protection (MCP) card (%),98,98.9,98.3,99.5,99.5,97.2,98.3,97.6,100,98.8,99.5,96.2,96.2,93.5,94.1,97.9,96.6,97.2,100,96.3,97.8,100,100,100,99.2,100,99.4,97.8,99.2,98.7,100,98,98.8,87.3,97.7,92.9,95.4,94.9,97.8,98.1,94.1,98.4,97.2,93.7,92.4,96.5,96.2,95.3,95.9,95.7,92,92.1,87.5,96,94,94.4,91.7,93.5,96,96.2,96.1,83.9,91.9,88.4,94.8,89.1,90.8,88.6,91,89.7,86.7,91.2,89.2,79.7,77.2,98.1,98.5,99.5,99.2,99.3,99.5,100,96.5,98.9,NA,NA,NA,NA,NA,NA,NA,NA,NA,NA,NA,NA,NA,NA,NA,NA,NA,NA,NA,NA,NA,NA,NA,NA,NA,NA,NA,NA,NA,NA,NA,NA,NA,NA,NA,NA,NA,NA,NA,NA,NA,NA,NA,NA,NA,NA,NA,NA,NA,NA,NA,NA,NA,NA,NA,NA,NA,NA,NA,NA,NA,NA,NA,NA,NA,NA,NA,NA,NA,NA,NA,NA,NA,NA,NA,NA,NA,NA,NA,NA,NA,NA,NA,NA
35. Mothers who received postnatal care from a doctor/nurse/LHV/ANM/midwife/other health personnel within 2 days of delivery (%),77.3,72.7,75.6,67.8,67.8,81.6,87.7,83.6,64.6,79.4,71.4,67.4,68.5,64.1,66,70.6,67.7,68.9,87.4,87.7,87.6,79.1,83.3,81,66.7,77.3,70.3,81.1,86.1,84.4,86.5,75,79.5,60.4,74.3,67.6,61.8,64.4,57.7,54.7,85.5,83,83.8,84.4,82.7,92.6,91.5,65.3,63.9,64.4,61.1,66.3,88.4,82,83.7,79.5,64.7,74.7,50.9,60.4,54.8,40,67.7,54.8,58.2,64.8,62.7,76,63.8,70.5,59.4,57,58,74.4,76.1,63.2,67.8,80.3,80.1,87.9,89.4,84.5,68.3,79.5,NA,NA,NA,NA,NA,NA,NA,NA,NA,NA,NA,NA,NA,NA,NA,NA,NA,NA,NA,NA,NA,NA,NA,NA,NA,NA,NA,NA,NA,NA,NA,NA,NA,NA,NA,NA,NA,NA,NA,NA,NA,NA,NA,NA,NA,NA,NA,NA,NA,NA,NA,NA,NA,NA,NA,NA,NA,NA,NA,NA,NA,NA,NA,NA,NA,NA,NA,NA,NA,NA,NA,NA,NA,NA,NA,NA,NA,NA,NA,NA,NA,NA,NA,NA
36. Mothers who received financial assistance under Janani Suraksha Yojana (JSY) for births delivered in an institution (%),18.8,44.3,28.3,26.8,26.8,19.1,41.9,26.7,22.9,32,27.1,32.9,31.1,44.5,43.7,47.4,42.9,44.8,23.9,28.9,26.9,28.8,32.1,30.3,41.5,42.2,41.8,26.2,36.3,32.9,34.6,44.8,40.8,14.2,17.3,15.8,34.8,33.3,40.5,42.9,32.7,31.2,31.7,36.6,33.7,26.9,24.2,35.7,31,32.6,43.9,35.5,8.1,30.8,25,24.5,37.7,28.9,27.1,31.2,28.8,30.1,27,28.4,22.7,30.2,27.8,11.8,23.9,17.1,9,14,11.8,16.1,15.8,31.5,31.5,33.9,31,28.7,29.3,34.5,28.6,32.7,NA,NA,NA,NA,NA,NA,NA,NA,NA,NA,NA,NA,NA,NA,NA,NA,NA,NA,NA,NA,NA,NA,NA,NA,NA,NA,NA,NA,NA,NA,NA,NA,NA,NA,NA,NA,NA,NA,NA,NA,NA,NA,NA,NA,NA,NA,NA,NA,NA,NA,NA,NA,NA,NA,NA,NA,NA,NA,NA,NA,NA,NA,NA,NA,NA,NA,NA,NA,NA,NA,NA,NA,NA,NA,NA,NA,NA,NA,NA,NA,NA,NA,NA,NA
37. Average out of pocket expenditure per delivery in public health facility (Rs.),2172,1956,2075,1818,1818,3257,1801,2617,1167,1794,1479,1996,1966,1687,1727,2446,2073,2233,2240,2456,2362,2653,2230,2439,2107,2321,2169,2487,2291,2344,1977,2367,2247,1116,1196,1160,2588,2570,2767,2662,3766,2982,3150,3225,3054,2906,3043,2494,1671,1921,3841,3444,5675,3075,3602,3379,2752,3141,2065,1999,2036,3897,8621,6539,6293,3267,3949,1873,3438,2585,3480,5150,4552,6346,5025,1855,1796,1900,2108,1923,2429,2625,1752,2375,NA,NA,NA,NA,NA,NA,NA,NA,NA,NA,NA,NA,NA,NA,NA,NA,NA,NA,NA,NA,NA,NA,NA,NA,NA,NA,NA,NA,NA,NA,NA,NA,NA,NA,NA,NA,NA,NA,NA,NA,NA,NA,NA,NA,NA,NA,NA,NA,NA,NA,NA,NA,NA,NA,NA,NA,NA,NA,NA,NA,NA,NA,NA,NA,NA,NA,NA,NA,NA,NA,NA,NA,NA,NA,NA,NA,NA,NA,NA,NA,NA,NA,NA,NA
38. Children born at home who were taken to a health facility for check-up within 24 hours of birth (%),NA,NA,NA,NA,NA,NA,NA,NA,NA,NA,NA,NA,NA,NA,NA,NA,NA,NA,NA,NA,NA,NA,NA,NA,NA,NA,NA,NA,NA,NA,NA,NA,NA,NA,NA,NA,NA,NA,NA,NA,NA,NA,NA,NA,NA,NA,NA,NA,NA,NA,NA,NA,NA,NA,NA,NA,NA,NA,NA,NA,NA,NA,NA,NA,NA,NA,NA,NA,NA,NA,NA,NA,NA,NA,NA,NA,NA,NA,NA,NA,NA,NA,NA,NA,*,*,*,*,*,*,*,*,*,*,*,*,*,*,*,*,*,*,*,*,*,*,*,*,*,*,*,*,*,*,*,*,*,*,*,*,*,*,*,*,*,*,*,*,*,*,*,*,*,*,*,*,*,*,*,*,*,*,*,*,*,*,*,*,*,*,*,*,*,*,*,*,*,*,*,*,*,*,*,*,*,*,*,*
39. Children who received postnatal care from a doctor/nurse/LHV/ANM/midwife/other health personnel within 2 days of delivery (%),30.3,48.5,37.1,30.8,30.8,32.6,34,33.1,34.2,46.4,39.8,41.4,43.8,21.7,20.7,24.8,25.2,25,32.6,38.1,35.9,42.8,41.9,42.4,46.3,52.6,48.4,41.1,48,45.7,39.7,42.6,41.5,41.7,45.6,43.7,21,21.2,37.5,36.8,32.8,41.9,39.2,35.7,35.2,31.4,32.8,29.6,31.3,30.7,24.9,23.3,35.4,28.3,30.1,32.6,28.8,31.3,29.2,39.1,33.2,37.3,38.6,38,22.4,29,26.9,27.3,30,28.5,23.4,31.3,27.9,18.2,18,44.8,47.7,39.4,39.5,53.3,50,51.1,38.4,47.2,NA,NA,NA,NA,NA,NA,NA,NA,NA,NA,NA,NA,NA,NA,NA,NA,NA,NA,NA,NA,NA,NA,NA,NA,NA,NA,NA,NA,NA,NA,NA,NA,NA,NA,NA,NA,NA,NA,NA,NA,NA,NA,NA,NA,NA,NA,NA,NA,NA,NA,NA,NA,NA,NA,NA,NA,NA,NA,NA,NA,NA,NA,NA,NA,NA,NA,NA,NA,NA,NA,NA,NA,NA,NA,NA,NA,NA,NA,NA,NA,NA,NA,NA,NA
40. Institutional births (%),99.2,100,99.5,100,100,100,100,100,100,100,100,95.5,96.1,99,99.2,100,95.8,97.5,100,100,100,100,100,100,100,99.5,99.8,97.7,100,99.3,100,100,100,99.1,97.7,98.3,100,100,98.9,98.5,97.6,98.4,98.2,100,100,99.6,99.6,97.6,98.8,98.4,99.6,99.7,100,99.3,99.5,98.3,98.2,98.3,95.7,97.9,96.6,91.9,98.9,96,99.2,98.6,98.8,100,98,99.1,97.6,100,99,99.1,99.3,98.7,98.6,94.4,95.4,99.5,99.6,100,100,100,NA,NA,NA,NA,NA,NA,NA,NA,NA,NA,NA,NA,NA,NA,NA,NA,NA,NA,NA,NA,NA,NA,NA,NA,NA,NA,NA,NA,NA,NA,NA,NA,NA,NA,NA,NA,NA,NA,NA,NA,NA,NA,NA,NA,NA,NA,NA,NA,NA,NA,NA,NA,NA,NA,NA,NA,NA,NA,NA,NA,NA,NA,NA,NA,NA,NA,NA,NA,NA,NA,NA,NA,NA,NA,NA,NA,NA,NA,NA,NA,NA,NA,NA,NA
41. Institutional births in public facility (%),63.5,86.2,72.7,59.1,59.1,54.8,82.3,64.5,68,74,70.8,87.5,85.1,88.1,84.8,67.9,66,66.8,71.5,59.2,64.1,68.1,81.6,74.1,79.5,59.9,72.8,59.9,83.4,76.1,48.3,69.8,61.6,47.7,57.2,52.9,63.1,60,80.5,77.5,57.6,84.9,77.2,77.1,73.2,72.7,67.9,56.7,69.8,65.1,70.6,68.7,56.4,64.1,62.1,61,74.9,65.9,67.3,75.6,70.7,57.1,61.8,59.8,34.1,54.2,48.5,56.3,57,56.7,41.7,49.9,46.5,27,30,84.8,80,75,71.4,57.3,65.5,74.2,71.6,73.4,NA,NA,NA,NA,NA,NA,NA,NA,NA,NA,NA,NA,NA,NA,NA,NA,NA,NA,NA,NA,NA,NA,NA,NA,NA,NA,NA,NA,NA,NA,NA,NA,NA,NA,NA,NA,NA,NA,NA,NA,NA,NA,NA,NA,NA,NA,NA,NA,NA,NA,NA,NA,NA,NA,NA,NA,NA,NA,NA,NA,NA,NA,NA,NA,NA,NA,NA,NA,NA,NA,NA,NA,NA,NA,NA,NA,NA,NA,NA,NA,NA,NA,NA,NA
42. Home delivery conducted by skilled health personnel (out of total deliveries) (%),0,0,0,0,0,0,0,0,0,0,0,2.7,2.3,0.6,0.5,0,0.7,0.4,0,0,0,0,0,0,0,0,0,1.6,0,0.5,0,0,0,0.9,0.6,0.8,0,0,1.1,1,1.6,0.6,0.9,0,0,0,0,2.4,0.4,1.1,0,0,0,0,0,0.8,1.8,1.2,4.3,2.1,3.4,8.1,1.1,4,0.8,1.4,1.2,0,2,0.9,1.1,0,0.5,0.9,0.7,1.3,1.1,0.5,0.6,0,0,0,0,0,NA,NA,NA,NA,NA,NA,NA,NA,NA,NA,NA,NA,NA,NA,NA,NA,NA,NA,NA,NA,NA,NA,NA,NA,NA,NA,NA,NA,NA,NA,NA,NA,NA,NA,NA,NA,NA,NA,NA,NA,NA,NA,NA,NA,NA,NA,NA,NA,NA,NA,NA,NA,NA,NA,NA,NA,NA,NA,NA,NA,NA,NA,NA,NA,NA,NA,NA,NA,NA,NA,NA,NA,NA,NA,NA,NA,NA,NA,NA,NA,NA,NA,NA,NA
43. Births assisted by a doctor/nurse/LHV/ANM/other health personnel (%),99.2,100,99.5,99.1,99.1,100,100,100,100,100,100,98.2,98.4,99.6,99.6,100,96.5,98,100,100,100,100,100,100,100,99.5,99.8,99.3,100,99.8,100,100,100,100,98.3,99.1,100,100,100,98.9,99.2,100,99.8,99,99.2,99.6,99.6,99.2,99.2,99.2,99.1,99.3,98.9,99.3,99.2,100,100,100,100,98,99.2,100,100,100,97,100,99.1,100,93.3,96.9,98.8,97.8,98.2,99,98.9,100,99.7,94.9,96,99,99.3,100,100,100,NA,NA,NA,NA,NA,NA,NA,NA,NA,NA,NA,NA,NA,NA,NA,NA,NA,NA,NA,NA,NA,NA,NA,NA,NA,NA,NA,NA,NA,NA,NA,NA,NA,NA,NA,NA,NA,NA,NA,NA,NA,NA,NA,NA,NA,NA,NA,NA,NA,NA,NA,NA,NA,NA,NA,NA,NA,NA,NA,NA,NA,NA,NA,NA,NA,NA,NA,NA,NA,NA,NA,NA,NA,NA,NA,NA,NA,NA,NA,NA,NA,NA,NA,NA
44. Births delivered by caesarean section (%),40,32.8,37.1,28.8,28.8,39.8,27.6,35.5,25.1,26.4,25.7,18.1,18.7,12.1,13.3,32.1,29.3,30.5,34.7,31.3,32.6,30,32.7,31.2,25.1,28.6,26.3,38.5,26.8,30.4,41,39.5,40.1,32.5,41.3,37.3,44.1,44.9,37.4,39.9,42.4,39.6,40.4,39.5,39.8,39.5,42,40.7,44.2,43,35.3,39.9,42.5,42.9,42.8,36.5,37.8,37,37.7,30.7,34.8,45.3,41.6,43.2,50.6,37,40.9,34.4,40.2,37.1,41.9,34.7,37.6,50,51.3,26.4,27.3,20.1,24.1,40.5,41.4,31.9,42,35,NA,NA,NA,NA,NA,NA,NA,NA,NA,NA,NA,NA,NA,NA,NA,NA,NA,NA,NA,NA,NA,NA,NA,NA,NA,NA,NA,NA,NA,NA,NA,NA,NA,NA,NA,NA,NA,NA,NA,NA,NA,NA,NA,NA,NA,NA,NA,NA,NA,NA,NA,NA,NA,NA,NA,NA,NA,NA,NA,NA,NA,NA,NA,NA,NA,NA,NA,NA,NA,NA,NA,NA,NA,NA,NA,NA,NA,NA,NA,NA,NA,NA,NA,NA
45. Births in a private health facility delivered by caesarean section (%),40.6,NA,49.2,33.6,33.6,43.9,NA,42.5,37.7,40.5,38.9,NA,41.2,31.3,26.8,59.1,66.2,63.1,53.9,52.8,53.2,55.7,NA,53.7,30.1,38.9,34.5,52.5,45.2,48.9,49,69.2,58.8,50.1,61.7,55.8,56.7,56.4,52.3,60.5,47.9,NA,54.6,59.1,60,79.4,76.9,60,66.3,63.6,56.4,62.6,52.4,52.6,52.6,52.4,64.7,55.5,80.8,NA,75.4,48.3,61.9,56.4,54.3,49.4,51.2,50.8,31.2,42,50.1,43.3,46.3,54.6,56.7,68.5,63.8,57.4,51.4,62.5,64.3,31.2,48.4,36.8,NA,*,NA,NA,NA,NA,*,NA,NA,NA,NA,*,NA,NA,NA,NA,NA,NA,NA,NA,NA,NA,*,NA,NA,NA,NA,NA,NA,NA,NA,NA,NA,NA,NA,NA,NA,NA,NA,NA,NA,*,NA,NA,NA,NA,NA,NA,NA,NA,NA,NA,NA,NA,NA,NA,NA,NA,NA,*,NA,NA,NA,NA,NA,NA,NA,NA,NA,NA,NA,NA,NA,NA,NA,NA,NA,NA,NA,NA,NA,NA,NA,NA
46. Births in a public health facility delivered by caesarean section (%),40.2,24.9,32.8,25.5,25.5,36.5,25.8,31.7,19.2,21.4,20.3,16.4,16.7,9.8,11.1,19.4,14.5,16.6,27,16.4,21.1,17.9,29,23.3,23.8,22,23.3,31.1,23.1,25.1,32.3,26.6,28.3,14.2,28.6,22.7,36.6,37.2,34.5,35.1,40.3,36.6,37.4,33.7,32.3,25,25.9,28.5,35.8,33.5,26.9,29.9,34.9,38,37.3,27.8,30.4,28.8,21.9,21.2,21.6,49.9,30.1,38.1,44.6,27.9,31.2,21.6,48.2,34,33.4,26,28.7,39.5,40.3,19.9,19.3,12,16.5,24.6,29.6,32.1,39.5,34.3,NA,NA,NA,NA,NA,NA,NA,NA,NA,NA,NA,NA,NA,NA,NA,NA,NA,NA,NA,NA,NA,NA,NA,NA,NA,NA,NA,NA,NA,NA,NA,NA,NA,NA,NA,NA,NA,NA,NA,NA,NA,NA,NA,NA,NA,NA,NA,NA,NA,NA,NA,NA,NA,NA,NA,NA,NA,NA,NA,NA,NA,NA,NA,NA,NA,NA,NA,NA,NA,NA,NA,NA,NA,NA,NA,NA,NA,NA,NA,NA,NA,NA,NA,NA
47. Children age 12-23 months fully immunized (BCG measles and 3 doses each of polio/DPT) (%),NA,NA,78.9,86.1,86.1,NA,NA,56.8,78.1,69.7,74,58.1,62.1,71.7,72.1,77.5,71.3,73.6,NA,NA,57.3,77.4,NA,81.9,85.4,NA,78.7,79.4,80.3,80,NA,85.6,87.4,NA,58.8,70,66.5,70.4,55,60.6,NA,NA,64.2,42,39,73.1,72,NA,70.7,74.6,48.6,54.3,NA,NA,69.9,NA,NA,61,NA,NA,56.8,NA,NA,54.4,NA,54,59,NA,NA,47.7,NA,51.7,49.8,55,55.1,48.8,51.6,89.7,81.6,83.8,80.7,90,100,93.2,*,*,NA,NA,NA,*,*,NA,NA,NA,NA,NA,NA,NA,NA,NA,NA,NA,*,*,NA,NA,*,NA,NA,*,NA,NA,NA,NA,*,NA,NA,*,NA,NA,NA,NA,NA,NA,*,*,NA,NA,NA,NA,NA,*,NA,NA,NA,NA,*,*,NA,*,*,NA,*,*,NA,*,*,NA,*,NA,NA,*,*,NA,*,NA,NA,NA,NA,NA,NA,NA,NA,NA,NA,NA,NA,NA
48. Children age 12-23 months who have received BCG (%),NA,NA,97.7,99.2,99.2,NA,NA,92.2,92.8,94.7,93.8,93.8,94.6,94.7,95.5,100,95.5,97.2,NA,NA,97.7,100,NA,100,100,NA,100,100,95.1,96.7,NA,100,100,NA,86.2,90.7,93.1,94.3,91.9,92.9,NA,NA,94.4,69.4,72.6,98.3,98.8,NA,97,96.6,89.1,90.3,NA,NA,98,NA,NA,96.1,NA,NA,93.4,NA,NA,85.9,NA,86.4,89.7,NA,NA,86.5,NA,88.8,91.6,98.2,97,87.6,89.5,97.9,96.4,96.6,97.7,100,100,100,*,*,NA,NA,NA,*,*,NA,NA,NA,NA,NA,NA,NA,NA,NA,NA,NA,*,*,NA,NA,*,NA,NA,*,NA,NA,NA,NA,*,NA,NA,*,NA,NA,NA,NA,NA,NA,*,*,NA,NA,NA,NA,NA,*,NA,NA,NA,NA,*,*,NA,*,*,NA,*,*,NA,*,*,NA,*,NA,NA,*,*,NA,*,NA,NA,NA,NA,NA,NA,NA,NA,NA,NA,NA,NA,NA
49. Children age 12-23 months who have received 3 doses of polio vaccine (%),NA,NA,86.3,97.6,97.6,NA,NA,79.1,85.1,83.1,84.1,83.9,85.9,86.3,84.6,85.3,79.9,81.9,NA,NA,75.9,95.8,NA,97.5,90.5,NA,88.4,85.3,87.4,86.7,NA,91.2,91.9,NA,74.7,80.6,76.5,78.7,73.6,76.9,NA,NA,80.8,63.4,58.4,83.5,84.2,NA,84.7,86.1,70.3,73.6,NA,NA,70.8,NA,NA,77.5,NA,NA,71.4,NA,NA,68.7,NA,54,59,NA,NA,56,NA,78.3,72.7,76.4,80.3,76.6,78.3,91.7,84.4,87.8,87.6,96.9,100,97.9,*,*,NA,NA,NA,*,*,NA,NA,NA,NA,NA,NA,NA,NA,NA,NA,NA,*,*,NA,NA,*,NA,NA,*,NA,NA,NA,NA,*,NA,NA,*,NA,NA,NA,NA,NA,NA,*,*,NA,NA,NA,NA,NA,*,NA,NA,NA,NA,*,*,NA,*,*,NA,*,*,NA,*,*,NA,*,NA,NA,*,*,NA,*,NA,NA,NA,NA,NA,NA,NA,NA,NA,NA,NA,NA,NA
50. Children age 12-23 months who have received 3 doses of DPT vaccine (%),NA,NA,85.6,97.6,97.6,NA,NA,81.2,92.8,91.8,92.3,79.3,81.9,91.3,88.8,91.1,79.9,84.2,NA,NA,85.6,97.4,NA,95.3,100,NA,98.4,96.8,90,92.2,NA,97,97.6,NA,71.7,81,83.7,84.6,79.1,81.7,NA,NA,85.1,55.9,54.9,80.7,81.4,NA,90.9,91,66.3,70,NA,NA,82.1,NA,NA,79.5,NA,NA,77,NA,NA,64.3,NA,71,77.3,NA,NA,64.7,NA,77,72.1,74.9,71.7,74.2,78.1,89.7,82.9,94,91.7,96.9,100,97.9,*,*,NA,NA,NA,*,*,NA,NA,NA,NA,NA,NA,NA,NA,NA,NA,NA,*,*,NA,NA,*,NA,NA,*,NA,NA,NA,NA,*,NA,NA,*,NA,NA,NA,NA,NA,NA,*,*,NA,NA,NA,NA,NA,*,NA,NA,NA,NA,*,*,NA,*,*,NA,*,*,NA,*,*,NA,*,NA,NA,*,*,NA,*,NA,NA,NA,NA,NA,NA,NA,NA,NA,NA,NA,NA,NA
51. Children age 12-23 months who have received measles vaccine (%),NA,NA,87.9,89.4,89.4,NA,NA,70.8,85.9,81.3,83.6,79.8,81,80.4,81.8,95.3,82.2,87.2,NA,NA,81.7,84.2,NA,89.1,94.8,NA,90.3,94.1,90.4,91.6,NA,94.4,95.5,NA,83.1,88.7,83,84.1,77.8,80.6,NA,NA,80.9,55.8,56.6,95.9,97,NA,92.2,93,74,76.9,NA,NA,90.1,NA,NA,77.3,NA,NA,78.5,NA,NA,80.5,NA,78.1,82.7,NA,NA,78.1,NA,88.9,91.7,77.4,78.4,81.4,81,94,90.3,92.6,93,90,100,93.2,*,*,NA,NA,NA,*,*,NA,NA,NA,NA,NA,NA,NA,NA,NA,NA,NA,*,*,NA,NA,*,NA,NA,*,NA,NA,NA,NA,*,NA,NA,*,NA,NA,NA,NA,NA,NA,*,*,NA,NA,NA,NA,NA,*,NA,NA,NA,NA,*,*,NA,*,*,NA,*,*,NA,*,*,NA,*,NA,NA,*,*,NA,*,NA,NA,NA,NA,NA,NA,NA,NA,NA,NA,NA,NA,NA
52. Children age 12-23 months who have received 3 doses of Hepatitis B vaccine (%),NA,NA,77,81.3,81.3,NA,NA,68.4,75.3,74.7,75,71.2,73.5,73.5,72.5,79.2,68.6,72.6,NA,NA,70.5,93,NA,91.3,86.8,NA,80.5,75.9,76.9,76.6,NA,85.2,87.1,NA,43.8,50.5,66.7,66.7,59.4,59.7,NA,NA,58.8,49.4,46.8,68,65.8,NA,75.5,78,41.6,43.6,NA,NA,59.2,NA,NA,53.6,NA,NA,37.1,NA,NA,53.2,NA,33.9,39.2,NA,NA,42.5,NA,47.4,46.6,53.8,49.3,68.3,66.4,83.2,78.3,84.4,83.3,80.6,74,78.5,*,*,NA,NA,NA,*,*,NA,NA,NA,NA,NA,NA,NA,NA,NA,NA,NA,*,*,NA,NA,*,NA,NA,*,NA,NA,NA,NA,*,NA,NA,*,NA,NA,NA,NA,NA,NA,*,*,NA,NA,NA,NA,NA,*,NA,NA,NA,NA,*,*,NA,*,*,NA,*,*,NA,*,*,NA,*,NA,NA,*,*,NA,*,NA,NA,NA,NA,NA,NA,NA,NA,NA,NA,NA,NA,NA
53. Children age 9-59 months who received a vitamin A dose in last 6 months (%),59.5,68.5,63.3,60,60,67.7,69.3,68.3,69.7,80.2,74.7,84.7,86,67.7,68.3,66,68.4,67.4,57.6,62.5,60.6,66.6,67.2,66.8,81.5,80.7,81.2,66.1,64.7,65.2,81.9,74.3,77.1,64.4,81,73.1,65.9,68.3,78.8,77.7,57.9,60.1,59.5,65.9,64.4,73.6,70.3,65.3,73.2,70.3,65.8,68.5,67.7,57.6,60.3,59.6,63.3,60.9,80.6,84,82,75.5,83.6,80.2,53.7,55.5,55,61,65.7,63.1,65.4,63.1,64.1,63.1,62.5,84.9,81.3,66.1,65.6,57.6,61.7,88.9,91.5,89.7,NA,NA,NA,NA,NA,NA,NA,NA,NA,NA,NA,NA,NA,NA,NA,NA,NA,NA,NA,NA,NA,NA,NA,NA,NA,NA,NA,NA,NA,NA,NA,NA,NA,NA,NA,NA,NA,NA,NA,NA,NA,NA,NA,NA,NA,NA,NA,NA,NA,NA,NA,NA,NA,NA,NA,NA,NA,NA,NA,NA,NA,NA,NA,NA,NA,NA,NA,NA,NA,NA,NA,NA,NA,NA,NA,NA,NA,NA,NA,NA,NA,NA,NA,NA
54. Children age 12-23 months who received most of the vaccinations in public health facility (%),NA,NA,70.9,83,83,NA,NA,70,79.1,78.6,78.8,100,100,96.9,95.1,88.9,92.7,91.2,NA,NA,93.7,77,NA,84.8,87.5,NA,86,82.7,96,91.4,NA,72.7,71.1,NA,96.3,92.4,91.9,87.4,97.2,97.6,NA,NA,94.6,89.8,87.5,78.9,78.1,NA,89.4,84.7,94.6,92.7,NA,NA,89.1,NA,NA,83.5,NA,NA,83.3,NA,NA,91.1,NA,NA,92.3,NA,NA,82.7,NA,96.9,90.4,61.6,62,92.5,93.7,99,93.2,88.4,90.2,91,88.6,90.2,*,*,NA,NA,NA,*,*,NA,NA,NA,NA,NA,NA,NA,NA,NA,NA,NA,*,*,NA,NA,*,NA,NA,*,NA,NA,NA,NA,*,NA,NA,*,NA,NA,NA,NA,NA,NA,*,*,NA,NA,NA,NA,NA,*,NA,NA,NA,NA,*,*,NA,*,*,NA,*,*,NA,*,*,NA,*,*,NA,*,*,NA,*,NA,NA,NA,NA,NA,NA,NA,NA,NA,NA,NA,NA,NA
55. Children age 12-23 months who received most of the vaccinations in private health facility (%),NA,NA,29.1,17,17,NA,NA,30.1,21,21.5,21.2,0,0,3.1,4.9,11.1,7.3,8.8,NA,NA,6.3,23,NA,15.2,12.5,NA,14,17.3,4,8.6,NA,27.3,29,NA,3.7,7.6,8.2,12.6,2.8,2.4,NA,NA,5.4,10.2,12.6,21.1,21.9,NA,10.6,15.3,5.4,7.3,NA,NA,10.9,NA,NA,16.5,NA,NA,16.7,NA,NA,9,NA,NA,7.7,NA,NA,17.3,NA,3.1,9.6,38.4,38,7.5,6.3,1,6.8,11.6,9.8,9,11.4,9.8,*,*,NA,NA,NA,*,*,NA,NA,NA,NA,NA,NA,NA,NA,NA,NA,NA,*,*,NA,NA,*,NA,NA,*,NA,NA,NA,NA,*,NA,NA,*,NA,NA,NA,NA,NA,NA,*,*,NA,NA,NA,NA,NA,*,NA,NA,NA,NA,*,*,NA,*,*,NA,*,*,NA,*,*,NA,*,*,NA,*,*,NA,*,NA,NA,NA,NA,NA,NA,NA,NA,NA,NA,NA,NA,NA
56. Prevalence of diarrhoea (reported) in the last 2 weeks preceding the survey (%),7.4,8.7,7.9,10.9,10.9,2.8,5.3,3.7,8.4,7.8,8.1,11.8,10.8,11,11.8,10.5,7.8,8.9,3.5,6.2,5.2,7.9,11.9,9.7,6.1,8,6.7,14.1,5.9,8.5,12.4,9.8,10.8,4.4,5.9,5.2,16.6,15.5,6.2,7.2,8.9,6,6.8,5.3,5.3,4.2,4.8,11.4,5.8,7.7,6.1,5.6,5.6,9.7,8.6,10.5,6.6,9.1,4.4,7.7,5.8,15.5,2.9,8.3,6,8.7,7.9,6.8,8.7,7.7,5.7,7.6,6.8,6.9,6.7,8.1,6.5,9.9,10.2,8.5,7.6,6.6,8.8,7.3,NA,NA,NA,NA,NA,NA,NA,NA,NA,NA,NA,NA,NA,NA,NA,NA,NA,NA,NA,NA,NA,NA,NA,NA,NA,NA,NA,NA,NA,NA,NA,NA,NA,NA,NA,NA,NA,NA,NA,NA,NA,NA,NA,NA,NA,NA,NA,NA,NA,NA,NA,NA,NA,NA,NA,NA,NA,NA,NA,NA,NA,NA,NA,NA,NA,NA,NA,NA,NA,NA,NA,NA,NA,NA,NA,NA,NA,NA,NA,NA,NA,NA,NA,NA
57. Children with diarrhoea in the last 2 weeks who received oral rehydration salts (ORS) (%),NA,NA,NA,NA,NA,NA,NA,NA,NA,NA,NA,65.3,66.6,61.2,62.5,NA,NA,NA,NA,NA,NA,NA,NA,NA,NA,NA,NA,NA,NA,NA,NA,NA,34.5,NA,NA,NA,63.4,67,NA,NA,NA,NA,NA,NA,NA,NA,NA,NA,NA,NA,NA,NA,NA,NA,NA,NA,NA,NA,NA,NA,NA,NA,NA,NA,NA,NA,NA,NA,NA,NA,NA,NA,NA,NA,NA,NA,NA,NA,54.6,NA,NA,NA,NA,NA,*,*,*,*,*,*,*,*,*,*,*,NA,NA,NA,NA,*,*,*,*,*,*,*,*,*,*,*,*,*,*,*,*,*,NA,*,*,*,NA,NA,*,*,*,*,*,*,*,*,*,*,*,*,*,*,*,*,*,*,*,*,*,*,*,*,*,*,*,*,*,*,*,*,*,*,*,*,*,*,*,*,NA,*,*,*,*,*
58. Children with diarrhoea in the last 2 weeks who received zinc (%),NA,NA,NA,NA,NA,NA,NA,NA,NA,NA,NA,53.3,55.1,26.4,33.7,NA,NA,NA,NA,NA,NA,NA,NA,NA,NA,NA,NA,NA,NA,NA,NA,NA,28.2,NA,NA,NA,32.6,32.8,NA,NA,NA,NA,NA,NA,NA,NA,NA,NA,NA,NA,NA,NA,NA,NA,NA,NA,NA,NA,NA,NA,NA,NA,NA,NA,NA,NA,NA,NA,NA,NA,NA,NA,NA,NA,NA,NA,NA,NA,56.9,NA,NA,NA,NA,NA,*,*,*,*,*,*,*,*,*,*,*,NA,NA,NA,NA,*,*,*,*,*,*,*,*,*,*,*,*,*,*,*,*,*,NA,*,*,*,NA,NA,*,*,*,*,*,*,*,*,*,*,*,*,*,*,*,*,*,*,*,*,*,*,*,*,*,*,*,*,*,*,*,*,*,*,*,*,*,*,*,*,NA,*,*,*,*,*
59. Children with diarrhoea in the last 2 weeks taken to a health facility (%),NA,NA,NA,NA,NA,NA,NA,NA,NA,NA,NA,73.8,74.8,80,76.7,NA,NA,NA,NA,NA,NA,NA,NA,NA,NA,NA,NA,NA,NA,NA,NA,NA,81.9,NA,NA,NA,81,82.9,NA,NA,NA,NA,NA,NA,NA,NA,NA,NA,NA,NA,NA,NA,NA,NA,NA,NA,NA,NA,NA,NA,NA,NA,NA,NA,NA,NA,NA,NA,NA,NA,NA,NA,NA,NA,NA,NA,NA,NA,68.7,NA,NA,NA,NA,NA,*,*,*,*,*,*,*,*,*,*,*,NA,NA,NA,NA,*,*,*,*,*,*,*,*,*,*,*,*,*,*,*,*,*,NA,*,*,*,NA,NA,*,*,*,*,*,*,*,*,*,*,*,*,*,*,*,*,*,*,*,*,*,*,*,*,*,*,*,*,*,*,*,*,*,*,*,*,*,*,*,*,NA,*,*,*,*,*
60. Prevalence of symptoms of acute respiratory infection (ARI) in the last 2 weeks preceding the survey (%),3.1,5.3,4,0.4,0.4,2.8,0.5,2,0.8,3.6,2.1,2.6,2.7,3.9,4.2,3.1,2.9,3,0,3.7,2.3,3.1,4.3,3.7,3.4,1.4,2.7,4.3,4.6,4.5,6.5,0,2.4,2.6,2.9,2.7,7.9,7.5,3.7,3.2,1.8,1.8,1.8,2.1,3.3,2.2,1.8,1.9,7.1,5.3,1.3,1.4,2.5,1.8,1.9,3.4,0.9,2.5,6.1,0,3.6,1.5,1,1.3,6.8,3,4.1,1.6,3,2.2,5.7,6,5.9,6,5.2,1.8,2.7,1.2,0.9,3.8,2.8,0,2.9,0.9,NA,NA,NA,NA,NA,NA,NA,NA,NA,NA,NA,NA,NA,NA,NA,NA,NA,NA,NA,NA,NA,NA,NA,NA,NA,NA,NA,NA,NA,NA,NA,NA,NA,NA,NA,NA,NA,NA,NA,NA,NA,NA,NA,NA,NA,NA,NA,NA,NA,NA,NA,NA,NA,NA,NA,NA,NA,NA,NA,NA,NA,NA,NA,NA,NA,NA,NA,NA,NA,NA,NA,NA,NA,NA,NA,NA,NA,NA,NA,NA,NA,NA,NA,NA
61. Children with fever or symptoms of ARI in the last 2 weeks preceding the survey taken to a health facility (%),NA,NA,89.2,NA,NA,NA,NA,NA,NA,NA,82.7,79.4,80.1,NA,81.5,NA,NA,81.1,NA,NA,NA,NA,NA,78.7,NA,NA,NA,NA,NA,77.7,NA,NA,80.8,NA,NA,90.6,84.1,81.6,NA,NA,NA,NA,78.5,59.4,65.9,84.7,86.1,NA,86.2,83.3,65.6,65.6,NA,83.4,82.6,NA,NA,88.3,NA,NA,NA,NA,NA,NA,NA,75.7,76.3,85.5,NA,85.5,NA,NA,84.7,81.6,81.9,NA,NA,86.7,84.6,96.4,93.2,NA,NA,NA,*,*,NA,*,*,*,*,*,*,*,NA,NA,NA,*,NA,*,*,NA,*,*,*,*,*,NA,*,*,*,*,*,NA,*,*,NA,*,*,NA,NA,NA,*,*,*,*,NA,NA,NA,NA,NA,*,NA,NA,NA,NA,*,NA,NA,*,*,NA,*,*,*,*,*,*,*,NA,NA,NA,*,NA,*,*,NA,NA,NA,*,*,NA,NA,NA,NA,*,*,*
62. Children under age 3 years breastfed within one hour of birth8 (%),63.7,64.8,64.1,40.5,40.5,59.1,67.5,61.9,72.1,70.1,71.2,49.1,48.8,45.6,46,54.1,37.6,44.8,70,61,64.6,84.5,76,80.7,49.4,53.2,50.7,70.9,77.5,75.4,56.2,61.2,59.4,37.7,48.9,43.8,34,33.7,45.8,45.2,53.9,54,54,52,55.8,55.7,54.8,58.5,50.9,53.4,39.9,38.2,37,40.8,40,48,57.2,51.5,62,57,60.1,45.6,51.6,48.8,31.8,47.5,42.9,59.7,47.8,53.7,50.1,55.8,53.8,42.5,40.7,40.8,43,60.4,64.2,53.4,59.9,61.6,52.3,58.7,NA,NA,NA,NA,NA,NA,NA,NA,NA,NA,NA,NA,NA,NA,NA,NA,NA,NA,NA,NA,NA,NA,NA,NA,NA,NA,NA,NA,NA,NA,NA,NA,NA,NA,NA,NA,NA,NA,NA,NA,NA,NA,NA,NA,NA,NA,NA,NA,NA,NA,NA,NA,NA,NA,NA,NA,NA,NA,NA,NA,NA,NA,NA,NA,NA,NA,NA,NA,NA,NA,NA,NA,NA,NA,NA,NA,NA,NA,NA,NA,NA,NA,NA,NA
63. Children under age 6 months exclusively breastfed9 (%),NA,NA,NA,NA,NA,NA,NA,NA,NA,NA,43.5,NA,NA,NA,NA,NA,NA,NA,NA,NA,NA,NA,NA,NA,NA,NA,NA,NA,NA,NA,NA,NA,NA,NA,NA,NA,NA,NA,NA,NA,NA,NA,NA,NA,NA,NA,NA,NA,NA,NA,NA,37.7,NA,NA,NA,NA,NA,NA,NA,NA,NA,NA,NA,NA,NA,NA,NA,NA,NA,NA,NA,NA,NA,NA,NA,NA,NA,56.2,54.5,NA,NA,NA,NA,NA,*,*,*,*,*,*,*,*,*,*,NA,*,*,*,*,*,*,*,*,*,*,*,*,*,*,*,*,*,*,*,*,*,*,*,*,*,*,*,*,*,*,*,*,*,*,*,*,*,*,*,*,NA,*,*,*,*,*,*,*,*,*,*,*,*,*,*,*,*,*,*,*,*,*,*,*,*,*,NA,NA,*,*,*,*,*
64. Children age 6-8 months receiving solid or semi-solid food and breastmilk9 (%),NA,NA,NA,NA,NA,NA,NA,NA,NA,NA,NA,NA,NA,NA,NA,NA,NA,NA,NA,NA,NA,NA,NA,NA,NA,NA,NA,NA,NA,NA,NA,NA,NA,NA,NA,NA,NA,NA,NA,NA,NA,NA,NA,NA,NA,NA,NA,NA,NA,NA,NA,NA,NA,NA,NA,NA,NA,NA,NA,NA,NA,NA,NA,NA,NA,NA,NA,NA,NA,NA,NA,NA,NA,NA,NA,NA,NA,NA,NA,NA,NA,NA,NA,NA,*,*,*,*,*,*,*,*,*,*,*,*,*,*,*,*,*,*,*,*,*,*,*,*,*,*,*,*,*,*,*,*,*,*,*,*,*,*,*,*,*,*,*,*,*,*,*,*,*,*,*,*,*,*,*,*,*,*,*,*,*,*,*,*,*,*,*,*,*,*,*,*,*,*,*,*,*,*,*,*,*,*,*,*
65. Breastfeeding children age 6-23 months receiving an adequate diet9 10 (%),NA,19.9,10.2,16.1,16.1,NA,NA,17,40.5,NA,26,22.6,24.6,17.4,19,24.9,NA,31.7,NA,NA,25.8,NA,NA,22.6,28.8,NA,30,NA,29.6,27.6,NA,20.9,27.7,NA,NA,13.6,39.8,39.5,19.8,18.5,NA,23.2,19.7,10.6,16.7,29.6,29.1,NA,27.6,24,20.7,24.9,NA,NA,18.4,NA,NA,33,NA,NA,12.4,NA,22.9,26.5,NA,30,28.8,NA,NA,23.3,NA,NA,10.9,34.5,30.8,9.9,11.4,14.3,10.9,17,18.8,19.5,NA,19.5,*,NA,NA,NA,NA,*,*,NA,NA,*,NA,NA,NA,NA,NA,NA,*,NA,*,*,NA,*,*,NA,NA,*,NA,*,NA,NA,*,NA,NA,*,*,NA,NA,NA,NA,NA,*,NA,NA,NA,NA,NA,NA,*,NA,NA,NA,NA,*,*,NA,*,*,NA,*,*,NA,*,NA,NA,*,NA,NA,*,*,NA,*,*,NA,NA,NA,NA,NA,NA,NA,NA,NA,NA,*,NA
66. Non-breastfeeding children age 6-23 months receiving an adequate diet9 10 (%),NA,NA,NA,NA,NA,NA,NA,NA,NA,NA,53.2,NA,NA,58.2,55.8,NA,NA,31.5,NA,NA,NA,NA,NA,36.4,NA,NA,NA,NA,NA,51.5,NA,NA,39.9,NA,NA,NA,NA,54.6,NA,NA,NA,NA,NA,NA,NA,NA,NA,NA,NA,NA,55.5,58.1,NA,NA,61,NA,NA,NA,NA,NA,39.3,NA,NA,NA,NA,NA,63.3,NA,NA,40.3,NA,NA,NA,51.4,47.5,44.2,43.1,NA,52,NA,NA,NA,NA,NA,*,*,*,*,*,*,*,*,*,*,NA,*,*,NA,NA,*,*,NA,*,*,*,*,*,NA,*,*,*,*,*,NA,*,*,NA,*,*,*,*,NA,*,*,*,*,*,*,*,*,*,*,*,*,NA,NA,*,*,NA,*,*,*,*,*,NA,*,*,*,*,*,NA,*,*,NA,*,*,*,NA,NA,NA,NA,*,NA,*,*,*,*,*
67. Total children age 6-23 months receiving an adequate diet9 10 (%),21.6,15.6,19.6,13.8,13.8,21.3,33.2,25.7,41.1,34.2,37.5,28.4,29.8,32.2,31.2,23.8,38.8,31.6,34.2,39.2,36.9,31.4,25.3,28.7,30.8,36.6,32.5,43.9,34.7,37.5,48.5,25.6,32.9,17.8,39.4,30.3,45.6,45.2,31.6,32,16.5,28.6,25,21.2,25.2,38.5,36,36.5,30.7,32.3,33.9,37.1,33.7,39,37.7,NA,28.3,33.3,25.5,23.1,24.4,30.1,28.1,29,36.2,42.9,41.3,28.6,34.6,31.7,NA,33.5,28.5,42.2,37.7,21.9,21.8,26.8,23.6,30.8,36.1,41.8,20.4,35.2,NA,NA,NA,NA,NA,NA,NA,NA,NA,NA,NA,NA,NA,NA,NA,NA,NA,NA,NA,NA,NA,NA,NA,NA,NA,NA,NA,NA,NA,NA,NA,NA,NA,NA,NA,NA,NA,NA,NA,NA,NA,NA,NA,NA,NA,NA,NA,NA,NA,NA,NA,NA,NA,NA,NA,*,NA,NA,NA,NA,NA,NA,NA,NA,NA,NA,NA,NA,NA,NA,*,NA,NA,NA,NA,NA,NA,NA,NA,NA,NA,NA,NA,NA
68. Children under 5 years who are stunted11 (%),25.8,36,30.1,30.9,30.9,23.5,27.5,25,30.1,27.8,29,24.5,24.5,31.4,31.8,23.4,29.5,27,38.9,16.6,25.2,21.1,31,25.6,32,35.1,33.1,22.3,35.5,31.1,23.5,29.7,27.5,28.4,31.3,30,24.3,24,37.4,37,31.6,26.8,28.2,27.2,24.5,29,28.4,25.4,26.4,26,28,26.7,15.4,22.8,20.9,20.9,21.7,21.2,26.8,28.3,27.4,27,31.9,29.9,17.3,24.6,22.5,12.8,30.3,21.2,29.2,31.8,30.8,15.8,17.2,22.2,24.2,29.6,25.1,25.4,27.3,29.7,28.6,29.4,NA,NA,NA,NA,NA,NA,NA,NA,NA,NA,NA,NA,NA,NA,NA,NA,NA,NA,NA,NA,NA,NA,NA,NA,NA,NA,NA,NA,NA,NA,NA,NA,NA,NA,NA,NA,NA,NA,NA,NA,NA,NA,NA,NA,NA,NA,NA,NA,NA,NA,NA,NA,NA,NA,NA,NA,NA,NA,NA,NA,NA,NA,NA,NA,NA,NA,NA,NA,NA,NA,NA,NA,NA,NA,NA,NA,NA,NA,NA,NA,NA,NA,NA,NA
69. Children under 5 years who are wasted11 (%),22.5,24.4,23.3,18.1,18.1,14,13.7,13.9,30.4,24,27.5,36.5,34.6,17.9,16.3,30.6,16.8,22.5,15,15,15,18.4,13.6,16.3,29,34.5,31,28,25.7,26.5,20.6,24.3,23,21.3,17.2,19,19.4,18.2,19.3,20.3,19.3,19.9,19.7,16.2,17.4,22.1,22.1,23.7,18.5,20.4,20.9,20.9,18.4,18.9,18.8,11,15.6,12.7,11.2,18.4,14,10.7,22.5,17.7,16.1,17.4,17,14.1,10.5,12.4,15.6,11.3,12.9,6,9,32.2,33,20.4,20.1,21.2,21.3,17.3,27.8,20.4,NA,NA,NA,NA,NA,NA,NA,NA,NA,NA,NA,NA,NA,NA,NA,NA,NA,NA,NA,NA,NA,NA,NA,NA,NA,NA,NA,NA,NA,NA,NA,NA,NA,NA,NA,NA,NA,NA,NA,NA,NA,NA,NA,NA,NA,NA,NA,NA,NA,NA,NA,NA,NA,NA,NA,NA,NA,NA,NA,NA,NA,NA,NA,NA,NA,NA,NA,NA,NA,NA,NA,NA,NA,NA,NA,NA,NA,NA,NA,NA,NA,NA,NA,NA
70. Children under 5 years who are severely wasted12 (%),9.1,12.9,10.7,12.6,12.6,1.1,5.7,2.9,14.8,8.6,12,20.1,18.7,3.5,3,9.5,7.7,8.4,3.9,4.9,4.5,5.5,6.8,6.1,18,15.3,17.1,12.6,11.7,12,7.4,10.6,9.5,9.6,7.1,8.2,5.2,4.8,7.3,8.1,11.2,5.3,7,6.8,8.1,6.3,6.7,8.5,6.8,7.5,5.8,5.4,5.4,8.6,7.8,3,1.9,2.6,0.9,7.4,3.4,3.1,5.2,4.4,3.8,2.6,2.9,7.5,2.2,5,3.7,3.2,3.3,1.6,2,18,18.3,9.4,9.7,10.3,8.9,10.4,9.1,10,NA,NA,NA,NA,NA,NA,NA,NA,NA,NA,NA,NA,NA,NA,NA,NA,NA,NA,NA,NA,NA,NA,NA,NA,NA,NA,NA,NA,NA,NA,NA,NA,NA,NA,NA,NA,NA,NA,NA,NA,NA,NA,NA,NA,NA,NA,NA,NA,NA,NA,NA,NA,NA,NA,NA,NA,NA,NA,NA,NA,NA,NA,NA,NA,NA,NA,NA,NA,NA,NA,NA,NA,NA,NA,NA,NA,NA,NA,NA,NA,NA,NA,NA,NA
71. Children under 5 years who are underweight11 (%),19.9,35.7,26.6,17.2,17.2,17,14.7,16.1,33.4,31.7,32.6,35.5,34.7,29.7,28.6,27.2,18.7,22.2,21.9,15.5,18,18.6,13.1,16.1,28.7,34.3,30.7,23.7,32.7,29.8,27.7,29.5,28.9,28.2,27.1,27.6,22.5,22,28.4,29.7,24.4,25.2,25,23.4,22.9,31.6,29.6,31.1,18.1,22.9,24.7,25,16.5,24.7,22.7,18.9,20.6,19.5,18.3,27.7,22,17.7,31.1,25.7,19.2,23.9,22.6,15.7,19.6,17.6,21.1,23.6,22.7,9.7,12.8,24.2,29.6,25.6,23.1,21.6,22.9,21.9,31.9,24.9,NA,NA,NA,NA,NA,NA,NA,NA,NA,NA,NA,NA,NA,NA,NA,NA,NA,NA,NA,NA,NA,NA,NA,NA,NA,NA,NA,NA,NA,NA,NA,NA,NA,NA,NA,NA,NA,NA,NA,NA,NA,NA,NA,NA,NA,NA,NA,NA,NA,NA,NA,NA,NA,NA,NA,NA,NA,NA,NA,NA,NA,NA,NA,NA,NA,NA,NA,NA,NA,NA,NA,NA,NA,NA,NA,NA,NA,NA,NA,NA,NA,NA,NA,NA
72. Women whose Body Mass Index (BMI) is below normal (BMI <18.5 kg/m2) (%),9.7,14.4,11.3,9.4,9.4,6.4,14.9,9.5,14.3,14.5,14.4,19.2,16.1,19.8,18.6,11.2,12.8,12,9.2,12,10.8,9.3,12.2,10.7,10.4,16,12.7,11.2,15.8,14.1,9.7,18.8,14.9,13.2,22.3,17.9,18.5,17.1,17.4,16.9,12.8,22.8,19.3,26.4,22.7,20.9,19.8,11.5,18,15.7,26,23.5,10.9,24.1,20.1,11.2,22.1,14.9,11.8,16.7,13.6,10.1,18.9,14.6,10.6,22.9,19.2,14.2,22.2,17.9,18.7,19.2,18.9,12.5,12.3,16.8,15.7,20.4,18.1,11.4,13.8,10.5,14.4,11.9,NA,NA,NA,NA,NA,NA,NA,NA,NA,NA,NA,NA,NA,NA,NA,NA,NA,NA,NA,NA,NA,NA,NA,NA,NA,NA,NA,NA,NA,NA,NA,NA,NA,NA,NA,NA,NA,NA,NA,NA,NA,NA,NA,NA,NA,NA,NA,NA,NA,NA,NA,NA,NA,NA,NA,NA,NA,NA,NA,NA,NA,NA,NA,NA,NA,NA,NA,NA,NA,NA,NA,NA,NA,NA,NA,NA,NA,NA,NA,NA,NA,NA,NA,NA
73. Men whose Body Mass Index (BMI) is below normal (BMI <18.5 kg/m2) (%),9.8,8.1,9.2,4.3,4.3,7.9,21.3,11.9,22.2,2.3,13,7.8,7,17.7,16.6,7.4,14.4,10.8,13.8,8.4,11,9.8,17.9,13.6,9.8,9.5,9.7,12.6,9.6,10.6,12.5,17.7,15.3,10,21.1,15.4,24.5,18.8,13.4,15.9,15.8,14.4,14.9,15.2,14.4,23.9,23.7,17.6,20,19.1,17.4,17.6,15.8,22.5,20.3,12.1,11.1,11.8,16.7,6.5,12.9,13.6,26.4,19.8,9.3,16.4,14.4,18.8,22.8,20.2,16.3,18.3,17.3,4,6.9,12.2,9.3,18.1,18.1,7.2,6.2,9.4,8.4,9,NA,NA,NA,NA,NA,NA,NA,NA,NA,NA,NA,NA,NA,NA,NA,NA,NA,NA,NA,NA,NA,NA,NA,NA,NA,NA,NA,NA,NA,NA,NA,NA,NA,NA,NA,NA,NA,NA,NA,NA,NA,NA,NA,NA,NA,NA,NA,NA,NA,NA,NA,NA,NA,NA,NA,NA,NA,NA,NA,NA,NA,NA,NA,NA,NA,NA,NA,NA,NA,NA,NA,NA,NA,NA,NA,NA,NA,NA,NA,NA,NA,NA,NA,NA
74. Women who are overweight or obese (BMI >=25.0 kg/m2) (%),34.4,28.1,32.3,33.6,33.6,42.4,33.5,39.2,34,34.6,34.3,26.1,27.1,23,24.6,35.2,23.8,29.4,29.1,21.5,24.7,29.4,25.1,27.4,25,20.7,23.2,32.5,22,26,43.3,22.6,31.4,40.3,22.8,31.3,24.9,27.8,20.8,21.4,39.4,23.6,29,23,26.9,28,29.2,44.6,27.1,33.3,20.6,24.7,43.2,22,28.4,40.2,26.2,35.5,37.8,26,33.5,43.2,22.9,32.9,44.7,27.6,32.7,41.1,30.3,36,32.9,26,29.5,42.4,42.5,23.3,25.4,19.1,24.4,36.6,34.4,28.2,27.8,28,NA,NA,NA,NA,NA,NA,NA,NA,NA,NA,NA,NA,NA,NA,NA,NA,NA,NA,NA,NA,NA,NA,NA,NA,NA,NA,NA,NA,NA,NA,NA,NA,NA,NA,NA,NA,NA,NA,NA,NA,NA,NA,NA,NA,NA,NA,NA,NA,NA,NA,NA,NA,NA,NA,NA,NA,NA,NA,NA,NA,NA,NA,NA,NA,NA,NA,NA,NA,NA,NA,NA,NA,NA,NA,NA,NA,NA,NA,NA,NA,NA,NA,NA,NA
75. Men who are overweight or obese (BMI >=25.0 kg/m2) (%),33.2,30,32,31.3,31.3,31,22.1,28.3,26.1,26.1,26.1,29.8,29.8,33.4,34.1,37.6,30.6,34.3,22.8,25.8,24.4,33,14.1,24.1,14,21.6,16.5,21.3,26,24.4,30.1,24,26.8,36.7,20.2,28.7,18.9,21.7,29,28.9,26.9,19.3,22.1,24.4,27,19.9,24.6,34.2,29,31,24.2,21.2,44.1,15.7,24.9,32.3,32.5,32.3,32.1,21.3,28.1,20.1,15.1,17.7,28.4,26.6,27.1,24.2,20.4,22.9,32.7,27.5,30.2,34.6,34.6,22.4,22.3,19.7,21,36,34.8,22.7,32.4,26.3,NA,NA,NA,NA,NA,NA,NA,NA,NA,NA,NA,NA,NA,NA,NA,NA,NA,NA,NA,NA,NA,NA,NA,NA,NA,NA,NA,NA,NA,NA,NA,NA,NA,NA,NA,NA,NA,NA,NA,NA,NA,NA,NA,NA,NA,NA,NA,NA,NA,NA,NA,NA,NA,NA,NA,NA,NA,NA,NA,NA,NA,NA,NA,NA,NA,NA,NA,NA,NA,NA,NA,NA,NA,NA,NA,NA,NA,NA,NA,NA,NA,NA,NA,NA
76. Children age 6-59 months who are anaemic (<11.0 g/dl) (%),46.2,55.2,50,44.5,44.5,47.5,41.6,45.2,46.8,54.5,50.4,57.7,57.9,57.5,57.1,59.4,43.9,50.3,52.3,47.2,49.2,45.9,56.8,51,54.8,50.4,53.3,40.2,45.5,43.7,54.3,52.2,53,57.9,62.6,60.4,57.1,56.4,46.5,47.1,64.7,48.3,53.2,43.8,42.3,53.5,52.6,58.2,52,54.4,48,44.9,47.9,52.7,51.4,53.3,57,54.7,48.1,52.8,50,39.6,60,51.6,39.5,53.3,49.5,54.6,58.1,56.3,62.7,61.4,61.9,38.4,37.5,58.4,57.9,50.8,52.1,40.6,43.3,50.8,53.8,51.7,NA,NA,NA,NA,NA,NA,NA,NA,NA,NA,NA,NA,NA,NA,NA,NA,NA,NA,NA,NA,NA,NA,NA,NA,NA,NA,NA,NA,NA,NA,NA,NA,NA,NA,NA,NA,NA,NA,NA,NA,NA,NA,NA,NA,NA,NA,NA,NA,NA,NA,NA,NA,NA,NA,NA,NA,NA,NA,NA,NA,NA,NA,NA,NA,NA,NA,NA,NA,NA,NA,NA,NA,NA,NA,NA,NA,NA,NA,NA,NA,NA,NA,NA,NA
77. Non-pregnant women age 15-49 years who are anaemic (<12.0 g/dl) (%),53.7,59.4,55.7,54.7,54.7,51.7,59.8,54.6,61.1,50.4,55.8,61.5,59.4,63.6,62.7,53.2,57.7,55.5,46.2,51.9,49.5,45.9,51.1,48.3,55.1,45.6,51.2,52.6,50.1,51,55.8,56.5,56.2,62.5,69.5,66.1,58.9,59.1,58.7,57.2,61.7,58.8,59.8,53.3,51.9,58.7,58.7,54.4,60.1,58.1,54.4,55.1,52.2,53.9,53.4,52.6,52.8,52.7,50.3,51.1,50.6,52.1,59.7,56,50.2,50.6,50.5,58.5,59.6,59,55.9,64.2,60,46.1,45.6,61.4,58.9,47.4,47.5,53.4,54.8,59.6,57.5,58.9,NA,NA,NA,NA,NA,NA,NA,NA,NA,NA,NA,NA,NA,NA,NA,NA,NA,NA,NA,NA,NA,NA,NA,NA,NA,NA,NA,NA,NA,NA,NA,NA,NA,NA,NA,NA,NA,NA,NA,NA,NA,NA,NA,NA,NA,NA,NA,NA,NA,NA,NA,NA,NA,NA,NA,NA,NA,NA,NA,NA,NA,NA,NA,NA,NA,NA,NA,NA,NA,NA,NA,NA,NA,NA,NA,NA,NA,NA,NA,NA,NA,NA,NA,NA
78. Pregnant women age 15-49 years who are anaemic (<11.0 g/dl) (%),NA,NA,42.7,26.2,26.2,NA,NA,24.6,NA,NA,48.3,58.8,51.1,68.1,69.2,NA,NA,42.9,NA,NA,NA,NA,NA,NA,NA,NA,30.5,NA,NA,51.5,NA,NA,48.4,NA,NA,57.5,NA,65.2,NA,46.4,NA,NA,60.8,NA,44.9,NA,NA,NA,NA,62,NA,40.5,NA,NA,69.2,NA,NA,NA,NA,NA,27.7,NA,NA,NA,NA,NA,NA,NA,NA,NA,NA,NA,NA,NA,NA,NA,NA,46.5,43.5,44.2,40.5,NA,NA,51.5,*,*,NA,NA,NA,*,*,NA,*,*,NA,NA,NA,NA,NA,*,*,NA,*,*,*,*,*,*,*,*,NA,*,*,NA,*,*,NA,*,*,NA,*,NA,*,NA,*,*,NA,*,NA,*,*,*,*,NA,*,NA,*,*,NA,*,*,*,*,*,NA,*,*,*,*,*,*,*,*,*,*,*,*,*,*,*,*,NA,NA,NA,NA,*,*,NA
79. All women age 15-49 years who are anaemic (%),53,59,55.1,53.9,53.9,50.5,58.6,53.4,60.4,50.6,55.5,61.4,59,63.7,62.9,53.2,57.1,55.2,45.8,51.6,49.1,45.1,50.5,47.6,54.3,45.5,50.7,51.9,50.5,51,55.4,56.4,56,62.1,69.2,65.7,59.2,59.3,58.6,56.8,61.4,59,59.8,53.1,51.6,58.3,58.5,54.7,60.1,58.2,54,54.7,51.8,54.9,54,52,53.3,52.5,49.4,50.8,49.9,52.2,59.4,55.9,49.7,50.6,50.3,58.3,59.7,59,55.6,63.4,59.5,45.1,44.6,61.7,59.1,47.4,47.4,53.1,54.3,59.4,57.2,58.6,NA,NA,NA,NA,NA,NA,NA,NA,NA,NA,NA,NA,NA,NA,NA,NA,NA,NA,NA,NA,NA,NA,NA,NA,NA,NA,NA,NA,NA,NA,NA,NA,NA,NA,NA,NA,NA,NA,NA,NA,NA,NA,NA,NA,NA,NA,NA,NA,NA,NA,NA,NA,NA,NA,NA,NA,NA,NA,NA,NA,NA,NA,NA,NA,NA,NA,NA,NA,NA,NA,NA,NA,NA,NA,NA,NA,NA,NA,NA,NA,NA,NA,NA,NA
80. Men age 15-49 years who are anaemic (<13.0 g/dl) (%),18.3,34.2,24,10.1,10.1,14.4,24.7,17.5,18.4,21.1,19.7,25.3,25.2,36.7,32.6,22.6,29.8,26.1,14.7,15.7,15.2,7.6,27.1,16.7,28.4,28.9,28.6,22,23.3,22.8,16.2,18.7,17.5,21.7,28.8,25.2,22.1,21.2,20.7,22,29,17.7,21.8,17.6,15.9,17.9,21.4,16.6,24,21.2,16.5,21.3,8.2,16.9,14.1,13.6,15.9,14.3,17.2,13.3,15.7,16.4,19.6,17.9,25.2,15.9,18.6,21.4,22.5,21.8,20.1,33.6,26.6,7.3,11,29.3,25.6,30.6,25.8,12.1,13.2,28,18.4,24.4,NA,NA,NA,NA,NA,NA,NA,NA,NA,NA,NA,NA,NA,NA,NA,NA,NA,NA,NA,NA,NA,NA,NA,NA,NA,NA,NA,NA,NA,NA,NA,NA,NA,NA,NA,NA,NA,NA,NA,NA,NA,NA,NA,NA,NA,NA,NA,NA,NA,NA,NA,NA,NA,NA,NA,NA,NA,NA,NA,NA,NA,NA,NA,NA,NA,NA,NA,NA,NA,NA,NA,NA,NA,NA,NA,NA,NA,NA,NA,NA,NA,NA,NA,NA
81. Blood sugar level - high (>140 mg/dl) (%),7.2,4.2,6.2,9.7,9.7,6.2,6.8,6.4,7.8,9.3,8.5,5.4,5.9,5.5,5.7,9.1,6.9,8,6.8,6.6,6.7,5.1,5.2,5.1,6.2,7.6,6.8,8.1,5.3,6.3,9.3,6.6,7.7,8.8,7.5,8.1,8,8.6,7.4,8.1,6.9,3.9,4.9,7.2,8.3,6.1,7,10.6,7.6,8.6,6,7.2,8,6.5,7,9,7.2,8.4,7.6,10.2,8.5,7.7,9,8.4,10.4,4.8,6.5,7.3,6,6.7,9.4,5.7,7.6,10.1,9.3,7.5,8.2,4.4,6.3,6,5.5,3.5,5.4,4.2,NA,NA,NA,NA,NA,NA,NA,NA,NA,NA,NA,NA,NA,NA,NA,NA,NA,NA,NA,NA,NA,NA,NA,NA,NA,NA,NA,NA,NA,NA,NA,NA,NA,NA,NA,NA,NA,NA,NA,NA,NA,NA,NA,NA,NA,NA,NA,NA,NA,NA,NA,NA,NA,NA,NA,NA,NA,NA,NA,NA,NA,NA,NA,NA,NA,NA,NA,NA,NA,NA,NA,NA,NA,NA,NA,NA,NA,NA,NA,NA,NA,NA,NA,NA
82. Blood sugar level - very high (>160 mg/dl) (%),3.6,2.9,3.3,5.5,5.5,3.7,4.5,4,4.9,4.3,4.6,2.9,3.2,3.4,3.3,3.3,2.6,3,2.9,4.1,3.6,2.9,1.8,2.4,3.6,2.5,3.2,5.1,3.4,4,5.8,3.5,4.5,4.7,4.7,4.7,3.6,4.6,4.4,5.1,4,2.4,2.9,4.3,4.6,3.4,4.3,5,3.2,3.8,3,4,4.4,4.9,4.7,4.9,4.4,4.8,4.3,6,4.9,5.7,4.7,5.2,6.5,1.6,3.1,3.9,3.6,3.8,6,2.6,4.3,5.7,5.4,4.6,5.3,2,3.9,3.4,3.1,1.5,2.6,1.9,NA,NA,NA,NA,NA,NA,NA,NA,NA,NA,NA,NA,NA,NA,NA,NA,NA,NA,NA,NA,NA,NA,NA,NA,NA,NA,NA,NA,NA,NA,NA,NA,NA,NA,NA,NA,NA,NA,NA,NA,NA,NA,NA,NA,NA,NA,NA,NA,NA,NA,NA,NA,NA,NA,NA,NA,NA,NA,NA,NA,NA,NA,NA,NA,NA,NA,NA,NA,NA,NA,NA,NA,NA,NA,NA,NA,NA,NA,NA,NA,NA,NA,NA,NA
83. Blood sugar level - high (>140 mg/dl) (%),9,6.6,8.1,9.3,9.3,8.5,6.8,8,9.2,11.6,10.3,12,13.5,13.4,12.1,17.3,10.6,14.1,3.8,8.9,6.5,11.6,14.5,13,7.2,17.3,10.6,8.9,3.9,5.6,14.7,14.5,14.6,20,4.8,12.6,11.5,14.2,10.5,14,9.7,10.1,9.9,5.9,5.3,9.5,10,7.9,15.3,12.5,14.3,15.4,5.3,8.9,7.7,9.5,9.6,9.5,7.8,1.6,5.5,3.9,9.9,6.7,14.5,6.3,8.7,7.7,5.8,7,10.6,7.3,9,15.5,12.5,7.7,7.5,8.7,7,9,7.8,9.6,6,8.2,NA,NA,NA,NA,NA,NA,NA,NA,NA,NA,NA,NA,NA,NA,NA,NA,NA,NA,NA,NA,NA,NA,NA,NA,NA,NA,NA,NA,NA,NA,NA,NA,NA,NA,NA,NA,NA,NA,NA,NA,NA,NA,NA,NA,NA,NA,NA,NA,NA,NA,NA,NA,NA,NA,NA,NA,NA,NA,NA,NA,NA,NA,NA,NA,NA,NA,NA,NA,NA,NA,NA,NA,NA,NA,NA,NA,NA,NA,NA,NA,NA,NA,NA,NA
84. Blood sugar level - very high (>160 mg/dl) (%),6.3,6.6,6.4,4.4,4.4,4.4,4.1,4.3,3.5,6.6,4.9,5.8,6.5,7.7,6.4,12.8,3.6,8.4,0,5.3,2.7,3.4,8.9,6,1.6,5.3,2.9,4.9,2.4,3.2,8.2,11.7,10.1,7.6,3.3,5.5,5.7,8.5,6.7,7.6,7.4,2.4,4.2,5.1,4.6,6.4,7.6,5.4,10.6,8.7,8.5,7.6,3.3,7.2,6,6.2,3.9,5.4,5.8,0,3.6,3.9,7.9,5.7,12.1,6.3,8,2.7,3,2.8,10.6,7.3,9,9.2,7.3,3.1,2.9,5.5,4.6,6.3,4.7,7.2,2.1,5.3,NA,NA,NA,NA,NA,NA,NA,NA,NA,NA,NA,NA,NA,NA,NA,NA,NA,NA,NA,NA,NA,NA,NA,NA,NA,NA,NA,NA,NA,NA,NA,NA,NA,NA,NA,NA,NA,NA,NA,NA,NA,NA,NA,NA,NA,NA,NA,NA,NA,NA,NA,NA,NA,NA,NA,NA,NA,NA,NA,NA,NA,NA,NA,NA,NA,NA,NA,NA,NA,NA,NA,NA,NA,NA,NA,NA,NA,NA,NA,NA,NA,NA,NA,NA
85. Slightly above normal (Systolic 140-159 mm of Hg and/or Diastolic 90-99 mm of Hg) (%),5.7,5.1,5.5,7,7,5.7,6.6,6,4.2,3.7,4,5,5.7,5.2,5,6,6.2,6.1,4.8,5.5,5.2,5.9,8.3,7,7.9,10.7,9.1,6,5.2,5.5,7.6,4.8,6,9.2,5.1,7.1,4.5,4.7,5.6,5.4,6.7,4.2,5.1,6.9,6.5,6.2,7.1,8,5,6,4.8,4.6,7.6,2.4,4,11.9,6.3,10,8.1,6.6,7.5,9.7,6.6,8.1,8,4.7,5.7,5.7,4.8,5.3,6.7,7.7,7.2,6.3,6.2,6.5,8.2,4,4.8,8,7,4,6,4.7,NA,NA,NA,NA,NA,NA,NA,NA,NA,NA,NA,NA,NA,NA,NA,NA,NA,NA,NA,NA,NA,NA,NA,NA,NA,NA,NA,NA,NA,NA,NA,NA,NA,NA,NA,NA,NA,NA,NA,NA,NA,NA,NA,NA,NA,NA,NA,NA,NA,NA,NA,NA,NA,NA,NA,NA,NA,NA,NA,NA,NA,NA,NA,NA,NA,NA,NA,NA,NA,NA,NA,NA,NA,NA,NA,NA,NA,NA,NA,NA,NA,NA,NA,NA
86. Moderately high (Systolic 160-179 mm of Hg and/or Diastolic 100-109 mm of Hg) (%),0.7,0.2,0.6,2.6,2.6,1.5,1.5,1.5,2.5,0.4,1.5,1,1.3,0.8,1.1,1.7,1.5,1.6,0.9,1.6,1.3,2.5,1.7,2.2,3.3,2.1,2.8,1.6,1.2,1.3,2,0.6,1.2,3.2,1.6,2.4,0.8,1.2,1.3,1.1,1.3,0.6,0.9,2.7,2.4,1.9,2.1,0.7,1.1,0.9,0.9,0.8,2.4,0.2,0.9,2.6,2.3,2.5,0.5,2.1,1.1,1.7,0.5,1.1,1.7,1.8,1.8,1.6,0.3,1,2.9,1.2,2.1,1.3,1.2,1.8,1.7,2.5,2.5,2,1.7,1.1,1,1.1,NA,NA,NA,NA,NA,NA,NA,NA,NA,NA,NA,NA,NA,NA,NA,NA,NA,NA,NA,NA,NA,NA,NA,NA,NA,NA,NA,NA,NA,NA,NA,NA,NA,NA,NA,NA,NA,NA,NA,NA,NA,NA,NA,NA,NA,NA,NA,NA,NA,NA,NA,NA,NA,NA,NA,NA,NA,NA,NA,NA,NA,NA,NA,NA,NA,NA,NA,NA,NA,NA,NA,NA,NA,NA,NA,NA,NA,NA,NA,NA,NA,NA,NA,NA
87. Very high (Systolic ?180 mm of Hg and/or Diastolic ?110 mm of Hg) (%),0.2,0,0.2,0.4,0.4,0.2,0.8,0.4,0,0.5,0.2,0.6,1.3,0.1,0.6,0.2,0.2,0.2,0.2,0.6,0.4,0.2,0,0.1,0.8,2.3,1.4,0.5,1.9,1.4,1.2,0.2,0.6,1.4,0.2,0.8,0.7,0.7,0.4,0.3,0.7,0.2,0.4,0.5,0.7,1.2,1,0.5,0.9,0.8,0.3,0.3,0.6,0.5,0.5,0.7,0.5,0.6,1,1.3,1.2,0.6,0.2,0.4,0.6,1,0.9,0.2,0.2,0.2,0.2,0.5,0.4,0.6,0.5,0.1,0.7,0.5,0.5,1.2,0.9,0.2,0.5,0.3,NA,NA,NA,NA,NA,NA,NA,NA,NA,NA,NA,NA,NA,NA,NA,NA,NA,NA,NA,NA,NA,NA,NA,NA,NA,NA,NA,NA,NA,NA,NA,NA,NA,NA,NA,NA,NA,NA,NA,NA,NA,NA,NA,NA,NA,NA,NA,NA,NA,NA,NA,NA,NA,NA,NA,NA,NA,NA,NA,NA,NA,NA,NA,NA,NA,NA,NA,NA,NA,NA,NA,NA,NA,NA,NA,NA,NA,NA,NA,NA,NA,NA,NA,NA
88. Slightly above normal (Systolic 140-159 mm of Hg and/or Diastolic 90-99 mm of Hg) (%),13.6,7.8,11.5,5.9,5.9,7.4,9.7,8.1,11.9,3.7,8.2,6,8.7,9.9,10.7,9.3,9.7,9.5,7.1,14.9,11.1,12.6,17.4,14.8,14.7,12.5,14,12.2,10.8,11.3,13.4,16.6,15.1,18.1,5.6,12,12.6,13.8,20.6,16.3,8,4.9,6,14.7,15.1,7.4,9.4,14,13.3,13.5,8.9,12.4,15.6,10,11.8,18.7,18,18.5,10.8,17.1,13.2,14.5,17.7,16.1,22.7,22.2,22.3,16.8,14.6,16,25.4,10.4,18.2,21.8,19,7.6,8.6,12.5,11.4,10.6,10,7.2,16.6,10.7,NA,NA,NA,NA,NA,NA,NA,NA,NA,NA,NA,NA,NA,NA,NA,NA,NA,NA,NA,NA,NA,NA,NA,NA,NA,NA,NA,NA,NA,NA,NA,NA,NA,NA,NA,NA,NA,NA,NA,NA,NA,NA,NA,NA,NA,NA,NA,NA,NA,NA,NA,NA,NA,NA,NA,NA,NA,NA,NA,NA,NA,NA,NA,NA,NA,NA,NA,NA,NA,NA,NA,NA,NA,NA,NA,NA,NA,NA,NA,NA,NA,NA,NA,NA
89. Moderately high (Systolic 160-179 mm of Hg and/or Diastolic 100-109 mm of Hg) (%),1.5,0,0.9,0.7,0.7,5.6,0,3.9,2.1,2.7,2.4,1,0.7,4,3.3,1.8,2,1.9,0,4.9,2.6,4.2,1.3,2.9,6.2,3.5,5.3,3.9,3.4,3.6,5.8,3,4.3,11.7,2.8,7.4,4.5,3.2,3.8,3.9,4.7,2.5,3.3,3.6,3.8,2.1,2.2,1.2,1.7,1.5,3.6,3.4,5.8,1.6,3,2.9,1.7,2.5,3.5,4.6,3.9,3.8,7.9,5.8,7.1,0,2.2,2.8,0,1.8,3.1,2.4,2.7,2,2,2.6,2.5,1.8,1.3,4.2,4.2,1.3,2.4,1.7,NA,NA,NA,NA,NA,NA,NA,NA,NA,NA,NA,NA,NA,NA,NA,NA,NA,NA,NA,NA,NA,NA,NA,NA,NA,NA,NA,NA,NA,NA,NA,NA,NA,NA,NA,NA,NA,NA,NA,NA,NA,NA,NA,NA,NA,NA,NA,NA,NA,NA,NA,NA,NA,NA,NA,NA,NA,NA,NA,NA,NA,NA,NA,NA,NA,NA,NA,NA,NA,NA,NA,NA,NA,NA,NA,NA,NA,NA,NA,NA,NA,NA,NA,NA
90. Very high (Systolic ?180 mm of Hg and/or Diastolic ?110 mm of Hg) (%),0,0.9,0.3,3,3,1.8,1.2,1.7,0,0,0,0.9,0.7,0.7,0.6,0,0,0,1,1.5,1.3,1.6,3.9,2.7,0,0,0,0,0,0,1.4,3.2,2.4,3.1,0,1.6,3.2,2.3,0,0.9,1,1.3,1.2,2.4,2.2,3.5,2.6,1.5,0,0.5,0,0,1.8,1.9,1.9,0,2.1,0.7,0,0,0,0,2,0.9,1,0,0.3,1.4,5.6,2.9,1.9,0,1,2,2,2.8,2.1,1.9,1.4,2.6,1.9,1.3,2.1,1.6,NA,NA,NA,NA,NA,NA,NA,NA,NA,NA,NA,NA,NA,NA,NA,NA,NA,NA,NA,NA,NA,NA,NA,NA,NA,NA,NA,NA,NA,NA,NA,NA,NA,NA,NA,NA,NA,NA,NA,NA,NA,NA,NA,NA,NA,NA,NA,NA,NA,NA,NA,NA,NA,NA,NA,NA,NA,NA,NA,NA,NA,NA,NA,NA,NA,NA,NA,NA,NA,NA,NA,NA,NA,NA,NA,NA,NA,NA,NA,NA,NA,NA,NA,NA
91. Cervix (%),22.1,26.8,23.6,20.1,20.1,25.7,19.2,23.4,17.9,21.9,19.9,24.3,23.6,32.3,33,30,30.6,30.3,19.1,23.3,21.5,22.9,14.6,19,24.5,19.2,22.3,16.5,18.5,17.8,28.6,29.2,28.9,13.9,22.2,18.1,34,33.8,26.8,25.8,21.7,18,19.3,25.4,26.9,27.2,25.7,22.9,24.3,23.8,32.6,31.8,23.9,23.1,23.4,27.5,32.9,29.3,25.1,31.4,27.4,21.6,26.2,23.9,25.2,27.9,27.1,20.4,22.7,21.5,19.5,29.2,24.2,17.7,19.6,24.2,25.5,18.1,18.7,16.7,16.5,16.7,17.7,17,NA,NA,NA,NA,NA,NA,NA,NA,NA,NA,NA,NA,NA,NA,NA,NA,NA,NA,NA,NA,NA,NA,NA,NA,NA,NA,NA,NA,NA,NA,NA,NA,NA,NA,NA,NA,NA,NA,NA,NA,NA,NA,NA,NA,NA,NA,NA,NA,NA,NA,NA,NA,NA,NA,NA,NA,NA,NA,NA,NA,NA,NA,NA,NA,NA,NA,NA,NA,NA,NA,NA,NA,NA,NA,NA,NA,NA,NA,NA,NA,NA,NA,NA,NA
92. Breast (%),12.5,15.3,13.4,13.4,13.4,14.6,14.2,14.4,8.8,10.4,9.6,20.6,21.1,23.9,24.8,25.4,21.8,23.6,10.6,13.2,12.1,13.8,9.6,11.8,23,15.7,20,11.6,13.4,12.7,17.7,20.3,19.2,9.2,14,11.7,26.8,25.8,19.1,17.2,13.8,16.2,15.3,19.9,19.1,21.2,20.4,12.3,11,11.4,19.2,20.1,18.2,15.6,16.4,17.2,20.6,18.3,9.4,27.5,16.1,16.8,19.5,18.2,14.6,15.5,15.2,12,17.9,14.7,11.1,15.2,13.1,13.8,15,21.4,22.2,13.9,14.7,10.1,10.9,7.2,10.5,8.3,NA,NA,NA,NA,NA,NA,NA,NA,NA,NA,NA,NA,NA,NA,NA,NA,NA,NA,NA,NA,NA,NA,NA,NA,NA,NA,NA,NA,NA,NA,NA,NA,NA,NA,NA,NA,NA,NA,NA,NA,NA,NA,NA,NA,NA,NA,NA,NA,NA,NA,NA,NA,NA,NA,NA,NA,NA,NA,NA,NA,NA,NA,NA,NA,NA,NA,NA,NA,NA,NA,NA,NA,NA,NA,NA,NA,NA,NA,NA,NA,NA,NA,NA,NA
93. Oral cavity (%),11.4,5.5,9.4,7.7,7.7,9.9,8.6,9.4,9.6,5.2,7.4,32.5,32.3,15.1,15.1,10.8,11.3,11,6.2,7.2,6.8,5.3,4.5,4.9,32.1,29.9,31.2,10,9,9.4,6.9,11.7,9.7,4.6,11.2,7.9,18.3,17.2,36.8,33.7,13.2,11.8,12.3,7.3,7.7,9.6,12.8,7.1,5.3,5.9,14.5,17.1,16.2,6.9,9.8,11.1,15.5,12.6,27.7,32.1,29.3,26.6,23.9,25.2,14.1,10.8,11.8,5.5,10.6,7.9,11.5,11.1,11.3,12.7,14.2,32.5,34.9,7.1,8.8,6.2,7,9,13.4,10.6,NA,NA,NA,NA,NA,NA,NA,NA,NA,NA,NA,NA,NA,NA,NA,NA,NA,NA,NA,NA,NA,NA,NA,NA,NA,NA,NA,NA,NA,NA,NA,NA,NA,NA,NA,NA,NA,NA,NA,NA,NA,NA,NA,NA,NA,NA,NA,NA,NA,NA,NA,NA,NA,NA,NA,NA,NA,NA,NA,NA,NA,NA,NA,NA,NA,NA,NA,NA,NA,NA,NA,NA,NA,NA,NA,NA,NA,NA,NA,NA,NA,NA,NA,NA
