Residence,Garhwa - Urban,Garhwa - Rural,Garhwa - Total,Chatra - Urban,Chatra - Rural,Chatra - Total,Kodarma - Urban,Kodarma - Rural,Kodarma - Total,Giridih - Urban,Giridih - Rural,Giridih - Total,Deoghar - Urban,Deoghar - Rural,Deoghar - Total,Godda - Urban,Godda - Rural,Godda - Total,Sahibganj - Urban,Sahibganj - Rural,Sahibganj - Total,Pakur - Urban,Pakur - Rural,Pakur - Total,Dhanbad - Urban,Dhanbad - Rural,Dhanbad - Total,Bokaro - Urban,Bokaro - Rural,Bokaro - Total,Lohardaga - Urban,Lohardaga - Rural,Lohardaga - Total,Purbi Singhbhum - Urban,Purbi Singhbhum - Rural,Purbi Singhbhum - Total,Palamu - Urban,Palamu - Rural,Palamu - Total,Latehar - Urban,Latehar - Rural,Latehar - Total,Hazaribagh - Urban,Hazaribagh - Rural,Hazaribagh - Total,Ramgarh - Urban,Ramgarh - Rural,Ramgarh - Total,Dumka - Urban,Dumka - Rural,Dumka - Total,Jamtara - Urban,Jamtara - Rural,Jamtara - Total,Ranchi - Urban,Ranchi - Rural,Ranchi - Total,Khunti - Urban,Khunti - Rural,Khunti - Total,Gumla - Urban,Gumla - Rural,Gumla - Total,Simdega - Urban,Simdega - Rural,Simdega - Total,Pashchimi Singhbhum - Urban,Pashchimi Singhbhum - Rural,Pashchimi Singhbhum - Total,Saraikela Kharsawan - Urban,Saraikela Kharsawan - Rural,Saraikela Kharsawan - Total,Note of Garhwa - Urban,Note of Garhwa - Rural,Note of Garhwa - Total,Note of Chatra - Urban,Note of Chatra - Rural,Note of Chatra - Total,Note of Kodarma - Urban,Note of Kodarma - Rural,Note of Kodarma - Total,Note of Giridih - Urban,Note of Giridih - Rural,Note of Giridih - Total,Note of Deoghar - Urban,Note of Deoghar - Rural,Note of Deoghar - Total,Note of Godda - Urban,Note of Godda - Rural,Note of Godda - Total,Note of Sahibganj - Urban,Note of Sahibganj - Rural,Note of Sahibganj - Total,Note of Pakur - Urban,Note of Pakur - Rural,Note of Pakur - Total,Note of Dhanbad - Urban,Note of Dhanbad - Rural,Note of Dhanbad - Total,Note of Bokaro - Urban,Note of Bokaro - Rural,Note of Bokaro - Total,Note of Lohardaga - Urban,Note of Lohardaga - Rural,Note of Lohardaga - Total,Note of Purbi Singhbhum - Urban,Note of Purbi Singhbhum - Rural,Note of Purbi Singhbhum - Total,Note of Palamu - Urban,Note of Palamu - Rural,Note of Palamu - Total,Note of Latehar - Urban,Note of Latehar - Rural,Note of Latehar - Total,Note of Hazaribagh - Urban,Note of Hazaribagh - Rural,Note of Hazaribagh - Total,Note of Ramgarh - Urban,Note of Ramgarh - Rural,Note of Ramgarh - Total,Note of Dumka - Urban,Note of Dumka - Rural,Note of Dumka - Total,Note of Jamtara - Urban,Note of Jamtara - Rural,Note of Jamtara - Total,Note of Ranchi - Urban,Note of Ranchi - Rural,Note of Ranchi - Total,Note of Khunti - Urban,Note of Khunti - Rural,Note of Khunti - Total,Note of Gumla - Urban,Note of Gumla - Rural,Note of Gumla - Total,Note of Simdega - Urban,Note of Simdega - Rural,Note of Simdega - Total,Note of Pashchimi Singhbhum - Urban,Note of Pashchimi Singhbhum - Rural,Note of Pashchimi Singhbhum - Total,Note of Saraikela Kharsawan - Urban,Note of Saraikela Kharsawan - Rural,Note of Saraikela Kharsawan - Total
Households surveyed,49.39,973.48,1022.86,47.21,752.74,799.95,120.92,394.91,515.83,166.52,1528.24,1694.76,254.03,932.75,1186.78,55.76,995.07,1050.83,134.73,771.94,906.67,63.27,678.09,741.35,1216.41,826.19,2042.6,836.73,806.22,1642.94,43.01,313.88,356.89,1138.29,908.84,2047.12,174.41,1214.9,1389.3,36.29,507.48,543.77,235.48,1047.55,1283.03,303.89,389.81,693.7,82.96,1063.52,1146.48,61.67,604.39,666.07,965.84,1317.02,2282.87,34.17,374.32,408.49,48.9,660.84,709.75,42.71,408.13,450.84,176.06,971.97,1148.03,332.87,659.2,992.08,NA,NA,NA,NA,NA,NA,NA,NA,NA,NA,NA,NA,NA,NA,NA,NA,NA,NA,NA,NA,NA,NA,NA,NA,NA,NA,NA,NA,NA,NA,NA,NA,NA,NA,NA,NA,NA,NA,NA,NA,NA,NA,NA,NA,NA,NA,NA,NA,NA,NA,NA,NA,NA,NA,NA,NA,NA,NA,NA,NA,NA,NA,NA,NA,NA,NA,NA,NA,NA,NA,NA,NA
Women age 15-49 years interviewed,57.52,1103.13,1160.65,68.96,878.08,947.03,149.58,486.56,636.14,196.42,1850.47,2046.89,313.47,1046.98,1360.44,63.84,949.79,1013.63,127.23,817.63,944.86,69,775.83,844.83,1465.93,966.17,2432.1,987.99,927.64,1915.63,46.83,341.88,388.7,1352.1,959.02,2311.12,234.69,1257.27,1491.95,41.36,527.79,569.15,314.1,1317.89,1631.99,369.58,462.92,832.5,95.45,1064.04,1159.48,85.35,675.92,761.28,1188.7,1399.44,2588.14,42.64,402.45,445.09,65.84,724.41,790.25,55.68,400.06,455.74,228.95,1005.72,1234.67,363.1,720.62,1083.72,NA,NA,NA,NA,NA,NA,NA,NA,NA,NA,NA,NA,NA,NA,NA,NA,NA,NA,NA,NA,NA,NA,NA,NA,NA,NA,NA,NA,NA,NA,NA,NA,NA,NA,NA,NA,NA,NA,NA,NA,NA,NA,NA,NA,NA,NA,NA,NA,NA,NA,NA,NA,NA,NA,NA,NA,NA,NA,NA,NA,NA,NA,NA,NA,NA,NA,NA,NA,NA,NA,NA,NA
Men age 15-49 years interviewed,5.8,122.9,128.7,8.44,89.79,98.23,26.56,46.87,73.43,43.17,189.91,233.07,66.28,146.6,212.87,7.71,114.96,122.67,17.85,106.11,123.96,21.39,105.79,127.18,209.15,135.02,344.17,127.01,129.62,256.63,5.27,39,44.27,161.22,133.09,294.31,44.84,177.82,222.66,10.47,58.26,68.73,58.36,169.74,228.1,50.52,62.22,112.73,16.76,144.22,160.97,13.4,101.27,114.68,156.59,188.87,345.46,4.65,55.23,59.88,4.38,83.17,87.55,8.97,51.58,60.55,42.6,107.57,150.17,48.15,110.47,158.61,NA,NA,NA,NA,NA,NA,NA,NA,NA,NA,NA,NA,NA,NA,NA,NA,NA,NA,NA,NA,NA,NA,NA,NA,NA,NA,NA,NA,NA,NA,NA,NA,NA,NA,NA,NA,NA,NA,NA,NA,NA,NA,NA,NA,NA,NA,NA,NA,NA,NA,NA,NA,NA,NA,NA,NA,NA,NA,NA,NA,NA,NA,NA,NA,NA,NA,NA,NA,NA,NA,NA,NA
1. Population (female) age 6+ years who ever attended school (%),68.19,54.98,55.62,78.06,55.94,57.32,74.84,58.24,61.75,81.46,55.2,57.6,79.19,54.66,59.9,67.65,50.65,51.62,69.96,48.48,51.51,64.84,50.14,51.32,71.22,59.12,66.29,72.15,55.24,63.78,85.08,57.01,60.17,80.91,56.11,70.1,86.19,53.35,57.59,72.6,56.11,57.19,78.02,60.76,63.77,74.39,62.03,67.46,86.74,55.72,58.01,77.66,53.77,56.32,81.85,62.19,70.53,84.21,56.23,58.51,91.29,64.02,65.9,80.94,57.65,59.94,76.05,46.17,50.86,80.54,57.65,64.83,NA,NA,NA,NA,NA,NA,NA,NA,NA,NA,NA,NA,NA,NA,NA,NA,NA,NA,NA,NA,NA,NA,NA,NA,NA,NA,NA,NA,NA,NA,NA,NA,NA,NA,NA,NA,NA,NA,NA,NA,NA,NA,NA,NA,NA,NA,NA,NA,NA,NA,NA,NA,NA,NA,NA,NA,NA,NA,NA,NA,NA,NA,NA,NA,NA,NA,NA,NA,NA,NA,NA,NA
2. Population below age 15 years (%),29.4,36.67,36.33,34.39,39.73,39.38,29.88,39.05,36.95,28.8,38.48,37.58,28.26,35.71,34.17,28.12,37.09,36.61,29.23,39.53,38.09,39.01,36.65,36.85,29.08,29.54,29.27,28.63,30.23,29.43,24.92,35.45,34.29,24.39,27.71,25.84,28.43,36.76,35.72,31.1,38.71,38.22,25.75,34.7,33.18,30.28,31.08,30.72,24.23,33.15,32.51,27.8,34.17,33.53,24.82,29.62,27.58,25.08,31.35,30.86,27.48,36.58,35.98,31.63,34.24,33.98,23.41,35.56,33.77,29.08,30.56,30.08,NA,NA,NA,NA,NA,NA,NA,NA,NA,NA,NA,NA,NA,NA,NA,NA,NA,NA,NA,NA,NA,NA,NA,NA,NA,NA,NA,NA,NA,NA,NA,NA,NA,NA,NA,NA,NA,NA,NA,NA,NA,NA,NA,NA,NA,NA,NA,NA,NA,NA,NA,NA,NA,NA,NA,NA,NA,NA,NA,NA,NA,NA,NA,NA,NA,NA,NA,NA,NA,NA,NA,NA
3. Sex ratio of the total population (females per 1000 males),893.43,1019.23,1012.89,823.06,1064.13,1046.32,886.92,1120.39,1062.17,1010.64,1090.77,1083.06,896.53,974.62,957.97,1109.17,1027.02,1031.28,891.79,991.51,976.96,1011.6,1023.38,1022.38,946.26,947.44,946.75,988.23,961.4,974.67,992.59,1042.17,1036.56,1005.16,996.2,1001.22,971.94,1002.27,998.42,1056.54,1014.34,1017.01,977.8,1009.64,1004.17,993.9,1005.01,1000.1,989.24,1018.91,1016.76,1062.78,982.24,989.96,940.1,975.02,960.06,1022.99,970.2,974.26,1129.92,1062.84,1067.19,996.58,1038.45,1034.26,1076.83,1042.96,1047.9,901.51,968.64,946.59,NA,NA,NA,NA,NA,NA,NA,NA,NA,NA,NA,NA,NA,NA,NA,NA,NA,NA,NA,NA,NA,NA,NA,NA,NA,NA,NA,NA,NA,NA,NA,NA,NA,NA,NA,NA,NA,NA,NA,NA,NA,NA,NA,NA,NA,NA,NA,NA,NA,NA,NA,NA,NA,NA,NA,NA,NA,NA,NA,NA,NA,NA,NA,NA,NA,NA,NA,NA,NA,NA,NA,NA
4. Sex ratio at birth for children born in the last five years (females per 1000 males),NA,966.3,946.85,NA,961.51,937.5,895.06,876.26,879.89,NA,752.1,773.13,592.25,808.03,778.29,NA,912.63,933.39,567.06,854.88,819.63,NA,907.39,944.93,874.67,998.59,928.64,941.18,913.58,926.32,663.95,1096,1042.87,971.01,815.06,889.91,652.75,1053.19,1009.13,NA,837.04,857.36,857.21,862.6,861.9,960.93,979.25,971.17,NA,1030.49,1020.92,NA,898.17,915.24,847.86,1165.18,1026.08,NA,1079.01,1082.35,NA,988.1,1007.44,NA,1161.28,1122.24,NA,983.66,1010.38,875.39,908.13,898.37,*,NA,NA,*,NA,NA,NA,NA,NA,*,NA,NA,NA,NA,NA,*,NA,NA,NA,NA,NA,*,NA,NA,NA,NA,NA,NA,NA,NA,NA,NA,NA,NA,NA,NA,NA,NA,NA,*,NA,NA,NA,NA,NA,NA,NA,NA,*,NA,NA,*,NA,NA,NA,NA,NA,*,NA,NA,*,NA,NA,*,NA,NA,*,NA,NA,NA,NA,NA
5. Children under age 5 years whose birth was registered (%),71.12,57.96,58.38,79.61,59.89,60.8,77.13,63.74,66.33,77.32,61.44,62.45,82.59,59.91,62.57,NA,61.49,60.87,62.87,53.88,54.88,73.26,70.28,70.52,70.06,66.44,68.39,67.25,63.15,65.04,86.96,76.73,77.72,91.44,78.9,85.36,71.37,51.14,52.94,87.17,60.68,62.09,90.9,78.09,79.65,67.1,54.68,59.98,NA,52.9,54.32,79.94,51.18,53.26,83.11,71.67,76.18,85.18,75.73,76.43,86.72,57.32,59.35,72.5,57.32,58.61,85.74,53.34,55.99,82.2,67.12,71.79,NA,NA,NA,NA,NA,NA,NA,NA,NA,NA,NA,NA,NA,NA,NA,*,NA,NA,NA,NA,NA,NA,NA,NA,NA,NA,NA,NA,NA,NA,NA,NA,NA,NA,NA,NA,NA,NA,NA,NA,NA,NA,NA,NA,NA,NA,NA,NA,*,NA,NA,NA,NA,NA,NA,NA,NA,NA,NA,NA,NA,NA,NA,NA,NA,NA,NA,NA,NA,NA,NA,NA
6. Households with electricity (%),70.41,48.88,49.92,97,38.5,41.95,97.82,89.29,91.29,95.25,89.58,90.14,96.54,76,80.39,96.54,77.26,78.28,90.84,69.17,72.39,94.57,76.05,77.63,97.98,92.85,95.91,95.69,78.58,87.29,95.16,80.12,81.93,97.5,84.02,91.51,98.81,57.14,62.38,95.32,50.3,53.31,99.41,95.75,96.42,97.44,92.9,94.89,98.13,66.85,69.11,98.48,79.7,81.44,97.93,88.01,92.21,100,65.76,68.63,93.66,75.77,77,88.88,51.3,54.86,89.46,64.1,67.99,96.65,79.88,85.51,NA,NA,NA,NA,NA,NA,NA,NA,NA,NA,NA,NA,NA,NA,NA,NA,NA,NA,NA,NA,NA,NA,NA,NA,NA,NA,NA,NA,NA,NA,NA,NA,NA,NA,NA,NA,NA,NA,NA,NA,NA,NA,NA,NA,NA,NA,NA,NA,NA,NA,NA,NA,NA,NA,NA,NA,NA,NA,NA,NA,NA,NA,NA,NA,NA,NA,NA,NA,NA,NA,NA,NA
7. Households with an improved drinking-water source1 (%),88.42,86.21,86.32,91.6,64.93,66.51,86.83,78.75,80.64,87.99,63.13,65.58,85.53,86.86,86.58,79.26,84.03,83.78,70.64,78.81,77.59,98.65,88.45,89.32,84.22,71.04,78.89,89.14,70.13,79.81,81.18,69.8,71.17,95.95,83.09,90.24,98.06,89.42,90.5,87.91,75.5,76.33,78.74,64.98,67.51,72.37,64.22,67.79,92.84,88.74,89.03,87.71,90.62,90.35,92.32,62.31,75.01,61.3,52.8,53.51,59.5,46.61,47.5,87.42,56.71,59.62,96.35,63.95,68.91,97.4,72.22,80.67,NA,NA,NA,NA,NA,NA,NA,NA,NA,NA,NA,NA,NA,NA,NA,NA,NA,NA,NA,NA,NA,NA,NA,NA,NA,NA,NA,NA,NA,NA,NA,NA,NA,NA,NA,NA,NA,NA,NA,NA,NA,NA,NA,NA,NA,NA,NA,NA,NA,NA,NA,NA,NA,NA,NA,NA,NA,NA,NA,NA,NA,NA,NA,NA,NA,NA,NA,NA,NA,NA,NA,NA
8. Households using improved sanitation facility2 (%),37.92,9.46,10.84,79.62,10.57,14.64,62.88,18.05,28.56,77.32,11.91,18.34,69.59,9.43,22.31,62.43,14.6,17.14,42.21,21.63,24.69,41.17,10.8,13.39,39.32,12.7,28.55,59,11.62,35.75,71.07,12.38,19.45,70.95,8.9,43.4,62.51,10.68,17.19,45.76,9.58,12,74.73,17.12,27.69,51.04,30.1,39.27,69.39,7.67,12.13,51.76,10.13,13.99,66.17,16.96,37.78,53.88,10.34,13.99,56.06,13.34,16.28,44.76,4.7,8.5,48.03,10.32,16.1,61.93,9.29,26.95,NA,NA,NA,NA,NA,NA,NA,NA,NA,NA,NA,NA,NA,NA,NA,NA,NA,NA,NA,NA,NA,NA,NA,NA,NA,NA,NA,NA,NA,NA,NA,NA,NA,NA,NA,NA,NA,NA,NA,NA,NA,NA,NA,NA,NA,NA,NA,NA,NA,NA,NA,NA,NA,NA,NA,NA,NA,NA,NA,NA,NA,NA,NA,NA,NA,NA,NA,NA,NA,NA,NA,NA
9. Households using clean fuel for cooking3 (%),30.9,4.44,5.72,57.72,7.83,10.78,67.93,19.77,31.06,64.85,9.1,14.58,65.84,8.18,20.52,40.64,4.11,6.04,43.96,6,11.64,33.16,4.02,6.51,29.73,6.94,20.52,48.74,4.06,26.82,76.81,6.39,14.87,69.06,4.43,40.37,81.71,6.81,16.21,32.7,3.19,5.16,53.33,10.06,18,33.2,5.81,17.81,73.99,3.87,8.95,27.99,1.2,3.68,75.79,12.11,39.05,57.56,2.76,7.34,73.35,5.93,10.58,42.88,1.79,5.68,51.84,2.42,10,66.11,4.09,24.9,NA,NA,NA,NA,NA,NA,NA,NA,NA,NA,NA,NA,NA,NA,NA,NA,NA,NA,NA,NA,NA,NA,NA,NA,NA,NA,NA,NA,NA,NA,NA,NA,NA,NA,NA,NA,NA,NA,NA,NA,NA,NA,NA,NA,NA,NA,NA,NA,NA,NA,NA,NA,NA,NA,NA,NA,NA,NA,NA,NA,NA,NA,NA,NA,NA,NA,NA,NA,NA,NA,NA,NA
10. Households using iodized salt (%),98.17,92.9,93.16,100,98.03,98.15,96.47,95.34,95.6,100,98.8,98.92,97.25,96.73,96.85,96.61,97.22,97.19,98.63,97.84,97.95,98.79,96.91,97.07,99.3,97.09,98.41,98.43,99.19,98.8,99.18,97.73,97.9,98.76,99.29,99,98.73,94.2,94.77,100,97.65,97.8,100,97.91,98.29,98.11,97.24,97.62,98.43,96.92,97.03,96.35,97.43,97.33,99.28,97.73,98.38,99.61,97.57,97.74,96.61,98.7,98.55,98.81,99.64,99.57,100,99.44,99.52,95.93,90.35,92.22,NA,NA,NA,NA,NA,NA,NA,NA,NA,NA,NA,NA,NA,NA,NA,NA,NA,NA,NA,NA,NA,NA,NA,NA,NA,NA,NA,NA,NA,NA,NA,NA,NA,NA,NA,NA,NA,NA,NA,NA,NA,NA,NA,NA,NA,NA,NA,NA,NA,NA,NA,NA,NA,NA,NA,NA,NA,NA,NA,NA,NA,NA,NA,NA,NA,NA,NA,NA,NA,NA,NA,NA
11. Households with any usual member covered by a health scheme or health insurance (%),16.03,9.57,9.88,32.51,11.6,12.83,8.75,2,3.58,8.47,19.35,18.28,5.26,9.06,8.24,1.73,6.57,6.32,8.22,6.46,6.72,15.34,16.67,16.56,11.77,9.37,10.8,21.72,9.25,15.61,4.21,17.15,15.59,20.5,18.8,19.75,11.98,28.71,26.61,20.08,30.06,29.39,9.07,20.93,18.76,14.65,27.15,21.67,6.28,4.05,4.21,6.93,12.29,11.79,8.58,4.9,6.46,3.63,5.1,4.98,6.77,27.72,26.27,8.48,10.83,10.6,12.2,3.29,4.66,13.42,8.96,10.46,NA,NA,NA,NA,NA,NA,NA,NA,NA,NA,NA,NA,NA,NA,NA,NA,NA,NA,NA,NA,NA,NA,NA,NA,NA,NA,NA,NA,NA,NA,NA,NA,NA,NA,NA,NA,NA,NA,NA,NA,NA,NA,NA,NA,NA,NA,NA,NA,NA,NA,NA,NA,NA,NA,NA,NA,NA,NA,NA,NA,NA,NA,NA,NA,NA,NA,NA,NA,NA,NA,NA,NA
12. Women who are literate (%),77.35,49.61,50.98,84.43,49.92,52.43,73.92,52.62,57.63,88.88,46.55,50.61,75.1,46.01,52.71,70.64,40.61,42.51,74.4,41.44,45.88,50.11,38.16,39.14,73.59,60.23,68.29,72.88,53.17,63.34,92.94,55.53,60.04,83.37,54.56,71.42,87.87,52.46,58.03,70.2,49.9,51.37,79.22,58.64,62.6,80.98,69.23,74.45,86.45,48.7,51.81,72.32,43.67,46.88,85.48,62.37,72.99,89.86,55.96,59.21,87.32,66.24,68,79.84,55.67,58.62,79.48,43,49.77,74.62,52.68,60.03,NA,NA,NA,NA,NA,NA,NA,NA,NA,NA,NA,NA,NA,NA,NA,NA,NA,NA,NA,NA,NA,NA,NA,NA,NA,NA,NA,NA,NA,NA,NA,NA,NA,NA,NA,NA,NA,NA,NA,NA,NA,NA,NA,NA,NA,NA,NA,NA,NA,NA,NA,NA,NA,NA,NA,NA,NA,NA,NA,NA,NA,NA,NA,NA,NA,NA,NA,NA,NA,NA,NA,NA
13. Men who are literate (%),NA,78.79,79.75,NA,66.67,66.32,89.54,86.95,87.89,96.3,74.45,78.5,79.21,79.01,79.07,NA,73.57,75.23,NA,57.06,60.67,83.64,68.68,71.2,87.29,84.5,86.2,86.65,87.42,87.04,NA,78.36,80.94,94.65,73.15,84.93,92.53,74.59,78.2,97.62,68.46,72.9,94.4,83.5,86.29,81.39,82.8,82.16,NA,69.76,72.17,96.23,76.47,78.78,90.24,81.63,85.53,NA,70.51,71.6,NA,82.1,82.28,NA,73.94,72.84,83.61,64.02,69.58,NA,78.62,78.24,*,NA,NA,*,NA,NA,NA,NA,NA,NA,NA,NA,NA,NA,NA,*,NA,NA,*,NA,NA,NA,NA,NA,NA,NA,NA,NA,NA,NA,*,NA,NA,NA,NA,NA,NA,NA,NA,NA,NA,NA,NA,NA,NA,NA,NA,NA,*,NA,NA,NA,NA,NA,NA,NA,NA,*,NA,NA,*,NA,NA,*,NA,NA,NA,NA,NA,*,NA,NA
14. Women with 10 or more years of schooling (%),44.44,18.44,19.73,51.41,19.75,22.05,49.23,22.54,28.81,53.81,15.33,19.02,50.66,16.7,24.52,45.63,16.73,18.55,36.82,12.52,15.79,16.53,11.67,12.07,38.43,21.8,31.82,46.38,24.83,35.94,69.68,26.85,32.01,59.08,21.1,43.32,61.09,21.15,27.43,45.71,18.03,20.04,58.95,29.82,35.43,47.63,32.04,38.96,64.99,11.46,15.86,42.36,11.64,15.09,61.32,30.69,44.75,65.92,23.07,27.18,65.28,25.57,28.88,48.11,21.68,24.91,47.92,14.32,20.55,49.53,24.52,32.9,NA,NA,NA,NA,NA,NA,NA,NA,NA,NA,NA,NA,NA,NA,NA,NA,NA,NA,NA,NA,NA,NA,NA,NA,NA,NA,NA,NA,NA,NA,NA,NA,NA,NA,NA,NA,NA,NA,NA,NA,NA,NA,NA,NA,NA,NA,NA,NA,NA,NA,NA,NA,NA,NA,NA,NA,NA,NA,NA,NA,NA,NA,NA,NA,NA,NA,NA,NA,NA,NA,NA,NA
15. Women age 20-24 years married before age 18 years (%),NA,60.71,58.77,NA,50.78,49.01,27.39,61.23,50.84,NA,56.56,52.55,17.51,61.25,52.73,NA,65.18,63.47,NA,42.73,38.36,NA,40.06,41.1,27.37,34.08,29.92,22.85,40.57,30.64,NA,30,28.52,16.18,38.06,26.13,16.31,46.03,40.46,NA,38.33,37.14,10.93,48.5,40.79,22.88,32.1,27.69,NA,48.61,47.38,28.65,46.91,44.73,20.35,34.28,28.1,14.52,29.51,27.78,NA,25.05,24,NA,15.83,14.72,12.27,22.9,21.32,26.41,36.42,33.17,*,NA,NA,*,NA,NA,NA,NA,NA,*,NA,NA,NA,NA,NA,*,NA,NA,*,NA,NA,*,NA,NA,NA,NA,NA,NA,NA,NA,*,NA,NA,NA,NA,NA,NA,NA,NA,*,NA,NA,NA,NA,NA,NA,NA,NA,*,NA,NA,NA,NA,NA,NA,NA,NA,NA,NA,NA,*,NA,NA,*,NA,NA,NA,NA,NA,NA,NA,NA
16. Men age 25-29 years married before age 21 years (%),NA,NA,NA,NA,NA,NA,NA,NA,NA,NA,NA,NA,NA,NA,42.82,NA,NA,NA,NA,NA,NA,NA,NA,32.49,31.59,27.2,29.88,NA,NA,29.59,NA,NA,NA,NA,26.45,18.42,NA,NA,NA,NA,NA,NA,NA,NA,28.72,NA,NA,38.6,NA,NA,NA,NA,NA,44.92,NA,NA,18.01,NA,NA,45.1,NA,NA,23.47,NA,NA,NA,NA,NA,NA,NA,NA,NA,*,*,*,*,*,*,*,*,*,*,*,*,*,*,NA,*,*,*,*,*,*,*,*,NA,NA,NA,NA,*,*,NA,*,*,*,*,NA,NA,*,*,*,*,*,*,*,*,NA,*,*,NA,*,*,*,*,*,NA,*,*,NA,*,*,NA,*,*,NA,*,*,*,*,*,*,*,*,*
17. Women age 15-19 years who were already mothers or pregnant at the time of the survey (%),NA,19.64,18.85,NA,13.94,13.08,9.48,14.97,14.01,NA,16.17,16.18,9.44,26.9,22.55,NA,23.35,21.73,14.26,13.41,13.54,NA,16.54,17.15,5.51,9.41,7.03,5.32,7.35,6.29,NA,9.51,9.6,3.82,16.14,9.04,2.8,12.85,11.5,NA,8.66,8.53,7.19,9.37,8.99,7.16,12,10.14,NA,16.44,14.8,NA,18.96,17.5,8.42,9.38,8.94,NA,6.94,6.38,NA,10.26,9.98,NA,5.41,5.31,5.42,10.31,9.11,9.4,16.91,14.77,*,NA,NA,*,NA,NA,NA,NA,NA,*,NA,NA,NA,NA,NA,*,NA,NA,NA,NA,NA,*,NA,NA,NA,NA,NA,NA,NA,NA,*,NA,NA,NA,NA,NA,NA,NA,NA,*,NA,NA,NA,NA,NA,NA,NA,NA,*,NA,NA,*,NA,NA,NA,NA,NA,*,NA,NA,*,NA,NA,*,NA,NA,NA,NA,NA,NA,NA,NA
18. Any method (%),48.84,33.36,34.05,43.38,35.72,36.18,74.95,58.38,62.21,56.31,46.9,47.74,54.14,44.02,46.05,42.43,46.39,46.19,39.29,33.91,34.59,41.33,34.47,35,53.01,45.36,49.77,56.24,52.73,54.44,38.55,22.35,24.31,38.5,25.63,32.89,31.66,25.19,26.07,22.81,26.21,25.99,55.66,55.77,55.76,45.31,45.17,45.23,45.53,35.67,36.33,50.57,43.27,44.02,43.19,45.05,44.25,56.65,35.84,37.55,28.14,25.82,26,39.37,23.98,25.66,28.86,13.68,15.93,33.84,25.44,28.38,NA,NA,NA,NA,NA,NA,NA,NA,NA,NA,NA,NA,NA,NA,NA,NA,NA,NA,NA,NA,NA,NA,NA,NA,NA,NA,NA,NA,NA,NA,NA,NA,NA,NA,NA,NA,NA,NA,NA,NA,NA,NA,NA,NA,NA,NA,NA,NA,NA,NA,NA,NA,NA,NA,NA,NA,NA,NA,NA,NA,NA,NA,NA,NA,NA,NA,NA,NA,NA,NA,NA,NA
19. Any modern method (%),47.01,32.64,33.28,41.49,35.21,35.59,67.99,48.23,52.79,50.07,43.51,44.1,51.24,40.87,42.95,31.24,40.71,40.23,37.39,32.2,32.86,40.13,30.17,30.94,49.32,43.02,46.66,51.08,51.09,51.09,36.12,21.99,23.7,35.55,24.66,30.8,28.84,24,24.66,20.79,25,24.73,52.55,55.19,54.75,39.96,41.39,40.76,45.53,33.5,34.31,47.67,37.79,38.8,36.02,41.36,39.08,51.9,32.79,34.36,21.59,22.92,22.82,34.39,22.87,24.12,28.86,13.1,15.43,32.1,23.62,26.59,NA,NA,NA,NA,NA,NA,NA,NA,NA,NA,NA,NA,NA,NA,NA,NA,NA,NA,NA,NA,NA,NA,NA,NA,NA,NA,NA,NA,NA,NA,NA,NA,NA,NA,NA,NA,NA,NA,NA,NA,NA,NA,NA,NA,NA,NA,NA,NA,NA,NA,NA,NA,NA,NA,NA,NA,NA,NA,NA,NA,NA,NA,NA,NA,NA,NA,NA,NA,NA,NA,NA,NA
20. Female sterilization (%),43.12,30.87,31.42,24.48,33.91,33.34,51.22,43.72,45.45,46.29,40.05,40.61,46.85,33.49,36.17,17.9,35.19,34.33,26.53,25.22,25.38,33.48,26.87,27.38,38.67,34.09,36.73,43.24,47.69,45.53,28.87,17.08,18.51,25.6,17.67,22.14,21.3,22.36,22.22,17.91,21.6,21.36,46.73,50.82,50.13,31.66,38.05,35.25,34.71,27.24,27.75,35.77,24.12,25.31,22.77,32.36,28.25,28.78,19.48,20.24,14.9,15.74,15.68,17.12,18.13,18.02,24.33,10.61,12.65,19.22,18.67,18.86,NA,NA,NA,NA,NA,NA,NA,NA,NA,NA,NA,NA,NA,NA,NA,NA,NA,NA,NA,NA,NA,NA,NA,NA,NA,NA,NA,NA,NA,NA,NA,NA,NA,NA,NA,NA,NA,NA,NA,NA,NA,NA,NA,NA,NA,NA,NA,NA,NA,NA,NA,NA,NA,NA,NA,NA,NA,NA,NA,NA,NA,NA,NA,NA,NA,NA,NA,NA,NA,NA,NA,NA
21. Male sterilization (%),0.01,0.1,0.1,0,0,0,0.61,0.29,0.36,0,0,0,0,2.09,1.67,2.23,0,0.11,0,0,0,0,0,0,0,0.11,0.05,0.53,0.48,0.5,1.16,0,0.14,0.23,0.14,0.19,0,0,0,0,0.29,0.27,0,0,0,0,0.14,0.08,1.87,0.12,0.24,0,0,0,0,0.34,0.19,0,0,0,0,0.54,0.49,0,0.5,0.45,0,0.2,0.17,0,0,0,NA,NA,NA,NA,NA,NA,NA,NA,NA,NA,NA,NA,NA,NA,NA,NA,NA,NA,NA,NA,NA,NA,NA,NA,NA,NA,NA,NA,NA,NA,NA,NA,NA,NA,NA,NA,NA,NA,NA,NA,NA,NA,NA,NA,NA,NA,NA,NA,NA,NA,NA,NA,NA,NA,NA,NA,NA,NA,NA,NA,NA,NA,NA,NA,NA,NA,NA,NA,NA,NA,NA,NA
22. IUD/PPIUD (%),0.01,0.38,0.36,7.87,0.52,0.96,0,0.38,0.29,0,0.58,0.53,0,1.26,1.01,0.01,0.6,0.57,5.37,1.43,1.93,0,0.55,0.5,0.63,0.23,0.46,0.62,0.12,0.36,3.77,2.17,2.37,1.48,0.86,1.21,1.49,0,0.2,0,0.5,0.47,1.58,0.9,1.01,0.67,0.47,0.56,0.01,0.99,0.92,1.89,1.73,1.74,2.4,1.19,1.71,11.82,3.94,4.59,0,2.24,2.07,5.19,2.59,2.88,0,0.77,0.66,1.43,0.56,0.87,NA,NA,NA,NA,NA,NA,NA,NA,NA,NA,NA,NA,NA,NA,NA,NA,NA,NA,NA,NA,NA,NA,NA,NA,NA,NA,NA,NA,NA,NA,NA,NA,NA,NA,NA,NA,NA,NA,NA,NA,NA,NA,NA,NA,NA,NA,NA,NA,NA,NA,NA,NA,NA,NA,NA,NA,NA,NA,NA,NA,NA,NA,NA,NA,NA,NA,NA,NA,NA,NA,NA,NA
23. Pill (%),0.01,0.7,0.66,0,0,0,1.6,0.94,1.1,2.46,1.15,1.27,2.22,2.57,2.5,8.92,2.08,2.43,3.49,2.97,3.03,1.52,1.93,1.9,4.2,4.53,4.34,1.62,1.13,1.37,0,1.8,1.58,3.97,5.06,4.45,3.25,0.62,0.98,1.44,1.46,1.46,0.64,0.81,0.78,2.72,1.4,1.98,6.59,3.83,4.02,3.77,7.51,7.13,3.88,4.42,4.19,6.03,6.71,6.66,5.04,2.75,2.93,2.91,0.6,0.85,3.52,1,1.37,3.84,3.76,3.79,NA,NA,NA,NA,NA,NA,NA,NA,NA,NA,NA,NA,NA,NA,NA,NA,NA,NA,NA,NA,NA,NA,NA,NA,NA,NA,NA,NA,NA,NA,NA,NA,NA,NA,NA,NA,NA,NA,NA,NA,NA,NA,NA,NA,NA,NA,NA,NA,NA,NA,NA,NA,NA,NA,NA,NA,NA,NA,NA,NA,NA,NA,NA,NA,NA,NA,NA,NA,NA,NA,NA,NA
24. Condom (%),1.83,0.59,0.64,7.89,0.55,1,14.56,2.89,5.58,0,1.39,1.27,2.17,0.7,1,2.18,2.83,2.8,1.99,1.24,1.33,5.13,0.56,0.91,4.57,2.61,3.74,4.54,1.54,3,1.16,0.94,0.96,3.92,0.93,2.62,2.8,0.63,0.92,1.44,0.83,0.87,3.59,2.31,2.53,3.32,0.37,1.66,2.36,0.86,0.96,5.51,3.63,3.82,6.81,2.58,4.39,5.27,2.34,2.58,1.65,1.65,1.65,9.15,1.04,1.93,1.01,0.39,0.48,6.74,0.43,2.65,NA,NA,NA,NA,NA,NA,NA,NA,NA,NA,NA,NA,NA,NA,NA,NA,NA,NA,NA,NA,NA,NA,NA,NA,NA,NA,NA,NA,NA,NA,NA,NA,NA,NA,NA,NA,NA,NA,NA,NA,NA,NA,NA,NA,NA,NA,NA,NA,NA,NA,NA,NA,NA,NA,NA,NA,NA,NA,NA,NA,NA,NA,NA,NA,NA,NA,NA,NA,NA,NA,NA,NA
25. Total unmet need (%),18.17,23.32,23.09,20.75,19.77,19.83,5.5,12.31,10.74,17.39,18.8,18.68,14.23,18.91,17.97,13.28,16.19,16.04,15.36,17.81,17.5,18.53,20.04,19.92,11.85,11.98,11.91,16.76,18.22,17.51,18.93,22.43,22,16.4,17.18,16.74,19.07,21.17,20.89,18.44,21.9,21.68,11.64,16.23,15.46,14.65,15.2,14.96,18.03,19.1,19.02,13.04,17.37,16.92,17.93,18.13,18.05,15.48,19.43,19.11,17.61,25.61,24.99,20.94,26.43,25.83,23.16,26.32,25.85,27.75,20.95,23.34,NA,NA,NA,NA,NA,NA,NA,NA,NA,NA,NA,NA,NA,NA,NA,NA,NA,NA,NA,NA,NA,NA,NA,NA,NA,NA,NA,NA,NA,NA,NA,NA,NA,NA,NA,NA,NA,NA,NA,NA,NA,NA,NA,NA,NA,NA,NA,NA,NA,NA,NA,NA,NA,NA,NA,NA,NA,NA,NA,NA,NA,NA,NA,NA,NA,NA,NA,NA,NA,NA,NA,NA
26. Unmet need for spacing (%),12.45,13.45,13.41,12.57,10.43,10.56,2.34,5.42,4.71,10.22,9.65,9.7,7.47,8.28,8.11,8.77,10.31,10.23,8.32,7.96,8.01,10.01,9.83,9.85,4.82,6.01,5.32,7.35,9.93,8.68,9.72,9.02,9.1,7.97,8.53,8.21,11.67,11.4,11.44,10.02,8.49,8.58,5.13,10.61,9.69,6.69,10.23,8.68,10.07,7.9,8.05,3.81,8.37,7.9,8.41,9.27,8.9,9.73,9.14,9.19,3.84,11.43,10.84,5.18,9.42,8.96,6.78,10,9.52,10.88,9.4,9.92,NA,NA,NA,NA,NA,NA,NA,NA,NA,NA,NA,NA,NA,NA,NA,NA,NA,NA,NA,NA,NA,NA,NA,NA,NA,NA,NA,NA,NA,NA,NA,NA,NA,NA,NA,NA,NA,NA,NA,NA,NA,NA,NA,NA,NA,NA,NA,NA,NA,NA,NA,NA,NA,NA,NA,NA,NA,NA,NA,NA,NA,NA,NA,NA,NA,NA,NA,NA,NA,NA,NA,NA
27. Health worker ever talked to female non-users about family planning5 (%),26.21,9,9.83,4.93,9.61,9.29,46.91,18.82,23.93,54.16,39.55,40.84,7.51,7.88,7.8,24.01,20.96,21.2,15.34,19.14,18.63,31.72,26.32,26.67,11.96,19.95,15.1,25.63,22.5,24.12,9.11,16.36,15.59,26.19,21.3,24.01,9.92,10.33,10.27,16.95,15.25,15.37,50.38,32.98,36.73,19.35,25.26,22.68,54.57,34.04,35.77,52.98,28,30.77,9.74,5.99,7.78,31.38,47.72,46.27,6.69,28.63,26.87,21.37,19.1,19.35,8.5,6.43,6.79,11.66,7.15,8.51,NA,NA,NA,NA,NA,NA,NA,NA,NA,NA,NA,NA,NA,NA,NA,NA,NA,NA,NA,NA,NA,NA,NA,NA,NA,NA,NA,NA,NA,NA,NA,NA,NA,NA,NA,NA,NA,NA,NA,NA,NA,NA,NA,NA,NA,NA,NA,NA,NA,NA,NA,NA,NA,NA,NA,NA,NA,NA,NA,NA,NA,NA,NA,NA,NA,NA,NA,NA,NA,NA,NA,NA
28. Current users ever told about side effects of current method (%),NA,14.98,15.54,NA,17.32,19.34,74.17,41.42,48.23,NA,63.04,61.72,NA,29.62,28.81,NA,36.25,37.65,NA,40.33,38.21,NA,57.18,57.04,27.61,31.94,29.39,38.56,30.58,34,NA,38.17,38.49,65.95,49.81,59.46,NA,19.49,18.04,NA,33.01,32.64,NA,51.69,54.23,37.81,23.82,29.42,NA,43.69,45.06,NA,34.5,36.98,29,35.96,33.55,NA,80.8,80.55,NA,38.17,40.2,NA,12.51,17.27,NA,22.5,17.39,NA,42.29,36.93,*,NA,NA,*,NA,NA,NA,NA,NA,*,NA,NA,*,NA,NA,*,NA,NA,*,NA,NA,*,NA,NA,NA,NA,NA,NA,NA,NA,*,NA,NA,NA,NA,NA,*,NA,NA,*,NA,NA,*,NA,NA,NA,NA,NA,*,NA,NA,*,NA,NA,NA,NA,NA,*,NA,NA,*,NA,NA,*,NA,NA,*,NA,NA,*,NA,NA
29. Mothers who had antenatal check-up in the first trimester (%),NA,34.05,35.07,63.96,26.42,28.26,76.32,66.59,68.56,NA,57.23,57.55,64.23,61.89,62.21,NA,56.25,56,35.69,35.05,35.12,67.62,56.22,57.16,64.32,44.8,55.56,78.29,50.95,63.94,76.9,44.96,48.17,76.65,42.75,59.89,72.7,34.44,38.37,NA,26.47,28.35,83,55.41,59.35,52.6,50.4,51.36,NA,58.07,58.3,75.82,60.23,61.61,78.49,64.07,69.78,87.09,53.08,55.46,NA,45.31,45.83,60.29,38.67,40.75,54.63,16.1,19.62,73.65,56.44,61.65,*,NA,NA,NA,NA,NA,NA,NA,NA,*,NA,NA,NA,NA,NA,*,NA,NA,NA,NA,NA,NA,NA,NA,NA,NA,NA,NA,NA,NA,NA,NA,NA,NA,NA,NA,NA,NA,NA,*,NA,NA,NA,NA,NA,NA,NA,NA,*,NA,NA,NA,NA,NA,NA,NA,NA,NA,NA,NA,*,NA,NA,NA,NA,NA,NA,NA,NA,NA,NA,NA
30. Mothers who had at least 4 antenatal care visits (%),NA,10.85,11.57,27.83,10.96,11.79,67.64,54.78,57.39,NA,35.25,35.89,45.9,22.27,25.53,NA,28.22,28.83,20.17,19.95,19.98,31.01,29.62,29.74,50.25,27.78,40.16,53.59,24.75,38.46,40.92,13.97,16.68,65.94,34.92,50.6,68.18,19.14,24.18,NA,13.44,15.02,59.92,35.62,39.09,43.7,26.68,34.11,NA,27.94,29.04,56.77,26.61,29.28,59.22,27.16,39.87,54.45,42.14,43.01,NA,24.2,24.39,15.54,12.53,12.82,38.31,10.03,12.61,37.37,21.2,26.09,*,NA,NA,NA,NA,NA,NA,NA,NA,*,NA,NA,NA,NA,NA,*,NA,NA,NA,NA,NA,NA,NA,NA,NA,NA,NA,NA,NA,NA,NA,NA,NA,NA,NA,NA,NA,NA,NA,*,NA,NA,NA,NA,NA,NA,NA,NA,*,NA,NA,NA,NA,NA,NA,NA,NA,NA,NA,NA,*,NA,NA,NA,NA,NA,NA,NA,NA,NA,NA,NA
31. Mothers whose last birth was protected against neonatal tetanus6 (%),NA,91.36,90.74,97.01,81.32,82.09,95.1,95.14,95.13,NA,93.74,93.87,94.69,92.1,92.46,NA,93.57,93.82,98.38,89.26,90.3,96.92,95.02,95.17,97.32,92.81,95.3,95.45,95.66,95.56,100,87.88,89.1,94.57,94.09,94.33,95.79,81.51,82.98,NA,78.82,79.49,97.12,90.76,91.67,94.51,94.95,94.76,NA,95.01,95.22,98.07,93.95,94.31,97.19,96.59,96.83,91.49,91.82,91.79,NA,88.1,88.39,100,93.28,93.93,96.83,81.54,82.94,90.2,95.37,93.8,*,NA,NA,NA,NA,NA,NA,NA,NA,*,NA,NA,NA,NA,NA,*,NA,NA,NA,NA,NA,NA,NA,NA,NA,NA,NA,NA,NA,NA,NA,NA,NA,NA,NA,NA,NA,NA,NA,*,NA,NA,NA,NA,NA,NA,NA,NA,*,NA,NA,NA,NA,NA,NA,NA,NA,NA,NA,NA,*,NA,NA,NA,NA,NA,NA,NA,NA,NA,NA,NA
32. Mothers who consumed iron folic acid for 100 days or more when they were pregnant (%),NA,2.89,3.34,13.59,6.58,6.93,22.89,7.79,10.85,NA,9.51,9.68,24.59,19.9,20.55,NA,9.13,8.77,2.14,8.13,7.45,11.68,8.93,9.15,23.69,16.35,20.39,33.85,14.47,23.68,43.08,20.62,22.88,19.63,10.57,15.15,23.74,7.48,9.15,NA,7.05,8.41,20.98,12.13,13.39,21.36,17.63,19.26,NA,12.82,14.18,30.11,12.74,14.28,44.08,27.27,33.93,32.76,23.74,24.37,NA,19.44,19.77,12.02,6.72,7.24,18.91,10.07,10.88,35.25,19.9,24.54,*,NA,NA,NA,NA,NA,NA,NA,NA,*,NA,NA,NA,NA,NA,*,NA,NA,NA,NA,NA,NA,NA,NA,NA,NA,NA,NA,NA,NA,NA,NA,NA,NA,NA,NA,NA,NA,NA,*,NA,NA,NA,NA,NA,NA,NA,NA,*,NA,NA,NA,NA,NA,NA,NA,NA,NA,NA,NA,*,NA,NA,NA,NA,NA,NA,NA,NA,NA,NA,NA
33. Mothers who had full antenatal care7 (%),NA,1.23,1.56,4.53,2.51,2.61,21.68,5.95,9.13,NA,6.36,6.47,14.99,8.02,8.98,NA,3.15,3.03,0.01,3.71,3.29,6.16,4,4.17,16.01,9.12,12.92,26.17,8.13,16.7,31.39,3.22,6.05,14.12,5.62,9.91,16.01,2.58,3.96,NA,2.45,3.37,12.93,9,9.56,13.94,9.4,11.38,NA,5.27,6.51,20.6,8.08,9.19,29.04,9.7,17.36,25.8,12.52,13.45,NA,6.26,6.25,3.52,1.48,1.67,18.91,3.13,4.57,11.84,4.65,6.83,*,NA,NA,NA,NA,NA,NA,NA,NA,*,NA,NA,NA,NA,NA,*,NA,NA,NA,NA,NA,NA,NA,NA,NA,NA,NA,NA,NA,NA,NA,NA,NA,NA,NA,NA,NA,NA,NA,*,NA,NA,NA,NA,NA,NA,NA,NA,*,NA,NA,NA,NA,NA,NA,NA,NA,NA,NA,NA,*,NA,NA,NA,NA,NA,NA,NA,NA,NA,NA,NA
34. Registered pregnancies for which the mother received Mother and Child Protection (MCP) card (%),NA,69.18,69.21,NA,77.93,77.59,100,84.36,87.57,NA,91.99,92.27,78.06,71.05,71.95,NA,89.28,89.72,90.5,90.85,90.81,79.79,92.52,91.45,92.44,89.47,91,86.17,82.71,84.15,85.61,88.37,88.1,87.85,93.21,91.05,NA,72.41,73.39,NA,84.1,83.82,95.56,96.37,96.26,94.4,90.23,91.95,NA,85.08,85,93.97,81.69,82.86,78.7,98.38,92.11,NA,93.19,92.91,NA,83.22,83.72,NA,88.12,89.37,NA,90.14,88.98,90.48,96.36,94.68,*,NA,NA,*,NA,NA,NA,NA,NA,*,NA,NA,NA,NA,NA,*,NA,NA,NA,NA,NA,NA,NA,NA,NA,NA,NA,NA,NA,NA,NA,NA,NA,NA,NA,NA,*,NA,NA,*,NA,NA,NA,NA,NA,NA,NA,NA,*,NA,NA,NA,NA,NA,NA,NA,NA,*,NA,NA,*,NA,NA,*,NA,NA,*,NA,NA,NA,NA,NA
35. Mothers who received postnatal care from a doctor/nurse/LHV/ANM/midwife/other health personnel within 2 days of delivery (%),NA,34.99,35,62.42,37.29,38.53,84.2,59.94,64.85,NA,59.61,60.35,56.89,36.87,39.64,NA,45.27,45.21,27.63,34.81,33.99,29.95,46.9,45.5,55.43,33.17,45.44,66.86,39.89,52.71,66.81,44.41,46.66,41.21,33.46,37.38,70.17,25.45,30.05,NA,32.21,33.36,75.11,55.65,58.43,50.81,43.69,46.8,NA,41.86,43.46,58.37,42.36,43.78,65.63,42.98,51.96,84.72,41.34,44.37,NA,42.8,43.24,58.83,25.74,28.94,64.97,21.27,25.26,61.82,48.2,52.32,*,NA,NA,NA,NA,NA,NA,NA,NA,*,NA,NA,NA,NA,NA,*,NA,NA,NA,NA,NA,NA,NA,NA,NA,NA,NA,NA,NA,NA,NA,NA,NA,NA,NA,NA,NA,NA,NA,*,NA,NA,NA,NA,NA,NA,NA,NA,*,NA,NA,NA,NA,NA,NA,NA,NA,NA,NA,NA,*,NA,NA,NA,NA,NA,NA,NA,NA,NA,NA,NA
36. Mothers who received financial assistance under Janani Suraksha Yojana (JSY) for births delivered in an institution (%),NA,47.49,47.39,NA,32.26,31.23,33.41,38.33,37.21,NA,39.16,39.39,21.61,61.01,52.62,NA,66.39,65.36,NA,62.79,62.48,NA,63.43,62.76,18.96,18.65,18.85,22.17,42.19,30.63,9.93,61.33,54.84,15.16,48.14,30.58,2.53,36.94,31.44,NA,40.63,42,33.81,37.37,36.78,37.16,45.11,41.26,NA,52.11,49.5,43.78,57.06,55.38,29.19,41.43,35.76,30.07,49.34,47.31,NA,61.01,60.09,NA,59.49,59.23,40.24,61.72,57.23,10.75,50.92,37.02,*,NA,NA,*,NA,NA,NA,NA,NA,*,NA,NA,NA,NA,NA,*,NA,NA,*,NA,NA,*,NA,NA,NA,NA,NA,NA,NA,NA,NA,NA,NA,NA,NA,NA,NA,NA,NA,*,NA,NA,NA,NA,NA,NA,NA,NA,*,NA,NA,NA,NA,NA,NA,NA,NA,NA,NA,NA,*,NA,NA,*,NA,NA,NA,NA,NA,NA,NA,NA
37. Average out of pocket expenditure per delivery in public health facility (Rs.),NA,1889.07,2229.97,NA,2988.75,2985.15,4324.33,1054.49,1776.94,NA,1546.49,1505.12,NA,997.67,980.74,NA,1102.09,1119.82,NA,933.19,916.96,NA,792.6,721.15,1944.39,2621.97,2212.96,2935.49,1065.35,1958.34,NA,1384.4,1435.26,1027.04,1201.37,1148.83,NA,2865.59,2978.27,NA,1010.12,964.77,NA,1420.05,1430.91,1482.56,1696.59,1604.98,NA,762.27,765.56,NA,977.28,1014.74,1689.54,1716.03,1706.14,NA,1355.95,1325.91,NA,951.68,1002.99,NA,547.16,1001.26,NA,776.45,918.94,NA,1057.24,1067.39,*,NA,NA,*,NA,NA,NA,NA,NA,*,NA,NA,*,NA,NA,*,NA,NA,*,NA,NA,*,NA,NA,NA,NA,NA,NA,NA,NA,*,NA,NA,NA,NA,NA,*,NA,NA,*,NA,NA,*,NA,NA,NA,NA,NA,*,NA,NA,*,NA,NA,NA,NA,NA,*,NA,NA,*,NA,NA,*,NA,NA,*,NA,NA,*,NA,NA
38. Children born at home who were taken to a health facility for check-up within 24 hours of birth (%),NA,2.35,2.32,NA,2.38,2.34,NA,1.61,1.49,NA,3.55,3.52,NA,0.7,0.68,NA,0.84,0.8,NA,2.87,2.61,NA,3.73,3.5,0,1.47,0.93,0,1.59,1.14,NA,0.96,0.92,NA,3.76,2.46,NA,1.53,1.48,NA,1.42,1.41,NA,7.72,7.31,3.7,1.25,1.99,NA,2.93,2.93,NA,1.33,1.3,NA,3.56,3,NA,2,2,NA,4.37,4.37,NA,3.07,3.7,NA,1.12,1.1,NA,1.04,2.31,*,NA,NA,*,NA,NA,*,NA,NA,*,NA,NA,*,NA,NA,*,NA,NA,*,NA,NA,*,NA,NA,NA,NA,NA,NA,NA,NA,*,NA,NA,*,NA,NA,*,NA,NA,*,NA,NA,*,NA,NA,NA,NA,NA,*,NA,NA,*,NA,NA,*,NA,NA,*,NA,NA,*,NA,NA,*,NA,NA,*,NA,NA,*,NA,NA
39. Children who received postnatal care from a doctor/nurse/LHV/ANM/midwife/other health personnel within 2 days of delivery (%),NA,17.87,18.03,11.25,12.4,12.34,6.02,19.58,16.83,NA,40.11,39.74,29.42,23.37,24.2,NA,25.31,25.04,11.22,21.46,20.3,32,30.94,31.03,30.14,16.28,23.91,25.17,16.61,20.68,26.04,10.55,12.11,7.7,6.33,7.02,20.28,12.01,12.86,NA,8.26,8.44,59.66,33.36,37.11,35.03,30.14,32.27,NA,24.9,26.05,8.27,19.07,18.11,30.14,21.19,24.74,5.75,18.76,17.85,NA,23.22,24.25,26.24,12.69,14,8.01,9.57,9.43,13.29,15.49,14.82,*,NA,NA,NA,NA,NA,NA,NA,NA,*,NA,NA,NA,NA,NA,*,NA,NA,NA,NA,NA,NA,NA,NA,NA,NA,NA,NA,NA,NA,NA,NA,NA,NA,NA,NA,NA,NA,NA,*,NA,NA,NA,NA,NA,NA,NA,NA,*,NA,NA,NA,NA,NA,NA,NA,NA,NA,NA,NA,*,NA,NA,NA,NA,NA,NA,NA,NA,NA,NA,NA
40. Institutional births (%),80.01,56.96,57.81,77.46,54.55,55.65,92.22,75.33,78.55,93.67,61.24,63.28,91.22,53.55,57.97,NA,57.72,57.53,60.45,46.7,48.15,60.32,48.4,49.4,76.24,52.19,65.4,74.95,51.76,62.46,84.88,70.27,71.77,87.2,76.11,81.7,88.9,51.44,54.77,78.05,49.62,51.01,90.99,74.26,76.52,78.3,66.29,71.57,NA,52.6,54.27,90.67,57.79,60.58,87.61,69.82,76.87,100,65.16,67.72,NA,67.78,69.26,88.06,45.6,49.17,84.42,33.02,37.41,72.47,61.31,64.47,NA,NA,NA,NA,NA,NA,NA,NA,NA,NA,NA,NA,NA,NA,NA,*,NA,NA,NA,NA,NA,NA,NA,NA,NA,NA,NA,NA,NA,NA,NA,NA,NA,NA,NA,NA,NA,NA,NA,NA,NA,NA,NA,NA,NA,NA,NA,NA,*,NA,NA,NA,NA,NA,NA,NA,NA,NA,NA,NA,*,NA,NA,NA,NA,NA,NA,NA,NA,NA,NA,NA
41. Institutional births in public facility (%),66.14,48.23,48.89,31.41,35.86,35.65,45.83,43.04,43.57,48.5,39.09,39.68,43.88,40.47,40.87,NA,51.83,50.63,54,40.52,41.94,51.61,42.93,43.65,23.95,18.39,21.44,31.36,33.56,32.55,16.91,61.44,56.89,33.52,65.51,49.38,21.11,36.82,35.43,43.95,41.8,41.91,55.58,46.11,47.39,43.11,49.77,46.84,NA,46.44,46.2,67.41,52.39,53.66,37.77,44.25,41.68,58.01,59.53,59.42,NA,60.65,61.07,76.25,41.95,44.84,44.77,29.57,30.87,22.49,49.08,41.54,NA,NA,NA,NA,NA,NA,NA,NA,NA,NA,NA,NA,NA,NA,NA,*,NA,NA,NA,NA,NA,NA,NA,NA,NA,NA,NA,NA,NA,NA,NA,NA,NA,NA,NA,NA,NA,NA,NA,NA,NA,NA,NA,NA,NA,NA,NA,NA,*,NA,NA,NA,NA,NA,NA,NA,NA,NA,NA,NA,*,NA,NA,NA,NA,NA,NA,NA,NA,NA,NA,NA
42. Home delivery conducted by skilled health personnel (out of total deliveries) (%),0.01,9.02,8.69,3.15,7.56,7.34,3.11,7.11,6.34,6.33,10.55,10.29,0,5.18,4.57,NA,8.46,8.67,4.9,7.3,7.05,0.01,6.68,6.12,6.94,16.22,11.13,9.52,11.43,10.55,4.41,3.17,3.29,3.01,5.27,4.13,8.01,12.78,12.36,3.47,8.6,8.35,0,7.94,6.87,5.95,13.95,10.43,NA,7.77,7.45,9.33,13.97,13.58,2.83,9.09,6.61,0.01,9.11,8.44,NA,5.99,5.67,0.01,7,6.41,2.45,4.02,3.89,6.84,7.96,7.64,NA,NA,NA,NA,NA,NA,NA,NA,NA,NA,NA,NA,NA,NA,NA,*,NA,NA,NA,NA,NA,NA,NA,NA,NA,NA,NA,NA,NA,NA,NA,NA,NA,NA,NA,NA,NA,NA,NA,NA,NA,NA,NA,NA,NA,NA,NA,NA,*,NA,NA,NA,NA,NA,NA,NA,NA,NA,NA,NA,*,NA,NA,NA,NA,NA,NA,NA,NA,NA,NA,NA
43. Births assisted by a doctor/nurse/LHV/ANM/other health personnel (%),80.01,64.84,65.4,81.14,61.42,62.36,95.32,82.44,84.9,100,71.26,73.07,91.22,58.14,62.02,NA,66,66.03,65.35,54,55.2,60.32,55.08,55.52,82.49,68.41,76.14,86.13,63.74,74.07,89.29,73.71,75.3,90.28,81.1,85.73,96.91,63.25,66.24,86.54,58.22,59.61,90.99,81.95,83.17,84.17,79.52,81.57,NA,60.05,61.42,100,71.16,73.61,91.34,79.21,84.01,100,74,75.92,NA,73.02,74.22,88.06,52.62,55.6,86.87,36.25,40.57,79.31,68.29,71.41,NA,NA,NA,NA,NA,NA,NA,NA,NA,NA,NA,NA,NA,NA,NA,*,NA,NA,NA,NA,NA,NA,NA,NA,NA,NA,NA,NA,NA,NA,NA,NA,NA,NA,NA,NA,NA,NA,NA,NA,NA,NA,NA,NA,NA,NA,NA,NA,*,NA,NA,NA,NA,NA,NA,NA,NA,NA,NA,NA,*,NA,NA,NA,NA,NA,NA,NA,NA,NA,NA,NA
44. Births delivered by caesarean section (%),13.16,4.4,4.73,18.86,9.73,10.16,16.71,16.33,16.4,14.29,7.37,7.8,20.26,4.94,6.74,NA,4.69,4.87,4.83,2.69,2.92,0.01,2.91,2.66,22.29,11.93,17.62,16.6,10.73,13.44,21,6.41,7.9,26.1,5.78,16.02,46.92,6.49,10.08,17.43,5.65,6.22,26.06,14.06,15.68,19.84,13.03,16.02,NA,2.9,4.94,14.6,3.16,4.13,28.84,16.23,21.23,20.15,5.07,6.18,NA,5.17,7.23,14.26,3.47,4.38,36.55,0.9,3.94,15.88,4.93,8.03,NA,NA,NA,NA,NA,NA,NA,NA,NA,NA,NA,NA,NA,NA,NA,*,NA,NA,NA,NA,NA,NA,NA,NA,NA,NA,NA,NA,NA,NA,NA,NA,NA,NA,NA,NA,NA,NA,NA,NA,NA,NA,NA,NA,NA,NA,NA,NA,*,NA,NA,NA,NA,NA,NA,NA,NA,NA,NA,NA,*,NA,NA,NA,NA,NA,NA,NA,NA,NA,NA,NA
45. Births in a private health facility delivered by caesarean section (%),NA,31.55,32.47,NA,44.78,43.36,30.81,48.58,44.08,NA,28.87,29.2,42.81,31.66,35.28,NA,35.09,34.06,NA,35.86,37.42,NA,49.51,43.24,38.03,27.28,34.3,31.8,54.91,39.37,27.84,42.19,35.49,43.52,20.62,39.8,66.73,29.67,41.2,NA,42.92,44.42,NA,42.07,45.86,49.41,59.65,53.24,NA,NA,55.44,NA,21.67,30.78,43.86,47.74,45.56,NA,NA,32.36,NA,42.31,49.61,NA,NA,NA,NA,NA,53.73,29.51,27.57,28.77,*,NA,NA,*,NA,NA,NA,NA,NA,*,NA,NA,NA,NA,NA,*,NA,NA,*,NA,NA,*,NA,NA,NA,NA,NA,NA,NA,NA,NA,NA,NA,NA,NA,NA,NA,NA,NA,*,NA,NA,*,NA,NA,NA,NA,NA,*,*,NA,*,NA,NA,NA,NA,NA,*,*,NA,*,NA,NA,*,*,*,*,*,NA,NA,NA,NA
46. Births in a public health facility delivered by caesarean section (%),NA,3.42,3.75,NA,3.79,4.19,5.28,1.49,2.25,NA,2.49,2.3,NA,1.96,1.72,NA,5.06,4.98,2.96,1.18,1.42,0.01,0.45,0.41,10.04,14.73,11.85,8.74,2.19,5.1,NA,4.36,4.6,8.16,5.48,6.4,NA,5.84,5.95,NA,5.48,5.2,5.38,4.8,4.89,5.69,6.39,6.11,NA,1.05,1.01,3.18,3.79,3.72,18.5,9.1,12.47,NA,5.3,5.88,NA,3.55,5.19,NA,4.2,5.17,NA,0.82,1.4,NA,3.18,3.46,*,NA,NA,*,NA,NA,NA,NA,NA,*,NA,NA,*,NA,NA,*,NA,NA,NA,NA,NA,NA,NA,NA,NA,NA,NA,NA,NA,NA,*,NA,NA,NA,NA,NA,*,NA,NA,*,NA,NA,NA,NA,NA,NA,NA,NA,*,NA,NA,NA,NA,NA,NA,NA,NA,*,NA,NA,*,NA,NA,*,NA,NA,*,NA,NA,*,NA,NA
47. Children age 12-23 months fully immunized (BCG measles and 3 doses each of polio/DPT) (%),NA,54.02,54.16,NA,41.05,41.97,NA,68.26,70.87,NA,44.98,47.58,NA,62.3,64.2,NA,60.76,60.08,NA,62.81,62.24,NA,70.68,70.06,69.2,78.57,73.49,60.69,71,66.22,NA,57.9,59.98,62.49,77.33,68.9,NA,54.94,57.72,NA,53.22,52.72,NA,71.93,72.52,64.94,66.9,66.05,NA,75.6,76,NA,61.65,62.44,70.85,65.86,67.7,NA,69.34,72.69,NA,58.57,58.82,NA,52.53,56.87,NA,48.14,49.71,NA,74.53,65.1,*,NA,NA,*,NA,NA,*,NA,NA,*,NA,NA,*,NA,NA,*,NA,NA,*,NA,NA,*,NA,NA,NA,NA,NA,NA,NA,NA,*,NA,NA,NA,NA,NA,*,NA,NA,*,NA,NA,*,NA,NA,NA,NA,NA,*,NA,NA,*,NA,NA,NA,NA,NA,*,NA,NA,*,NA,NA,*,NA,NA,*,NA,NA,*,NA,NA
48. Children age 12-23 months who have received BCG (%),NA,88.35,88.07,NA,89.91,90.2,NA,94.68,95.93,NA,97.16,97.4,NA,94.55,95.34,NA,93.25,93.41,NA,95.33,95.53,NA,99.12,99.18,98.7,98.67,98.69,100,100,100,NA,95.63,96.08,98.43,100,99.11,NA,95.68,96.19,NA,83.87,84.29,NA,100,100,96.93,100,98.68,NA,97.13,97.18,NA,94.47,94.88,97.75,98.6,98.28,NA,94.74,95.31,NA,93.94,93.06,NA,93.5,94.09,NA,91.15,91.77,NA,96.8,97.72,*,NA,NA,*,NA,NA,*,NA,NA,*,NA,NA,*,NA,NA,*,NA,NA,*,NA,NA,*,NA,NA,NA,NA,NA,NA,NA,NA,*,NA,NA,NA,NA,NA,*,NA,NA,*,NA,NA,*,NA,NA,NA,NA,NA,*,NA,NA,*,NA,NA,NA,NA,NA,*,NA,NA,*,NA,NA,*,NA,NA,*,NA,NA,*,NA,NA
49. Children age 12-23 months who have received 3 doses of polio vaccine (%),NA,66.75,66.52,NA,59.82,60.98,NA,78.67,82.42,NA,53.7,56.6,NA,73.12,74.22,NA,74.76,75.38,NA,75.51,76.53,NA,76.1,77.05,86.41,85.03,85.78,76.05,76.79,76.44,NA,71.49,72.15,71.66,92.71,80.76,NA,74.24,76.58,NA,63.08,62.86,NA,72.95,73.47,77.28,75.52,76.28,NA,86.54,86.76,NA,78.27,79.86,82.69,76.3,78.65,NA,81.34,83.37,NA,70.54,70.4,NA,64.72,67.94,NA,65.97,66.29,NA,87.05,76.5,*,NA,NA,*,NA,NA,*,NA,NA,*,NA,NA,*,NA,NA,*,NA,NA,*,NA,NA,*,NA,NA,NA,NA,NA,NA,NA,NA,*,NA,NA,NA,NA,NA,*,NA,NA,*,NA,NA,*,NA,NA,NA,NA,NA,*,NA,NA,*,NA,NA,NA,NA,NA,*,NA,NA,*,NA,NA,*,NA,NA,*,NA,NA,*,NA,NA
50. Children age 12-23 months who have received 3 doses of DPT vaccine (%),NA,74.81,74.92,NA,58.52,58.93,NA,87.36,89.21,NA,72.76,73.01,NA,86.45,86.66,NA,87.86,87.36,NA,75.52,76.54,NA,87.64,87.48,91.05,87.72,89.53,80.49,90.55,85.88,NA,79.99,82.08,87.05,92.09,89.23,NA,72.89,74.24,NA,70.33,71.09,NA,91.31,90.51,78.67,91.21,85.8,NA,94.59,94.68,NA,79.26,80.21,91.93,94.03,93.26,NA,93.16,93.9,NA,76.15,75.83,NA,74.51,76.84,NA,70.65,72.7,NA,93.67,91.38,*,NA,NA,*,NA,NA,*,NA,NA,*,NA,NA,*,NA,NA,*,NA,NA,*,NA,NA,*,NA,NA,NA,NA,NA,NA,NA,NA,*,NA,NA,NA,NA,NA,*,NA,NA,*,NA,NA,*,NA,NA,NA,NA,NA,*,NA,NA,*,NA,NA,NA,NA,NA,*,NA,NA,*,NA,NA,*,NA,NA,*,NA,NA,*,NA,NA
51. Children age 12-23 months who have received measles vaccine (%),NA,78.31,78.32,NA,65.93,66.92,NA,83.31,84.78,NA,82.22,82.7,NA,78.8,81.09,NA,80.58,79.42,NA,76.65,75.5,NA,94.79,93.21,80.85,89.49,84.81,83.91,89.63,86.97,NA,75.08,77.68,84.54,88.74,86.35,NA,77.79,78.56,NA,70.06,70.3,NA,96.82,97.05,89.7,95.26,92.86,NA,87.76,87.96,NA,74.49,74.92,83.53,86.49,85.4,NA,90.07,91.15,NA,84.04,83.47,NA,84.51,85.92,NA,65.34,67.75,NA,90.04,91.29,*,NA,NA,*,NA,NA,*,NA,NA,*,NA,NA,*,NA,NA,*,NA,NA,*,NA,NA,*,NA,NA,NA,NA,NA,NA,NA,NA,*,NA,NA,NA,NA,NA,*,NA,NA,*,NA,NA,*,NA,NA,NA,NA,NA,*,NA,NA,*,NA,NA,NA,NA,NA,*,NA,NA,*,NA,NA,*,NA,NA,*,NA,NA,*,NA,NA
52. Children age 12-23 months who have received 3 doses of Hepatitis B vaccine (%),NA,46.19,46.5,NA,38.25,39.25,NA,51.69,59.58,NA,47.41,49.81,NA,61.77,62.83,NA,57.12,57.36,NA,45.94,48.2,NA,67.24,68.81,69.16,68.11,68.68,53.74,69.38,62.12,NA,50.91,50.27,53.68,57.92,55.51,NA,52.29,53.56,NA,50.13,50.25,NA,66.02,67.04,64.12,50.58,56.42,NA,67.14,67.69,NA,51.95,54.32,63.43,60.7,61.71,NA,66.48,68.78,NA,46.35,46.98,NA,35.87,41.73,NA,49.93,51.37,NA,53.71,54.63,*,NA,NA,*,NA,NA,*,NA,NA,*,NA,NA,*,NA,NA,*,NA,NA,*,NA,NA,*,NA,NA,NA,NA,NA,NA,NA,NA,*,NA,NA,NA,NA,NA,*,NA,NA,*,NA,NA,*,NA,NA,NA,NA,NA,*,NA,NA,*,NA,NA,NA,NA,NA,*,NA,NA,*,NA,NA,*,NA,NA,*,NA,NA,*,NA,NA
53. Children age 9-59 months who received a vitamin A dose in last 6 months (%),NA,50.59,50.36,72.81,56.26,56.92,45.42,50.16,49.25,96.19,63.54,65.5,38.4,42.01,41.56,NA,47.29,47.84,50.87,48.59,48.82,44.94,63.93,62.26,43.52,53.23,47.82,49.34,47.58,48.41,64.72,60.8,61.22,37.58,56.58,46.94,35.25,51.99,50.62,NA,53.35,54.17,71.61,69.18,69.47,44.54,53.2,49.37,NA,49.95,50.09,52.49,45.39,45.92,51.34,56.86,54.71,75.92,62.31,63.29,NA,68.48,67.51,NA,54.72,56.46,54.57,34.91,36.67,50.56,57.4,55.44,*,NA,NA,NA,NA,NA,NA,NA,NA,NA,NA,NA,NA,NA,NA,*,NA,NA,NA,NA,NA,NA,NA,NA,NA,NA,NA,NA,NA,NA,NA,NA,NA,NA,NA,NA,NA,NA,NA,*,NA,NA,NA,NA,NA,NA,NA,NA,*,NA,NA,NA,NA,NA,NA,NA,NA,NA,NA,NA,*,NA,NA,*,NA,NA,NA,NA,NA,NA,NA,NA
54. Children age 12-23 months who received most of the vaccinations in public health facility (%),NA,99.08,99.1,NA,97.18,97.27,NA,97.55,96.66,NA,95.63,95.13,NA,97.85,96.28,NA,100,98.36,NA,100,100,NA,98.9,98.98,88.26,97.31,92.43,88.57,98.38,93.83,NA,97.44,90.51,53.57,98.37,73.11,NA,96.6,93.9,NA,98.58,98.62,NA,97.49,97.67,81.91,100,92.26,NA,100,98.35,NA,99.08,99.15,81.9,98.45,92.39,NA,100,100,NA,98.81,98.83,NA,100,100,NA,100,100,NA,100,96.92,*,NA,NA,*,NA,NA,*,NA,NA,*,NA,NA,*,NA,NA,*,NA,NA,*,NA,NA,*,NA,NA,NA,NA,NA,NA,NA,NA,*,NA,NA,NA,NA,NA,*,NA,NA,*,NA,NA,*,NA,NA,NA,NA,NA,*,NA,NA,*,NA,NA,NA,NA,NA,*,NA,NA,*,NA,NA,*,NA,NA,*,NA,NA,*,NA,NA
55. Children age 12-23 months who received most of the vaccinations in private health facility (%),NA,0.92,0.9,NA,1.8,1.74,NA,2.45,3.34,NA,4.37,4.87,NA,2.15,3.72,NA,0,1.64,NA,0,0,NA,1.1,1.02,11.74,2.69,7.57,11.43,1.62,6.17,NA,2.56,9.49,46.43,1.63,26.89,NA,3.4,6.1,NA,0,0,NA,2.51,2.33,18.09,0,7.74,NA,0,1.65,NA,0.92,0.85,18.1,1.55,7.61,NA,0,0,NA,0,0,NA,0,0,NA,0,0,NA,0,3.08,*,NA,NA,*,NA,NA,*,NA,NA,*,NA,NA,*,NA,NA,*,NA,NA,*,NA,NA,*,NA,NA,NA,NA,NA,NA,NA,NA,*,NA,NA,NA,NA,NA,*,NA,NA,*,NA,NA,*,NA,NA,NA,NA,NA,*,NA,NA,*,NA,NA,NA,NA,NA,*,NA,NA,*,NA,NA,*,NA,NA,*,NA,NA,*,NA,NA
56. Prevalence of diarrhoea (reported) in the last 2 weeks preceding the survey (%),8.19,11.36,11.25,12.55,11.47,11.53,0,4.45,3.59,2.85,2.58,2.6,6.58,5.46,5.6,NA,6.3,6.05,3.02,3.89,3.8,4.4,4.91,4.87,5.81,8.63,7.08,3.12,5.6,4.45,2.43,4.95,4.7,10.67,7.13,8.9,8.67,18.73,17.82,3.47,8.07,7.83,0,6.79,5.92,11.43,9.57,10.38,NA,4.27,4.65,2.44,5.62,5.35,7.1,7.78,7.51,3.36,5.85,5.68,NA,10.07,10.06,7.58,3.86,4.17,2.52,4.35,4.19,4.75,4.76,4.76,NA,NA,NA,NA,NA,NA,NA,NA,NA,NA,NA,NA,NA,NA,NA,*,NA,NA,NA,NA,NA,NA,NA,NA,NA,NA,NA,NA,NA,NA,NA,NA,NA,NA,NA,NA,NA,NA,NA,NA,NA,NA,NA,NA,NA,NA,NA,NA,*,NA,NA,NA,NA,NA,NA,NA,NA,NA,NA,NA,*,NA,NA,NA,NA,NA,NA,NA,NA,NA,NA,NA
57. Children with diarrhoea in the last 2 weeks who received oral rehydration salts (ORS) (%),NA,45.48,45.65,NA,56.34,56.92,NA,NA,NA,NA,NA,NA,NA,25.48,21.78,NA,41.99,41.99,NA,NA,NA,NA,NA,42.23,NA,31.99,39.86,NA,NA,54.34,NA,NA,NA,NA,NA,60.25,NA,28.95,28.63,NA,49.77,50.91,NA,60.59,60.59,53.88,24.97,38.92,NA,NA,NA,NA,NA,NA,NA,NA,39.03,NA,NA,NA,NA,45.78,45.63,NA,NA,NA,NA,NA,NA,NA,NA,NA,*,NA,NA,*,NA,NA,*,*,*,*,*,*,*,NA,NA,*,NA,NA,*,*,*,*,*,NA,*,NA,NA,*,*,NA,*,*,*,*,*,NA,*,NA,NA,*,NA,NA,*,NA,NA,NA,NA,NA,*,*,*,*,*,*,*,*,NA,*,*,*,*,NA,NA,*,*,*,*,*,*,*,*,*
58. Children with diarrhoea in the last 2 weeks who received zinc (%),NA,26.35,25.67,NA,8.25,7.79,NA,NA,NA,NA,NA,NA,NA,3.72,3.18,NA,11.61,11.61,NA,NA,NA,NA,NA,20.63,NA,16.52,14.4,NA,NA,20.02,NA,NA,NA,NA,NA,33.45,NA,11.81,11.29,NA,35.68,34.87,NA,30.1,30.1,15.72,6.04,10.71,NA,NA,NA,NA,NA,NA,NA,NA,7.2,NA,NA,NA,NA,20.08,21.33,NA,NA,NA,NA,NA,NA,NA,NA,NA,*,NA,NA,*,NA,NA,*,*,*,*,*,*,*,NA,NA,*,NA,NA,*,*,*,*,*,NA,*,NA,NA,*,*,NA,*,*,*,*,*,NA,*,NA,NA,*,NA,NA,*,NA,NA,NA,NA,NA,*,*,*,*,*,*,*,*,NA,*,*,*,*,NA,NA,*,*,*,*,*,*,*,*,*
59. Children with diarrhoea in the last 2 weeks taken to a health facility (%),NA,57.4,57.16,NA,44.74,45.96,NA,NA,NA,NA,NA,NA,NA,62.34,58.15,NA,72.22,72.22,NA,NA,NA,NA,NA,55.99,NA,70.84,74.07,NA,NA,55.68,NA,NA,NA,NA,NA,67.99,NA,48.47,47.95,NA,49.5,48.38,NA,66.03,66.03,46.36,34.75,40.35,NA,NA,NA,NA,NA,NA,NA,NA,59.01,NA,NA,NA,NA,52.27,49.44,NA,NA,NA,NA,NA,NA,NA,NA,NA,*,NA,NA,*,NA,NA,*,*,*,*,*,*,*,NA,NA,*,NA,NA,*,*,*,*,*,NA,*,NA,NA,*,*,NA,*,*,*,*,*,NA,*,NA,NA,*,NA,NA,*,NA,NA,NA,NA,NA,*,*,*,*,*,*,*,*,NA,*,*,*,*,NA,NA,*,*,*,*,*,*,*,*,*
60. Prevalence of symptoms of acute respiratory infection (ARI) in the last 2 weeks preceding the survey (%),0.01,5.21,5.02,0.01,1.54,1.47,0,4.2,3.38,10.09,4.47,4.82,11.92,4.25,5.2,NA,4.8,4.8,0.01,1.97,1.76,0.01,6.59,6.02,8.3,4.44,6.56,2.54,2.05,2.28,0.01,0.26,0.23,0,1.85,0.92,0.01,3.1,2.82,3.47,5.81,5.69,1.65,3.78,3.51,2.91,2.76,2.83,NA,2.19,2.37,3.07,3.34,3.31,3.06,3.31,3.21,0.01,0.24,0.23,NA,1.47,1.39,3.17,0.96,1.15,0.01,0.25,0.23,1.33,0.28,0.59,NA,NA,NA,NA,NA,NA,NA,NA,NA,NA,NA,NA,NA,NA,NA,*,NA,NA,NA,NA,NA,NA,NA,NA,NA,NA,NA,NA,NA,NA,NA,NA,NA,NA,NA,NA,NA,NA,NA,NA,NA,NA,NA,NA,NA,NA,NA,NA,*,NA,NA,NA,NA,NA,NA,NA,NA,NA,NA,NA,*,NA,NA,NA,NA,NA,NA,NA,NA,NA,NA,NA
61. Children with fever or symptoms of ARI in the last 2 weeks preceding the survey taken to a health facility (%),NA,59.83,60.5,NA,55.57,57.12,NA,90.44,86.45,NA,76.99,80.01,NA,63.57,69.43,NA,80.77,81.24,NA,59.91,59.6,NA,58.57,55.86,78.97,64.04,72.49,64,74.47,69.67,NA,NA,NA,NA,82.82,88.28,NA,58.26,61.73,NA,66.34,65.14,NA,66.24,65.57,70.17,54.39,60.97,NA,62.02,61.61,NA,48.97,53.64,73.3,56.08,64.12,NA,78.02,78.99,NA,59.75,57.03,NA,NA,NA,NA,NA,46.79,NA,NA,NA,*,NA,NA,*,NA,NA,*,NA,NA,*,NA,NA,*,NA,NA,*,NA,NA,*,NA,NA,*,NA,NA,NA,NA,NA,NA,NA,NA,*,*,*,*,NA,NA,*,NA,NA,*,NA,NA,*,NA,NA,NA,NA,NA,*,NA,NA,*,NA,NA,NA,NA,NA,*,NA,NA,*,NA,NA,*,*,*,*,*,NA,*,*,*
62. Children under age 3 years breastfed within one hour of birth8 (%),NA,32.65,32.14,NA,27.14,27.18,11.19,21.16,19.18,NA,39.08,39.48,23.93,35.14,33.59,NA,40.22,40.57,33.28,28.98,29.5,27.6,41.73,40.63,27.11,12.36,20.06,27.07,19.16,23.03,59.42,54.96,55.45,24.64,25.52,25.07,45.44,33.28,34.58,NA,31.97,31.63,44.41,41.06,41.5,32.91,38.4,36.07,NA,30.9,31.42,16.23,34.45,32.94,37.98,38.6,38.36,NA,27.97,30.05,NA,30.86,31.7,NA,33.21,34.11,NA,31.68,31.47,22.52,54.27,44.05,*,NA,NA,*,NA,NA,NA,NA,NA,*,NA,NA,NA,NA,NA,*,NA,NA,NA,NA,NA,NA,NA,NA,NA,NA,NA,NA,NA,NA,NA,NA,NA,NA,NA,NA,NA,NA,NA,*,NA,NA,NA,NA,NA,NA,NA,NA,*,NA,NA,NA,NA,NA,NA,NA,NA,*,NA,NA,*,NA,NA,*,NA,NA,*,NA,NA,NA,NA,NA
63. Children under age 6 months exclusively breastfed9 (%),NA,51.86,51.75,NA,46.01,42.19,NA,63.31,61.88,NA,67.55,68.18,NA,67.09,70.45,NA,79.07,79.55,NA,73.36,68.07,NA,76.63,76.03,NA,66.52,63.81,NA,74.51,74.16,NA,52.81,49.89,NA,47.85,55.89,NA,47.27,48.51,NA,45.47,48.19,NA,73.34,74.73,67.04,74.34,71.2,NA,70.81,71.8,NA,69.76,67.79,63.68,NA,71.28,NA,66.57,69.95,NA,51.44,53.14,NA,64.71,64.86,NA,69.1,65.97,NA,68.09,65.34,*,NA,NA,*,NA,NA,*,NA,NA,*,NA,NA,*,NA,NA,*,NA,NA,*,NA,NA,*,NA,NA,*,NA,NA,*,NA,NA,*,NA,NA,*,NA,NA,*,NA,NA,*,NA,NA,*,NA,NA,NA,NA,NA,*,NA,NA,*,NA,NA,NA,*,NA,*,NA,NA,*,NA,NA,*,NA,NA,*,NA,NA,*,NA,NA
64. Children age 6-8 months receiving solid or semi-solid food and breastmilk9 (%),NA,48.1,48.1,NA,64.9,63.88,NA,NA,NA,NA,NA,NA,NA,NA,NA,NA,NA,NA,NA,NA,NA,NA,NA,NA,NA,NA,NA,NA,NA,62.45,NA,NA,NA,NA,NA,43.08,NA,NA,NA,NA,NA,NA,NA,NA,NA,NA,NA,46,NA,NA,NA,NA,NA,42.39,NA,NA,60.48,NA,29.28,29.28,NA,NA,NA,NA,NA,NA,NA,NA,NA,NA,NA,NA,*,NA,NA,*,NA,NA,*,*,*,*,*,*,*,*,*,*,*,*,*,*,*,*,*,*,*,*,*,*,*,NA,*,*,*,*,*,NA,*,*,*,*,*,*,*,*,*,*,*,NA,*,*,*,*,*,NA,*,*,NA,*,NA,NA,*,*,*,*,*,*,*,*,*,*,*,*
65. Breastfeeding children age 6-23 months receiving an adequate diet9 10 (%),NA,7.79,7.58,NA,10.27,10.09,0.01,5.68,4.4,NA,1.62,2.21,NA,7.13,7.88,NA,6.75,6.57,NA,5.74,5.38,NA,5.7,6.49,9.64,7.35,8.57,9.65,6.76,8.26,NA,9.57,8.63,18.1,11.52,14.98,NA,3.88,3.5,NA,6.13,5.98,NA,1.69,1.53,8.11,5.68,6.59,NA,16.59,17.24,NA,9.41,9.1,8.36,3.68,5.19,NA,12.04,13.42,NA,10,9.62,NA,17.28,17.8,NA,0.91,2.53,NA,6.3,5.51,*,NA,NA,*,NA,NA,NA,NA,NA,*,NA,NA,*,NA,NA,*,NA,NA,*,NA,NA,*,NA,NA,NA,NA,NA,NA,NA,NA,*,NA,NA,NA,NA,NA,*,NA,NA,*,NA,NA,*,NA,NA,NA,NA,NA,*,NA,NA,*,NA,NA,NA,NA,NA,*,NA,NA,*,NA,NA,*,NA,NA,*,NA,NA,*,NA,NA
66. Non-breastfeeding children age 6-23 months receiving an adequate diet9 10 (%),NA,NA,NA,NA,NA,NA,NA,NA,NA,NA,NA,NA,NA,NA,NA,NA,NA,NA,NA,NA,NA,NA,NA,NA,NA,NA,NA,NA,NA,NA,NA,NA,NA,NA,NA,NA,NA,NA,NA,NA,NA,NA,NA,NA,NA,NA,NA,NA,NA,NA,NA,NA,NA,NA,NA,NA,NA,NA,NA,NA,NA,NA,NA,NA,NA,NA,NA,NA,NA,NA,NA,NA,*,*,*,*,*,*,*,*,*,*,*,*,*,*,*,*,*,*,*,*,*,*,*,*,*,*,*,*,*,*,*,*,*,*,*,*,*,*,*,*,*,*,*,*,*,*,*,*,*,*,*,*,*,*,*,*,*,*,*,*,*,*,*,*,*,*,*,*,*,*,*,*
67. Total children age 6-23 months receiving an adequate diet9 10 (%),NA,7.06,6.88,NA,10.27,10,3.54,8.21,7.18,NA,1.52,2.04,NA,7.3,7.88,NA,6.51,6.34,NA,5.64,5.26,NA,5.39,6.16,8.14,6.97,7.63,8.91,6.43,7.73,NA,8.73,7.82,16.7,11.11,14.1,NA,4.81,4.36,NA,7.92,7.74,NA,1.65,1.5,7.65,5.46,6.35,NA,16.44,17.08,NA,9.42,9.08,12.21,4.33,7.07,NA,11.79,13.05,NA,9.59,9.1,NA,16.99,18.26,NA,0.86,2.39,NA,5.97,5.07,*,NA,NA,*,NA,NA,NA,NA,NA,*,NA,NA,*,NA,NA,*,NA,NA,*,NA,NA,*,NA,NA,NA,NA,NA,NA,NA,NA,*,NA,NA,NA,NA,NA,*,NA,NA,*,NA,NA,*,NA,NA,NA,NA,NA,*,NA,NA,*,NA,NA,NA,NA,NA,*,NA,NA,*,NA,NA,*,NA,NA,*,NA,NA,*,NA,NA
68. Children under 5 years who are stunted11 (%),NA,46.17,45.58,24.84,50.85,49.57,37.33,43.6,42.42,53.81,45.24,45.77,38.44,45.65,44.77,NA,55.11,53.99,56.2,49.53,50.22,55.78,51.47,51.84,36.34,40.99,38.46,32.85,45.86,39.78,20.22,43.82,41.69,28.2,50.15,39.34,36.45,46.27,45.39,31.83,44.87,44.18,34.21,51.34,49.27,31.16,44.92,38.69,NA,44.6,43.79,49.38,43.64,44.13,23.99,51.85,40.66,31.49,40.84,40.09,NA,46.51,45.82,32.17,39.95,39.21,24.48,62.94,59.41,40.16,47.08,45.11,*,NA,NA,NA,NA,NA,NA,NA,NA,NA,NA,NA,NA,NA,NA,*,NA,NA,NA,NA,NA,NA,NA,NA,NA,NA,NA,NA,NA,NA,NA,NA,NA,NA,NA,NA,NA,NA,NA,NA,NA,NA,NA,NA,NA,NA,NA,NA,*,NA,NA,NA,NA,NA,NA,NA,NA,NA,NA,NA,*,NA,NA,NA,NA,NA,NA,NA,NA,NA,NA,NA
69. Children under 5 years who are wasted11 (%),NA,31.93,31.32,27.09,30.74,30.56,22.94,19.7,20.31,26.28,23.37,23.55,27.01,23.38,23.82,NA,25.56,24.79,20.88,24.99,24.56,28.26,23.81,24.19,25.53,31.18,28.1,28.96,43.81,36.86,10.81,30.68,28.89,33.03,47.98,40.62,15.2,24.68,23.83,19.81,29.49,28.97,31.1,23.61,24.52,31.14,29.68,30.34,NA,42.06,41.44,28.78,29.9,29.81,25.07,28.6,27.18,33.67,43.78,42.96,NA,31.95,31.7,27.27,37.74,36.73,34.36,37.87,37.54,21.07,24.18,23.3,*,NA,NA,NA,NA,NA,NA,NA,NA,NA,NA,NA,NA,NA,NA,*,NA,NA,NA,NA,NA,NA,NA,NA,NA,NA,NA,NA,NA,NA,NA,NA,NA,NA,NA,NA,NA,NA,NA,NA,NA,NA,NA,NA,NA,NA,NA,NA,*,NA,NA,NA,NA,NA,NA,NA,NA,NA,NA,NA,*,NA,NA,NA,NA,NA,NA,NA,NA,NA,NA,NA
70. Children under 5 years who are severely wasted12 (%),NA,11.85,11.92,0.01,10.12,9.62,9.97,6.14,6.86,9.96,10.27,10.25,8.58,5.46,5.84,NA,11.11,10.61,7.29,10.71,10.35,12.35,9.52,9.76,11.62,11.44,11.54,14.56,20.34,17.64,5.66,11.99,11.42,18.45,21.29,19.89,5.64,6.62,6.53,3.75,11.05,10.66,7.39,9.08,8.87,9.99,9.81,9.89,NA,22.21,21.83,14.33,12.41,12.58,7.56,7.41,7.47,25.4,27.42,27.25,NA,10.73,10.92,6.07,15.97,15.02,8.51,13.52,13.06,6.66,9.86,8.94,*,NA,NA,NA,NA,NA,NA,NA,NA,NA,NA,NA,NA,NA,NA,*,NA,NA,NA,NA,NA,NA,NA,NA,NA,NA,NA,NA,NA,NA,NA,NA,NA,NA,NA,NA,NA,NA,NA,NA,NA,NA,NA,NA,NA,NA,NA,NA,*,NA,NA,NA,NA,NA,NA,NA,NA,NA,NA,NA,*,NA,NA,NA,NA,NA,NA,NA,NA,NA,NA,NA
71. Children under 5 years who are underweight11 (%),NA,51.22,50.68,31.65,52.29,51.27,49.21,40.64,42.24,43.3,40.45,40.63,43.77,46.32,46,NA,47.13,45.97,58.66,48.66,49.71,64.03,45.3,46.88,40.59,45.01,42.6,38.78,61.27,50.75,23.19,50.6,48.13,36.55,62.63,49.8,21.53,46.05,43.85,23.56,45.33,44.17,48.36,46.87,47.05,38.98,52.26,46.25,NA,54.28,53.49,36.58,49.92,48.78,32.05,51.74,43.83,42.09,54.85,53.82,NA,48.62,47.65,31.36,49.64,47.88,60.13,67.53,66.85,43.98,56.01,52.58,*,NA,NA,NA,NA,NA,NA,NA,NA,NA,NA,NA,NA,NA,NA,*,NA,NA,NA,NA,NA,NA,NA,NA,NA,NA,NA,NA,NA,NA,NA,NA,NA,NA,NA,NA,NA,NA,NA,NA,NA,NA,NA,NA,NA,NA,NA,NA,*,NA,NA,NA,NA,NA,NA,NA,NA,NA,NA,NA,*,NA,NA,NA,NA,NA,NA,NA,NA,NA,NA,NA
72. Women whose Body Mass Index (BMI) is below normal (BMI <18.5 kg/m2) (%),22.44,32.24,31.77,29.36,37.91,37.26,21.57,35.96,32.49,17.81,36.43,34.6,24.25,42.28,37.99,15.66,36.95,35.56,26.91,32.14,31.45,32.82,38.2,37.75,25.85,38.51,30.85,24.36,37.43,30.72,17.94,37.21,34.85,14.69,27.96,20.22,20.85,32.41,30.51,18.01,30.96,30,28.27,33.38,32.39,23.41,33.02,28.75,18.79,38.95,37.29,17.5,38.38,35.94,18.68,37.89,29.1,20.97,25.96,25.49,15.97,28.53,27.48,24.82,31.08,30.35,24.2,34.38,32.37,21.63,41.34,34.77,NA,NA,NA,NA,NA,NA,NA,NA,NA,NA,NA,NA,NA,NA,NA,NA,NA,NA,NA,NA,NA,NA,NA,NA,NA,NA,NA,NA,NA,NA,NA,NA,NA,NA,NA,NA,NA,NA,NA,NA,NA,NA,NA,NA,NA,NA,NA,NA,NA,NA,NA,NA,NA,NA,NA,NA,NA,NA,NA,NA,NA,NA,NA,NA,NA,NA,NA,NA,NA,NA,NA,NA
73. Men whose Body Mass Index (BMI) is below normal (BMI <18.5 kg/m2) (%),NA,27.48,28.25,NA,34.18,33.32,27.9,27.1,27.39,8.47,21.41,19.02,20.4,29.73,26.85,NA,25.3,23.71,NA,21.3,24.02,18.2,36.34,33.19,22.78,25.44,23.85,17.99,22.51,20.31,NA,29.41,25.7,13.57,16.35,14.83,18.15,31.48,28.74,25.26,29.92,29.21,18.3,22.51,21.46,27.23,21.79,24.25,NA,16.65,17.16,14.15,23.81,22.67,20.77,32.33,27.27,NA,16.54,16.35,NA,25.63,24.32,NA,30.32,29.26,NA,23.89,25.25,NA,29.1,23.89,*,NA,NA,*,NA,NA,NA,NA,NA,NA,NA,NA,NA,NA,NA,*,NA,NA,*,NA,NA,NA,NA,NA,NA,NA,NA,NA,NA,NA,*,NA,NA,NA,NA,NA,NA,NA,NA,NA,NA,NA,NA,NA,NA,NA,NA,NA,*,NA,NA,NA,NA,NA,NA,NA,NA,*,NA,NA,*,NA,NA,*,NA,NA,*,NA,NA,*,NA,NA
74. Women who are overweight or obese (BMI >=25.0 kg/m2) (%),10.87,7.33,7.5,31.82,4.51,6.61,13.98,7.34,8.94,22.83,5.23,6.96,18.6,4.3,7.7,20.35,5.96,6.9,12.3,6.94,7.65,9.94,5.44,5.82,19.85,6.78,14.69,18.91,4.93,12.1,27.99,5.24,8.03,23.52,6.54,16.44,27.39,8.53,11.64,22.83,6.67,7.87,16.83,7.7,9.47,20.04,7,12.79,22.05,2.5,4.12,19.62,4.28,6.08,26.57,7.05,15.98,13.89,4.2,5.11,31.95,5.41,7.63,16.31,2.84,4.4,25.78,5.27,9.32,25.33,5.86,12.35,NA,NA,NA,NA,NA,NA,NA,NA,NA,NA,NA,NA,NA,NA,NA,NA,NA,NA,NA,NA,NA,NA,NA,NA,NA,NA,NA,NA,NA,NA,NA,NA,NA,NA,NA,NA,NA,NA,NA,NA,NA,NA,NA,NA,NA,NA,NA,NA,NA,NA,NA,NA,NA,NA,NA,NA,NA,NA,NA,NA,NA,NA,NA,NA,NA,NA,NA,NA,NA,NA,NA,NA
75. Men who are overweight or obese (BMI >=25.0 kg/m2) (%),NA,9.11,9.7,NA,9.93,10.17,1.82,11.16,7.82,40.21,4.15,10.83,23.31,6.53,11.72,NA,7.64,7.16,NA,7.84,10.61,4.41,6.6,6.22,12.65,7.34,10.52,25.54,3.49,14.24,NA,8.41,11.99,18.11,8.69,13.86,23.85,9.82,12.7,25.26,9.49,11.87,5.53,14.28,12.1,13.66,9.22,11.23,NA,8.45,8.31,17.46,7.37,8.56,26.95,4.22,14.16,NA,3.78,4.71,NA,7.86,8.18,NA,1.3,1.14,NA,3.53,8.69,NA,9.63,17.61,*,NA,NA,*,NA,NA,NA,NA,NA,NA,NA,NA,NA,NA,NA,*,NA,NA,*,NA,NA,NA,NA,NA,NA,NA,NA,NA,NA,NA,*,NA,NA,NA,NA,NA,NA,NA,NA,NA,NA,NA,NA,NA,NA,NA,NA,NA,*,NA,NA,NA,NA,NA,NA,NA,NA,*,NA,NA,*,NA,NA,*,NA,NA,*,NA,NA,*,NA,NA
76. Children age 6-59 months who are anaemic (<11.0 g/dl) (%),NA,64.86,65.38,37.63,61.53,60.61,61.11,75.24,72.38,58.93,75.42,74.38,65.13,64.51,64.58,NA,81.99,80.72,63.33,71.07,70.37,79.14,73.77,74.26,66.11,74.54,69.87,68.5,79.09,74,72.15,64.13,64.92,59.38,73.65,66.47,60.4,59.42,59.5,NA,48.99,50.11,44.23,66.85,64.33,73.55,69.61,71.34,NA,76,74.88,43.94,76.31,73.68,49.5,74.13,64.84,49.39,65.99,64.75,NA,73.51,73.8,61.06,81.85,79.98,79.53,84.23,83.83,80.52,82.43,81.88,*,NA,NA,NA,NA,NA,NA,NA,NA,NA,NA,NA,NA,NA,NA,*,NA,NA,NA,NA,NA,NA,NA,NA,NA,NA,NA,NA,NA,NA,NA,NA,NA,NA,NA,NA,NA,NA,NA,*,NA,NA,NA,NA,NA,NA,NA,NA,*,NA,NA,NA,NA,NA,NA,NA,NA,NA,NA,NA,*,NA,NA,NA,NA,NA,NA,NA,NA,NA,NA,NA
77. Non-pregnant women age 15-49 years who are anaemic (<12.0 g/dl) (%),55.44,60.29,60.06,55.31,55.91,55.86,55.49,63.28,61.38,55.05,70.04,68.57,50.61,56.72,55.28,67.74,72.42,72.11,59.32,63.12,62.61,68.51,71.88,71.6,59.23,71.02,63.92,67.21,77.81,72.38,56.92,67.48,66.19,60.73,74.87,66.65,58.69,52.95,53.91,62.97,52.72,53.48,57.87,62.48,61.6,64.46,70.31,67.71,40.47,66.14,64.04,54.88,66.04,64.74,52.77,73.82,64.38,57.27,65,64.27,61.73,70.33,69.6,74.2,79.05,78.49,60.23,75.61,72.67,69.61,83.85,79.18,NA,NA,NA,NA,NA,NA,NA,NA,NA,NA,NA,NA,NA,NA,NA,NA,NA,NA,NA,NA,NA,NA,NA,NA,NA,NA,NA,NA,NA,NA,NA,NA,NA,NA,NA,NA,NA,NA,NA,NA,NA,NA,NA,NA,NA,NA,NA,NA,NA,NA,NA,NA,NA,NA,NA,NA,NA,NA,NA,NA,NA,NA,NA,NA,NA,NA,NA,NA,NA,NA,NA,NA
78. Pregnant women age 15-49 years who are anaemic (<11.0 g/dl) (%),NA,62.37,61.2,NA,66.42,66.87,NA,71.18,67.48,NA,66.76,65.81,NA,67.41,67.34,NA,59.5,60.37,NA,48.01,51.16,NA,64.16,63.41,48.51,58.16,52.19,63.71,87.97,73.69,NA,76.53,76.29,NA,72.9,64.58,NA,48.5,48.5,NA,63.78,63.63,NA,43.91,44.88,57.58,68.47,64.07,NA,55.49,57.4,NA,59.65,60.72,61.21,73.66,68.32,NA,60.25,60.01,NA,71.08,70.48,NA,75.65,71.75,NA,73.6,74.43,NA,73.38,68.78,*,NA,NA,*,NA,NA,*,NA,NA,*,NA,NA,*,NA,NA,*,NA,NA,*,NA,NA,*,NA,NA,NA,NA,NA,NA,NA,NA,*,NA,NA,*,NA,NA,*,NA,NA,*,NA,NA,*,NA,NA,NA,NA,NA,*,NA,NA,*,NA,NA,NA,NA,NA,*,NA,NA,*,NA,NA,*,NA,NA,*,NA,NA,*,NA,NA
79. All women age 15-49 years who are anaemic (%),54.33,60.43,60.13,55.9,56.7,56.64,55.05,63.85,61.77,54.94,69.92,68.48,50.83,57.42,55.94,68.24,71.8,71.57,60.18,62.15,61.89,67.61,71.39,71.08,58.89,70.64,63.56,67.1,78.06,72.41,57.46,67.92,66.67,60.56,74.79,66.59,58.69,52.67,53.62,62.92,53.22,53.93,57.54,61.62,60.84,64.2,70.23,67.56,42.06,65.59,63.71,55.41,65.7,64.54,53.08,73.81,64.53,57.34,64.83,64.11,61.62,70.36,69.64,72.95,78.92,78.21,60.72,75.44,72.79,69.15,83.37,78.79,NA,NA,NA,NA,NA,NA,NA,NA,NA,NA,NA,NA,NA,NA,NA,NA,NA,NA,NA,NA,NA,NA,NA,NA,NA,NA,NA,NA,NA,NA,NA,NA,NA,NA,NA,NA,NA,NA,NA,NA,NA,NA,NA,NA,NA,NA,NA,NA,NA,NA,NA,NA,NA,NA,NA,NA,NA,NA,NA,NA,NA,NA,NA,NA,NA,NA,NA,NA,NA,NA,NA,NA
80. Men age 15-49 years who are anaemic (<13.0 g/dl) (%),NA,29.24,28.42,NA,30.01,29.54,23.16,32.23,28.99,20.64,28.75,27.25,6.31,24.26,18.71,NA,27.56,26.6,NA,23.91,21.78,11.95,31.72,28.29,34.37,26.9,31.37,29.86,48.66,39.49,NA,46.72,44.83,29.62,41.43,34.95,13.28,26.64,23.88,33.49,43.13,41.69,11.37,20,17.85,21.75,37.49,30.37,NA,32.01,29.37,20.76,34.94,33.27,12.4,39.26,27.56,NA,44.46,42.04,NA,36.24,35.85,NA,44.21,41.5,NA,36.3,30.63,NA,43.7,38.71,*,NA,NA,*,NA,NA,NA,NA,NA,NA,NA,NA,NA,NA,NA,*,NA,NA,*,NA,NA,NA,NA,NA,NA,NA,NA,NA,NA,NA,*,NA,NA,NA,NA,NA,NA,NA,NA,NA,NA,NA,NA,NA,NA,NA,NA,NA,*,NA,NA,NA,NA,NA,NA,NA,NA,*,NA,NA,*,NA,NA,*,NA,NA,*,NA,NA,*,NA,NA
81. Blood sugar level - high (>140 mg/dl) (%),7.16,2.5,2.72,6.34,3.41,3.62,6.25,4.12,4.63,6.65,3.51,3.81,8.51,7.44,7.68,6.05,4.77,4.85,3.97,4.03,4.02,2.43,3.71,3.61,6.04,6.71,6.3,6.22,4.67,5.47,4.63,3.54,3.67,5.41,4.61,5.07,1.48,3.41,3.1,2.4,1.98,2.01,6.92,3.58,4.22,6.18,3.79,4.85,6.95,4.51,4.71,9.21,5,5.48,6.57,6.06,6.29,4.38,5.87,5.73,3.87,3.47,3.51,10.81,3.77,4.6,6.03,4.06,4.41,9.7,6.43,7.48,NA,NA,NA,NA,NA,NA,NA,NA,NA,NA,NA,NA,NA,NA,NA,NA,NA,NA,NA,NA,NA,NA,NA,NA,NA,NA,NA,NA,NA,NA,NA,NA,NA,NA,NA,NA,NA,NA,NA,NA,NA,NA,NA,NA,NA,NA,NA,NA,NA,NA,NA,NA,NA,NA,NA,NA,NA,NA,NA,NA,NA,NA,NA,NA,NA,NA,NA,NA,NA,NA,NA,NA
82. Blood sugar level - very high (>160 mg/dl) (%),4.18,0.58,0.76,2.19,1.06,1.14,2.31,1.81,1.93,2.89,1.31,1.46,3.93,2.1,2.52,4.49,1.08,1.29,1.99,1.77,1.8,0,1.62,1.48,3.46,3.29,3.39,3.26,1.66,2.49,1.49,1.54,1.53,2.87,1.99,2.49,0.97,1.53,1.44,0,0.86,0.8,3.62,1.56,1.95,3.06,1.62,2.25,1.29,0.73,0.78,5.71,2.3,2.68,3.44,1.98,2.64,2.36,2.05,2.08,2.46,1.47,1.55,5.52,1.49,1.97,4.22,1.59,2.06,5.26,2.91,3.67,NA,NA,NA,NA,NA,NA,NA,NA,NA,NA,NA,NA,NA,NA,NA,NA,NA,NA,NA,NA,NA,NA,NA,NA,NA,NA,NA,NA,NA,NA,NA,NA,NA,NA,NA,NA,NA,NA,NA,NA,NA,NA,NA,NA,NA,NA,NA,NA,NA,NA,NA,NA,NA,NA,NA,NA,NA,NA,NA,NA,NA,NA,NA,NA,NA,NA,NA,NA,NA,NA,NA,NA
83. Blood sugar level - high (>140 mg/dl) (%),NA,2.53,3.42,NA,6.86,6.21,11.05,5.01,7.17,12.17,3.93,5.46,2.83,11.99,9.16,NA,12.17,11.4,NA,7.99,7.01,8.82,3.59,4.5,7.87,7.92,7.89,6.37,10.89,8.69,NA,7.61,7.8,8.95,6.51,7.85,2.71,5.34,4.79,7.3,7.15,7.17,12.25,8.86,9.71,11.42,6.52,8.73,NA,7.73,7.67,21.69,8.1,9.7,4.77,3.38,3.99,NA,8.84,8.4,NA,5.09,4.83,NA,13.4,12.66,NA,7.42,12.29,NA,9.99,13.97,*,NA,NA,*,NA,NA,NA,NA,NA,NA,NA,NA,NA,NA,NA,*,NA,NA,*,NA,NA,NA,NA,NA,NA,NA,NA,NA,NA,NA,*,NA,NA,NA,NA,NA,NA,NA,NA,NA,NA,NA,NA,NA,NA,NA,NA,NA,*,NA,NA,NA,NA,NA,NA,NA,NA,*,NA,NA,*,NA,NA,*,NA,NA,*,NA,NA,*,NA,NA
84. Blood sugar level - very high (>160 mg/dl) (%),NA,0.79,1.26,NA,3.38,3.06,4.21,3.85,3.98,4.24,2.04,2.45,0.01,5.2,3.59,NA,5.04,4.72,NA,3.62,3.17,4.41,2.72,3.02,2.44,3.38,2.81,1.08,2.6,1.85,NA,2.89,2.56,4.54,4.31,4.44,0.01,2.73,2.16,2.43,4.14,3.88,2.33,4.85,4.21,8.62,1.74,4.85,NA,4.18,3.74,11.31,2.06,3.15,3.76,1.7,2.6,NA,2.1,1.95,NA,1.82,1.73,NA,3.39,2.98,NA,3.6,5.69,NA,5.11,7.29,*,NA,NA,*,NA,NA,NA,NA,NA,NA,NA,NA,NA,NA,NA,*,NA,NA,*,NA,NA,NA,NA,NA,NA,NA,NA,NA,NA,NA,*,NA,NA,NA,NA,NA,NA,NA,NA,NA,NA,NA,NA,NA,NA,NA,NA,NA,*,NA,NA,NA,NA,NA,NA,NA,NA,*,NA,NA,*,NA,NA,*,NA,NA,*,NA,NA,*,NA,NA
85. Slightly above normal (Systolic 140-159 mm of Hg and/or Diastolic 90-99 mm of Hg) (%),10.31,3.51,3.84,10.27,4.77,5.17,7.28,5.59,5.99,6.72,5.11,5.26,9.27,5.39,6.26,7.64,6.45,6.53,6.47,4.97,5.17,4.34,5.75,5.64,5.18,4.7,4.99,7.21,5.14,6.2,7.69,4.54,4.92,4.85,6.19,5.41,3.67,5.38,5.11,2.85,5.37,5.18,6.65,3.67,4.24,5.32,4.16,4.67,9.19,7.46,7.6,7.65,5.78,5.99,8.04,7.3,7.64,5.25,7.1,6.92,4.59,6.06,5.94,4.1,5.64,5.46,10.81,7.44,8.06,8.12,7.26,7.54,NA,NA,NA,NA,NA,NA,NA,NA,NA,NA,NA,NA,NA,NA,NA,NA,NA,NA,NA,NA,NA,NA,NA,NA,NA,NA,NA,NA,NA,NA,NA,NA,NA,NA,NA,NA,NA,NA,NA,NA,NA,NA,NA,NA,NA,NA,NA,NA,NA,NA,NA,NA,NA,NA,NA,NA,NA,NA,NA,NA,NA,NA,NA,NA,NA,NA,NA,NA,NA,NA,NA,NA
86. Moderately high (Systolic 160-179 mm of Hg and/or Diastolic 100-109 mm of Hg) (%),0,1.21,1.15,0,1.37,1.27,0.73,0.46,0.53,0.96,0.49,0.53,1.9,1.09,1.27,2.97,1.36,1.46,0,0.46,0.4,0,0.6,0.55,1.03,0.94,0.99,0.91,1.05,0.98,0.74,1.63,1.52,1.23,1.4,1.3,2.32,0.73,0.98,0,1.2,1.11,1.56,0.97,1.08,0.97,1.26,1.13,0,1.21,1.12,1.64,1.11,1.17,2.13,1.95,2.03,1.71,1.37,1.41,1.06,0.79,0.81,0.92,2.81,2.58,0.68,3.09,2.65,1.68,1.95,1.86,NA,NA,NA,NA,NA,NA,NA,NA,NA,NA,NA,NA,NA,NA,NA,NA,NA,NA,NA,NA,NA,NA,NA,NA,NA,NA,NA,NA,NA,NA,NA,NA,NA,NA,NA,NA,NA,NA,NA,NA,NA,NA,NA,NA,NA,NA,NA,NA,NA,NA,NA,NA,NA,NA,NA,NA,NA,NA,NA,NA,NA,NA,NA,NA,NA,NA,NA,NA,NA,NA,NA,NA
87. Very high (Systolic ?180 mm of Hg and/or Diastolic ?110 mm of Hg) (%),1.34,0.62,0.65,0,0.63,0.58,0.55,0.54,0.54,1.04,0.29,0.36,0.92,0.39,0.5,0,0.95,0.89,0,1.39,1.2,0.86,0.85,0.85,0.32,0.67,0.46,0.65,0.43,0.55,0.87,0.86,0.86,0.6,0.83,0.7,0,1.44,1.21,1.46,0.81,0.86,1.12,0.41,0.54,0.39,0.27,0.32,0,0.41,0.38,0.53,0.43,0.44,0.89,0.76,0.82,0.61,0.88,0.85,3.53,0.97,1.18,1.06,0.26,0.35,0,1.57,1.28,0,2.12,1.42,NA,NA,NA,NA,NA,NA,NA,NA,NA,NA,NA,NA,NA,NA,NA,NA,NA,NA,NA,NA,NA,NA,NA,NA,NA,NA,NA,NA,NA,NA,NA,NA,NA,NA,NA,NA,NA,NA,NA,NA,NA,NA,NA,NA,NA,NA,NA,NA,NA,NA,NA,NA,NA,NA,NA,NA,NA,NA,NA,NA,NA,NA,NA,NA,NA,NA,NA,NA,NA,NA,NA,NA
88. Slightly above normal (Systolic 140-159 mm of Hg and/or Diastolic 90-99 mm of Hg) (%),NA,7.61,9.27,NA,12.22,13.41,10.86,8.65,9.44,15.33,10.19,11.14,19.23,8.46,11.79,NA,16.95,15.89,NA,11.79,10.35,15.07,8.98,10.03,7.89,6.57,7.36,7.87,8.42,8.15,NA,8.56,7.49,12.01,7.12,9.8,5.15,5.17,5.16,7.3,8.76,8.54,12.51,9.17,10,14.03,5.8,9.52,NA,4.47,4.76,3.77,5.51,5.31,6.78,11.47,9.44,NA,5.88,5.86,NA,4.37,5.61,NA,10.1,9.74,NA,10.52,10.79,NA,10.96,12.78,*,NA,NA,*,NA,NA,NA,NA,NA,NA,NA,NA,NA,NA,NA,*,NA,NA,*,NA,NA,NA,NA,NA,NA,NA,NA,NA,NA,NA,*,NA,NA,NA,NA,NA,NA,NA,NA,NA,NA,NA,NA,NA,NA,NA,NA,NA,*,NA,NA,NA,NA,NA,NA,NA,NA,*,NA,NA,*,NA,NA,*,NA,NA,*,NA,NA,*,NA,NA
89. Moderately high (Systolic 160-179 mm of Hg and/or Diastolic 100-109 mm of Hg) (%),NA,0,0,NA,1.52,1.38,0.01,0,0,0.01,1.81,1.47,8.8,1.68,3.88,NA,3.37,3.16,NA,0.79,2.29,4.41,1.64,2.12,1.04,1.33,1.16,2.53,0,1.24,NA,6.54,6.77,0.73,0.63,0.69,2.71,0.84,1.22,0.01,3.14,2.67,3.46,2.32,2.61,4.34,1.31,2.68,NA,3.59,3.21,0.01,1.37,1.21,3.51,2.64,3.02,NA,2.31,2.35,NA,0.92,0.87,NA,4.81,4.24,NA,3.58,3.96,NA,0.9,0.63,*,NA,NA,*,NA,NA,NA,NA,NA,NA,NA,NA,NA,NA,NA,*,NA,NA,*,NA,NA,NA,NA,NA,NA,NA,NA,NA,NA,NA,*,NA,NA,NA,NA,NA,NA,NA,NA,NA,NA,NA,NA,NA,NA,NA,NA,NA,*,NA,NA,NA,NA,NA,NA,NA,NA,*,NA,NA,*,NA,NA,*,NA,NA,*,NA,NA,*,NA,NA
90. Very high (Systolic ?180 mm of Hg and/or Diastolic ?110 mm of Hg) (%),NA,4,3.82,NA,2.31,2.1,0.01,0,0,0.01,0,0,0.01,0.84,0.58,NA,0.9,0.84,NA,1.07,0.94,0.01,0,0,0,0,0,3.24,0.66,1.92,NA,0,0,0.57,0.7,0.63,2.71,1.61,1.84,0.01,1.31,1.12,0.01,0,0,0.72,0.59,0.65,NA,1.84,1.65,10.38,0,1.22,2.02,0.75,1.3,NA,1.47,1.36,NA,0.85,0.81,NA,0,0,NA,1.03,0.76,NA,0,0,*,NA,NA,*,NA,NA,NA,NA,NA,NA,NA,NA,NA,NA,NA,*,NA,NA,*,NA,NA,NA,NA,NA,NA,NA,NA,NA,NA,NA,*,NA,NA,NA,NA,NA,NA,NA,NA,NA,NA,NA,NA,NA,NA,NA,NA,NA,*,NA,NA,NA,NA,NA,NA,NA,NA,*,NA,NA,*,NA,NA,*,NA,NA,*,NA,NA,*,NA,NA
91. Cervix (%),15.66,10.69,10.94,14.33,15.49,15.41,18.73,20.75,20.27,20.91,21.13,21.11,5.8,5.87,5.85,7.32,10.88,10.66,6.29,10.52,9.95,5.74,9.55,9.24,15.28,10.84,13.51,10.3,8.38,9.37,4.55,2.17,2.46,11.51,4.94,8.78,15.15,9.5,10.39,20.83,11.19,11.89,18.13,13.95,14.76,13.15,6.99,9.72,5.04,11.41,10.89,3.85,7.22,6.84,9.58,3.84,6.48,13.29,14.03,13.95,19.48,3.93,5.23,8.26,4.16,4.66,9.76,4.13,5.17,8.59,3.24,5.03,NA,NA,NA,NA,NA,NA,NA,NA,NA,NA,NA,NA,NA,NA,NA,NA,NA,NA,NA,NA,NA,NA,NA,NA,NA,NA,NA,NA,NA,NA,NA,NA,NA,NA,NA,NA,NA,NA,NA,NA,NA,NA,NA,NA,NA,NA,NA,NA,NA,NA,NA,NA,NA,NA,NA,NA,NA,NA,NA,NA,NA,NA,NA,NA,NA,NA,NA,NA,NA,NA,NA,NA
92. Breast (%),5.52,4.82,4.86,2.28,3.73,3.62,0.87,2.55,2.15,12.05,8.24,8.61,3.6,3.6,3.6,1.51,5.35,5.11,0.69,4.24,3.76,3.66,3.62,3.62,4.09,1.88,3.21,2.17,4.02,3.07,3.8,2.47,2.63,8.32,3.36,6.26,4.97,4.41,4.5,9.44,4.79,5.13,8.68,5.22,5.88,4.64,1.54,2.92,5.12,2.92,3.1,1.91,2.76,2.66,4.08,2.7,3.34,12.18,7.81,8.23,7.67,1.83,2.31,6,2.52,2.95,1.34,1.42,1.4,6.61,2.04,3.57,NA,NA,NA,NA,NA,NA,NA,NA,NA,NA,NA,NA,NA,NA,NA,NA,NA,NA,NA,NA,NA,NA,NA,NA,NA,NA,NA,NA,NA,NA,NA,NA,NA,NA,NA,NA,NA,NA,NA,NA,NA,NA,NA,NA,NA,NA,NA,NA,NA,NA,NA,NA,NA,NA,NA,NA,NA,NA,NA,NA,NA,NA,NA,NA,NA,NA,NA,NA,NA,NA,NA,NA
93. Oral cavity (%),1.46,7.11,6.83,8.52,5.01,5.26,0.38,0.56,0.52,4,4.03,4.02,7.3,3.81,4.62,0,3.64,3.41,7.67,2.35,3.07,6.92,2.83,3.16,3.72,1.65,2.9,4.49,5.79,5.12,11.15,3.32,4.26,2.99,1.81,2.5,3.1,2.19,2.33,7.83,4.49,4.73,3.65,4.09,4.01,5.87,2.84,4.18,6.2,3.74,3.94,3.51,2.18,2.33,12.08,3.81,7.61,0.95,1.61,1.55,8.01,1.9,2.41,5.73,5.78,5.77,5.43,3.2,3.62,12.45,3.68,6.62,NA,NA,NA,NA,NA,NA,NA,NA,NA,NA,NA,NA,NA,NA,NA,NA,NA,NA,NA,NA,NA,NA,NA,NA,NA,NA,NA,NA,NA,NA,NA,NA,NA,NA,NA,NA,NA,NA,NA,NA,NA,NA,NA,NA,NA,NA,NA,NA,NA,NA,NA,NA,NA,NA,NA,NA,NA,NA,NA,NA,NA,NA,NA,NA,NA,NA,NA,NA,NA,NA,NA,NA
