Residence,Bargarh - Rural,Bargarh - Total,Jharsuguda - Urban,Jharsuguda - Rural,Jharsuguda - Total,Sambalpur - Rural,Sambalpur - Total,Debagarh - Rural,Debagarh - Total,Sundargarh - Urban,Sundargarh - Rural,Sundargarh - Total,Kendujhar - Rural,Kendujhar - Total,Mayurbhanj - Rural,Mayurbhanj - Total,Baleshwar - Rural,Baleshwar - Total,Bhadrak - Rural,Bhadrak - Total,Kendrapara - Rural,Kendrapara - Total,Jagatsinghapur - Rural,Jagatsinghapur - Total,Cuttack - Rural,Cuttack - Total,Jajapur - Rural,Jajapur - Total,Dhenkanal - Rural,Dhenkanal - Total,Anugul - Rural,Anugul - Total,Nayagarh - Rural,Nayagarh - Total,Khordha - Urban,Khordha - Rural,Khordha - Total,Puri - Rural,Puri - Total,Ganjam - Rural,Ganjam - Total,Gajapati - Rural,Gajapati - Total,Kandhamal - Rural,Kandhamal - Total,Baudh - Rural,Baudh - Total,Subarnapur - Rural,Subarnapur - Total,Balangir - Rural,Balangir - Total,Nuapada - Rural,Nuapada - Total,Kalahandi - Rural,Kalahandi - Total,Rayagada - Rural,Rayagada - Total,Nabarangapur - Rural,Nabarangapur - Total,Koraput - Rural,Koraput - Total,Malkangiri - Rural,Malkangiri - Total,Note of Bargarh - Rural,Note of Bargarh - Total,Note of Jharsuguda - Urban,Note of Jharsuguda - Rural,Note of Jharsuguda - Total,Note of Sambalpur - Rural,Note of Sambalpur - Total,Note of Debagarh - Rural,Note of Debagarh - Total,Note of Sundargarh - Urban,Note of Sundargarh - Rural,Note of Sundargarh - Total,Note of Kendujhar - Rural,Note of Kendujhar - Total,Note of Mayurbhanj - Rural,Note of Mayurbhanj - Total,Note of Baleshwar - Rural,Note of Baleshwar - Total,Note of Bhadrak - Rural,Note of Bhadrak - Total,Note of Kendrapara - Rural,Note of Kendrapara - Total,Note of Jagatsinghapur - Rural,Note of Jagatsinghapur - Total,Note of Cuttack - Rural,Note of Cuttack - Total,Note of Jajapur - Rural,Note of Jajapur - Total,Note of Dhenkanal - Rural,Note of Dhenkanal - Total,Note of Anugul - Rural,Note of Anugul - Total,Note of Nayagarh - Rural,Note of Nayagarh - Total,Note of Khordha - Urban,Note of Khordha - Rural,Note of Khordha - Total,Note of Puri - Rural,Note of Puri - Total,Note of Ganjam - Rural,Note of Ganjam - Total,Note of Gajapati - Rural,Note of Gajapati - Total,Note of Kandhamal - Rural,Note of Kandhamal - Total,Note of Baudh - Rural,Note of Baudh - Total,Note of Subarnapur - Rural,Note of Subarnapur - Total,Note of Balangir - Rural,Note of Balangir - Total,Note of Nuapada - Rural,Note of Nuapada - Total,Note of Kalahandi - Rural,Note of Kalahandi - Total,Note of Rayagada - Rural,Note of Rayagada - Total,Note of Nabarangapur - Rural,Note of Nabarangapur - Total,Note of Koraput - Rural,Note of Koraput - Total,Note of Malkangiri - Rural,Note of Malkangiri - Total
Households surveyed,1075.27,1181.31,166.17,259.38,425.55,545.5,766.34,220.77,233.82,501.3,924.98,1426.28,1103.31,1316.82,1613.75,1737.81,1491.31,1687.1,927.3,1057.36,975.71,1028.3,725.27,800.58,1336.47,1825.39,1137.63,1235.2,791.41,881.56,760.13,920.19,638.2,694.84,926.93,763.82,1690.74,1032.56,1220.3,1847.42,2350.09,353.73,408.78,481.44,524.46,314.52,327.13,435.4,469.3,1247.85,1406.31,449.19,475.4,1146.19,1232.35,565.75,673.85,755.58,821.9,846.2,994.7,395.19,428.24,NA,NA,NA,NA,NA,NA,NA,NA,NA,NA,NA,NA,NA,NA,NA,NA,NA,NA,NA,NA,NA,NA,NA,NA,NA,NA,NA,NA,NA,NA,NA,NA,NA,NA,NA,NA,NA,NA,NA,NA,NA,NA,NA,NA,NA,NA,NA,NA,NA,NA,NA,NA,NA,NA,NA,NA,NA,NA,NA,NA,NA,NA,NA
Women age 15-49 years interviewed,1179.8,1282.25,205.14,297.39,502.54,587.35,853.86,222.15,238.04,621.14,1145.83,1766.97,1184.78,1444.45,1677.69,1828.71,1632,1874.98,1057.76,1219.36,1084.54,1133.65,819.2,913.41,1388.22,1912.87,1344.64,1462.13,840.37,945.22,896.46,1112.98,684.99,750.88,1022.01,824.82,1846.83,1219.53,1463.6,1960.39,2523.77,378.9,437.76,573.1,628.95,352.99,365.92,515.39,555.64,1397.73,1570.49,518.15,549.51,1121.57,1215.67,633.18,758.55,938.44,1023.99,875.16,1051.04,444,487.01,NA,NA,NA,NA,NA,NA,NA,NA,NA,NA,NA,NA,NA,NA,NA,NA,NA,NA,NA,NA,NA,NA,NA,NA,NA,NA,NA,NA,NA,NA,NA,NA,NA,NA,NA,NA,NA,NA,NA,NA,NA,NA,NA,NA,NA,NA,NA,NA,NA,NA,NA,NA,NA,NA,NA,NA,NA,NA,NA,NA,NA,NA,NA
Men age 15-49 years interviewed,169.82,188.72,27.3,40.32,67.62,76.59,113.92,25.08,28.5,86.13,130.43,216.55,131.12,185.09,205.58,240.46,194.53,222.63,111.35,126.1,95.27,99.84,89.89,98.21,181.52,276.88,173.71,209.59,114.38,132.01,108.71,150.64,76.54,91.55,134.96,92.13,227.09,134.77,185.18,195.08,252.07,56.1,63.05,71.89,77.21,45.59,47.76,64.91,74.85,165.06,188.42,57.02,60.28,131,153.64,84.85,104.33,125.51,138.57,100.23,129.68,51.74,61.12,NA,NA,NA,NA,NA,NA,NA,NA,NA,NA,NA,NA,NA,NA,NA,NA,NA,NA,NA,NA,NA,NA,NA,NA,NA,NA,NA,NA,NA,NA,NA,NA,NA,NA,NA,NA,NA,NA,NA,NA,NA,NA,NA,NA,NA,NA,NA,NA,NA,NA,NA,NA,NA,NA,NA,NA,NA,NA,NA,NA,NA,NA,NA
1. Population (female) age 6+ years who ever attended school (%),69.07,69.62,80.63,70.92,74.73,68.71,72.38,68.05,69.27,79.22,65.08,69.94,60.52,64.06,57.27,59.27,72.9,74.06,76.54,76.36,77.56,77.72,78.99,80.02,78.01,79.8,76.27,76.44,70.09,72.24,71.21,72.87,73.45,74.54,81.3,77.86,79.68,78.72,78.91,60.7,64.48,50.35,53.3,57.48,58.68,68.2,68.39,69.13,69.64,63.1,64.91,56.28,57.24,48.85,50.87,38.88,43.76,46.35,48.56,41.96,46.24,42.42,44.51,NA,NA,NA,NA,NA,NA,NA,NA,NA,NA,NA,NA,NA,NA,NA,NA,NA,NA,NA,NA,NA,NA,NA,NA,NA,NA,NA,NA,NA,NA,NA,NA,NA,NA,NA,NA,NA,NA,NA,NA,NA,NA,NA,NA,NA,NA,NA,NA,NA,NA,NA,NA,NA,NA,NA,NA,NA,NA,NA,NA,NA,NA,NA
2. Population below age 15 years (%),24.33,24.23,23.61,22.27,22.8,24.48,24.07,29.3,28.75,23.58,25.89,25.08,29.86,28.79,28.05,27.35,27.32,26.53,29.02,28.8,26.57,26.34,20.69,20.96,23.3,23.37,25.25,25.36,25.93,25.87,26.22,25.63,25.93,25.84,24.11,25.09,24.56,22.93,22.47,26.58,25.74,32.87,31.75,29.69,29.32,27.86,27.62,25.02,24.96,28.6,28.11,31.1,30.85,29.54,28.87,30.43,29.72,33.47,33.17,32.12,30.96,34.52,34.29,NA,NA,NA,NA,NA,NA,NA,NA,NA,NA,NA,NA,NA,NA,NA,NA,NA,NA,NA,NA,NA,NA,NA,NA,NA,NA,NA,NA,NA,NA,NA,NA,NA,NA,NA,NA,NA,NA,NA,NA,NA,NA,NA,NA,NA,NA,NA,NA,NA,NA,NA,NA,NA,NA,NA,NA,NA,NA,NA,NA,NA,NA,NA
3. Sex ratio of the total population (females per 1000 males),1023.05,1019.55,972.14,994.73,985.68,1038.82,1027.46,1080.04,1071.71,997.76,1064.51,1040.7,1059.33,1065,1038.54,1032.42,1089.9,1088.73,1080.04,1074.37,1132.68,1129.19,1068.64,1069.58,985.63,991.76,1029.95,1020.43,1027.83,1025.74,935.54,935.01,1012.78,1009.49,953.88,1011.68,980.05,1015.19,996.46,1121.93,1111.04,1020.74,1025.77,1064.56,1070.47,993.43,994.51,1036.01,1036.72,1037.54,1032.8,1052.78,1044.43,1021.97,1011.44,1082.83,1074.44,1031.57,1036.1,1021.86,1018.66,1023.95,1027.01,NA,NA,NA,NA,NA,NA,NA,NA,NA,NA,NA,NA,NA,NA,NA,NA,NA,NA,NA,NA,NA,NA,NA,NA,NA,NA,NA,NA,NA,NA,NA,NA,NA,NA,NA,NA,NA,NA,NA,NA,NA,NA,NA,NA,NA,NA,NA,NA,NA,NA,NA,NA,NA,NA,NA,NA,NA,NA,NA,NA,NA,NA,NA
4. Sex ratio at birth for children born in the last five years (females per 1000 males),956.36,928.98,960.2,1044.71,1007.32,1078.96,973.33,1161.25,1136.07,1032.45,1038.09,1036.16,859.38,851.02,992.39,982.52,959.17,968.54,895.23,875.35,1019.83,1006.56,921.51,929.33,1028.35,986.98,700.5,725.23,1040.68,1043.85,864.53,878.76,752.71,724.64,1139.45,813.09,965.12,955.27,921.91,717.23,800.89,762.35,799.54,1023.97,1057.2,1026.09,972.86,1000.67,1034.11,1091.24,1057.54,994.8,998.78,872.9,897.55,973.16,966.91,1072.9,1076.9,880.31,872.27,902.02,924.55,NA,NA,NA,NA,NA,NA,NA,NA,NA,NA,NA,NA,NA,NA,NA,NA,NA,NA,NA,NA,NA,NA,NA,NA,NA,NA,NA,NA,NA,NA,NA,NA,NA,NA,NA,NA,NA,NA,NA,NA,NA,NA,NA,NA,NA,NA,NA,NA,NA,NA,NA,NA,NA,NA,NA,NA,NA,NA,NA,NA,NA,NA,NA
5. Children under age 5 years whose birth was registered (%),87.89,88.11,94.2,93.95,94.06,95.53,95.72,64.86,65.05,90.95,73.5,79.25,63.55,65.99,79.46,79.5,91.27,90.26,78.22,79.58,91.02,91.12,86.95,86.58,87.59,89.31,82.43,82.44,79.59,80.33,71.76,73.78,88.41,87.99,86.57,90.19,88.29,91.77,92.4,91.81,93.07,81.51,82.88,77.27,77.2,71.14,70.94,89.03,89.33,70.61,72.52,65.05,66.7,79.13,79.67,77.92,79.05,63.92,65.94,82.11,83.89,74.78,75.33,NA,NA,NA,NA,NA,NA,NA,NA,NA,NA,NA,NA,NA,NA,NA,NA,NA,NA,NA,NA,NA,NA,NA,NA,NA,NA,NA,NA,NA,NA,NA,NA,NA,NA,NA,NA,NA,NA,NA,NA,NA,NA,NA,NA,NA,NA,NA,NA,NA,NA,NA,NA,NA,NA,NA,NA,NA,NA,NA,NA,NA,NA,NA
6. Households with electricity (%),82.54,83.46,96.86,88.56,91.8,83.44,87.63,80.95,81.52,95.89,80.56,85.95,73.43,74.96,72.75,73.87,87.48,88.67,87,87.24,92.27,92.42,94.1,92.9,90.58,91.63,93.43,93.15,87.37,88.66,86.44,87.37,93.2,93.44,96.49,96.32,96.41,94.39,95.04,87.86,89.4,86.27,87.69,76.74,77.62,86.42,86.94,89.01,89.07,80.66,82.61,81.54,82.27,65.12,67.14,75.89,79.08,67.27,68.98,73.53,76.03,85.92,85.99,NA,NA,NA,NA,NA,NA,NA,NA,NA,NA,NA,NA,NA,NA,NA,NA,NA,NA,NA,NA,NA,NA,NA,NA,NA,NA,NA,NA,NA,NA,NA,NA,NA,NA,NA,NA,NA,NA,NA,NA,NA,NA,NA,NA,NA,NA,NA,NA,NA,NA,NA,NA,NA,NA,NA,NA,NA,NA,NA,NA,NA,NA,NA
7. Households with an improved drinking-water source1 (%),95.33,95.59,91.24,91.25,91.25,83.09,87.37,84.87,85.59,91.53,88.02,89.25,82.88,85.35,80.39,81.45,97.71,97.71,99.26,99.35,98.83,98.8,97.3,96.92,88.65,91.06,88.31,87.82,54.97,58.76,73.7,77.22,79.13,80.22,94.4,72.8,84.64,94.4,94.98,88.05,90.26,64.69,69.24,59.61,61.39,88.42,88.78,96.48,96.73,93.38,93.97,94.74,95.03,93.49,93.55,90.09,91.68,98.39,98.44,84.68,84.68,89.36,89.32,NA,NA,NA,NA,NA,NA,NA,NA,NA,NA,NA,NA,NA,NA,NA,NA,NA,NA,NA,NA,NA,NA,NA,NA,NA,NA,NA,NA,NA,NA,NA,NA,NA,NA,NA,NA,NA,NA,NA,NA,NA,NA,NA,NA,NA,NA,NA,NA,NA,NA,NA,NA,NA,NA,NA,NA,NA,NA,NA,NA,NA,NA,NA
8. Households using improved sanitation facility2 (%),23.67,26.35,57.06,29.53,40.28,23.37,33.65,29.51,30.93,60.4,25.7,37.9,13.36,20.54,14.78,18.1,33.29,37.34,19.1,22.95,24.66,25.62,31.4,30.8,27.64,38.79,29.27,30.67,26.51,33.32,30.46,35.57,29.52,31.59,65.94,24.09,47.04,36.75,40.11,31.67,40.71,34.26,38.15,14.79,16.48,15.46,16.44,14.06,16,10.79,14.11,18.52,20.24,10.52,14.88,16.48,23.37,13.88,16.11,13.2,18.23,16.09,16.66,NA,NA,NA,NA,NA,NA,NA,NA,NA,NA,NA,NA,NA,NA,NA,NA,NA,NA,NA,NA,NA,NA,NA,NA,NA,NA,NA,NA,NA,NA,NA,NA,NA,NA,NA,NA,NA,NA,NA,NA,NA,NA,NA,NA,NA,NA,NA,NA,NA,NA,NA,NA,NA,NA,NA,NA,NA,NA,NA,NA,NA,NA,NA
9. Households using clean fuel for cooking3 (%),9.44,13.26,53.15,11.81,27.96,8.54,22.74,4.85,7.43,55.96,7.62,24.61,8.53,16.44,5.49,9.5,8.3,14.2,7.9,10.74,13,13.84,9.28,12.79,18.71,30.98,13.29,15.9,13.04,21.04,15.71,21.35,17.8,20.98,67.69,20.01,46.15,14.06,19.88,21.24,34.53,11.66,19.21,4.63,6.44,9.94,11.49,9.58,12.66,4.96,9.15,5.77,8.67,3.24,7.1,7.43,17.08,5.21,9.16,9.69,19.04,3.86,5.61,NA,NA,NA,NA,NA,NA,NA,NA,NA,NA,NA,NA,NA,NA,NA,NA,NA,NA,NA,NA,NA,NA,NA,NA,NA,NA,NA,NA,NA,NA,NA,NA,NA,NA,NA,NA,NA,NA,NA,NA,NA,NA,NA,NA,NA,NA,NA,NA,NA,NA,NA,NA,NA,NA,NA,NA,NA,NA,NA,NA,NA,NA,NA
10. Households using iodized salt (%),99.01,99.1,100,97.82,98.67,95.8,96.9,93.23,93.48,98.97,97.78,98.19,91.39,92.59,77.26,78.79,78.02,80.18,95.83,96.25,95.35,95.5,99.28,99.18,93.66,95.11,99.23,99.29,98.52,98.67,87.58,89.52,90.42,91.2,95.46,93.3,94.48,99.76,99.7,90.16,91.29,75.2,76.84,94.88,95.3,90.23,90.6,99.55,99.4,98.58,98.74,98.52,98.61,96.13,96.24,78.15,80.81,86.5,87.6,88.39,90.01,90.76,91.4,NA,NA,NA,NA,NA,NA,NA,NA,NA,NA,NA,NA,NA,NA,NA,NA,NA,NA,NA,NA,NA,NA,NA,NA,NA,NA,NA,NA,NA,NA,NA,NA,NA,NA,NA,NA,NA,NA,NA,NA,NA,NA,NA,NA,NA,NA,NA,NA,NA,NA,NA,NA,NA,NA,NA,NA,NA,NA,NA,NA,NA,NA,NA
11. Households with any usual member covered by a health scheme or health insurance (%),53.94,52.19,20.74,57.22,42.98,61.39,50.5,53.24,51.73,28.74,62.71,50.77,52.52,47.81,40.23,39.88,42.95,41.61,34.84,34.25,56.52,55.47,52.94,51.19,41.29,34.2,53.06,51.68,56.76,52.48,63.35,60.53,54.23,53.44,26.36,52.08,37.98,62.26,57.81,47.48,42.04,50.83,48.1,63.09,61.79,61.75,61.65,62.6,60.36,53.68,50.13,56.88,55.13,52.6,50.43,60.41,54.3,49.54,48.5,44.92,42.23,59.52,58.85,NA,NA,NA,NA,NA,NA,NA,NA,NA,NA,NA,NA,NA,NA,NA,NA,NA,NA,NA,NA,NA,NA,NA,NA,NA,NA,NA,NA,NA,NA,NA,NA,NA,NA,NA,NA,NA,NA,NA,NA,NA,NA,NA,NA,NA,NA,NA,NA,NA,NA,NA,NA,NA,NA,NA,NA,NA,NA,NA,NA,NA,NA,NA
12. Women who are literate (%),68.39,69.22,82.26,71.86,76.1,69.84,72.23,65.24,66.83,76.89,64.06,68.57,62.72,66.28,55.82,58.27,74.45,75.78,75.73,76.76,80.65,81.07,85.59,85.83,83.36,83.63,78.65,79.1,69.79,72.78,68.56,70.57,74.4,75.5,79.77,81.22,80.42,82.61,82.93,58.66,64.11,42.11,45.03,54.8,55.92,64.01,64.25,68.92,69.5,59.62,61.92,48.29,49.92,42.91,46.13,29.05,35.31,38.36,41.76,33.58,39.74,32.63,34.84,NA,NA,NA,NA,NA,NA,NA,NA,NA,NA,NA,NA,NA,NA,NA,NA,NA,NA,NA,NA,NA,NA,NA,NA,NA,NA,NA,NA,NA,NA,NA,NA,NA,NA,NA,NA,NA,NA,NA,NA,NA,NA,NA,NA,NA,NA,NA,NA,NA,NA,NA,NA,NA,NA,NA,NA,NA,NA,NA,NA,NA,NA,NA
13. Men who are literate (%),87.03,86.84,91.82,83.83,87.05,82.35,82.57,79.06,80.49,84.58,84.66,84.63,83.67,86.83,78.5,81.62,91.81,92.84,91.66,90.49,79.28,80.23,94.24,93.64,92.57,91.67,89,89.87,81.13,83.65,83.05,86.86,87.48,87.94,97.62,87.8,93.64,92.11,93.61,82.12,84.28,58.51,63.08,82.9,83.03,82.36,82.25,85.16,85.99,83.53,85.57,77.45,78.18,69.06,73.61,55.55,62.19,58.7,61.61,68.18,75.41,59.85,60.75,NA,NA,NA,NA,NA,NA,NA,NA,NA,NA,NA,NA,NA,NA,NA,NA,NA,NA,NA,NA,NA,NA,NA,NA,NA,NA,NA,NA,NA,NA,NA,NA,NA,NA,NA,NA,NA,NA,NA,NA,NA,NA,NA,NA,NA,NA,NA,NA,NA,NA,NA,NA,NA,NA,NA,NA,NA,NA,NA,NA,NA,NA,NA
14. Women with 10 or more years of schooling (%),23.25,24.41,47.01,28.37,35.98,19.77,25.9,23.22,25.6,46.3,28.78,34.94,23.73,28.1,21.21,23.63,28.07,31.05,28.14,30.4,29.61,30.25,39.62,38.19,27.65,32.28,34.46,34.96,28.85,33.51,24.25,27.62,20.22,21.85,44.62,30.44,38.29,29.47,30.43,15.01,22.17,15.11,16.77,16.84,18.08,17.8,18.39,25.36,25.87,19,21.55,18.55,19.86,15.82,18.67,8.7,12.68,8.04,10.65,10.1,14.54,9.8,11.78,NA,NA,NA,NA,NA,NA,NA,NA,NA,NA,NA,NA,NA,NA,NA,NA,NA,NA,NA,NA,NA,NA,NA,NA,NA,NA,NA,NA,NA,NA,NA,NA,NA,NA,NA,NA,NA,NA,NA,NA,NA,NA,NA,NA,NA,NA,NA,NA,NA,NA,NA,NA,NA,NA,NA,NA,NA,NA,NA,NA,NA,NA,NA
15. Women age 20-24 years married before age 18 years (%),13.16,13.73,13.62,9.41,11.21,7.53,11.8,24.5,23.42,13.05,16.86,15.51,30.29,28.11,36.09,35.03,23.2,25.93,7.13,6.2,12.1,12.17,8.47,9.72,15.7,17.55,8.41,8.52,27.77,25.44,22.76,22.02,31.29,31.28,20.11,15.38,18.11,7.47,8.3,31.61,29.82,24.82,25.32,22.03,22.09,23.53,23.44,22.36,22.16,14.27,14.69,19.74,19.05,22.94,21.66,37.14,34.42,37.54,37.88,34.04,34.72,39.89,39.27,NA,NA,NA,NA,NA,NA,NA,NA,NA,NA,NA,NA,NA,NA,NA,NA,NA,NA,NA,NA,NA,NA,NA,NA,NA,NA,NA,NA,NA,NA,NA,NA,NA,NA,NA,NA,NA,NA,NA,NA,NA,NA,NA,NA,NA,NA,NA,NA,NA,NA,NA,NA,NA,NA,NA,NA,NA,NA,NA,NA,NA,NA,NA
16. Men age 25-29 years married before age 21 years (%),NA,NA,NA,NA,11.74,NA,NA,NA,NA,NA,NA,3.39,NA,NA,NA,NA,NA,NA,NA,NA,NA,NA,NA,NA,NA,NA,NA,NA,NA,NA,NA,NA,NA,NA,NA,NA,12.93,NA,NA,NA,NA,NA,NA,NA,10.53,NA,NA,3.52,3.19,NA,NA,NA,NA,NA,NA,NA,25.1,NA,NA,NA,NA,NA,15.97,*,*,*,*,NA,*,*,*,*,*,*,NA,*,*,*,*,*,*,*,*,*,*,*,*,*,*,*,*,*,*,*,*,*,*,*,*,NA,*,*,*,*,*,*,*,NA,*,*,NA,NA,*,*,*,*,*,*,*,NA,*,*,*,*,*,NA
17. Women age 15-19 years who were already mothers or pregnant at the time of the survey (%),1.97,1.83,2.68,2.14,2.35,2.4,2.83,12.98,12.69,3.78,8.11,6.56,16.91,14.96,17.68,16.09,13.57,11.75,3.82,3.29,3.18,3.08,0.69,1.15,0,0.89,1.92,2.31,7.73,7.27,11.8,9.86,15.58,15.89,9.65,6.12,8.05,2.2,2.92,10.62,9.95,9.27,9.42,8.98,9.05,8.3,8.22,5.47,5.65,3.5,3.94,2.75,2.64,5.67,5.2,11.3,10.92,9.95,9.6,13.33,12.56,12.81,13.76,NA,NA,NA,NA,NA,NA,NA,NA,NA,NA,NA,NA,NA,NA,NA,NA,NA,NA,NA,NA,NA,NA,NA,NA,NA,NA,NA,NA,NA,NA,NA,NA,NA,NA,NA,NA,NA,NA,NA,NA,NA,NA,NA,NA,NA,NA,NA,NA,NA,NA,NA,NA,NA,NA,NA,NA,NA,NA,NA,NA,NA,NA,NA
18. Any method (%),66.73,67.07,71.98,75.39,73.98,57.93,60.49,44.07,44.74,61.56,64.3,63.34,37.78,39.81,40.04,41.15,37.69,38.45,31.6,29.32,63.13,62.84,63.1,63.82,50.49,49.78,58.96,58.85,68.36,69.19,69.54,67,61.31,62.9,65.12,63.5,64.38,68.09,70.47,55.97,59.05,64.33,65.77,60.5,60.36,63.95,64.52,60.54,60.7,65.95,65.25,58.36,58.8,61.6,61.55,54.22,54.91,63.93,64.44,57.6,59.21,51.37,51.97,NA,NA,NA,NA,NA,NA,NA,NA,NA,NA,NA,NA,NA,NA,NA,NA,NA,NA,NA,NA,NA,NA,NA,NA,NA,NA,NA,NA,NA,NA,NA,NA,NA,NA,NA,NA,NA,NA,NA,NA,NA,NA,NA,NA,NA,NA,NA,NA,NA,NA,NA,NA,NA,NA,NA,NA,NA,NA,NA,NA,NA,NA,NA
19. Any modern method (%),51.7,51.6,58.31,56.69,57.36,47.87,49.06,30.53,30.23,45.78,49.99,48.51,32.17,33.77,31.77,32.92,32.07,32.46,27.65,25.67,52.52,51.72,44.3,45.21,37.87,37.22,48.72,47.78,51.48,51.99,50.51,48.57,49.04,50.86,48.3,49.29,48.75,53.68,56.94,48.44,50.72,52.69,55.74,47.18,46.97,43.42,43.01,51.6,51.43,51.32,50.55,43.23,43.6,46.37,46.81,43.42,44.48,48.91,49.97,49.04,51.11,45.66,46.23,NA,NA,NA,NA,NA,NA,NA,NA,NA,NA,NA,NA,NA,NA,NA,NA,NA,NA,NA,NA,NA,NA,NA,NA,NA,NA,NA,NA,NA,NA,NA,NA,NA,NA,NA,NA,NA,NA,NA,NA,NA,NA,NA,NA,NA,NA,NA,NA,NA,NA,NA,NA,NA,NA,NA,NA,NA,NA,NA,NA,NA,NA,NA
20. Female sterilization (%),33.76,33.67,34.09,31.9,32.81,35.12,33.38,17.23,16.93,31.57,33.4,32.76,15.56,15.48,16.91,17.2,14.48,13.88,19.16,16.95,26.02,25.26,27.2,27.15,26.56,25.62,29.9,28.8,36.81,35.99,25.41,24.81,31.08,31.52,19.32,32.7,25.37,36.38,37.18,35.43,34.39,42.68,45.66,27.52,27.06,20.28,20.3,32.26,31.75,34.33,32.96,30.64,31.05,31.18,30.84,30.97,32.02,33.7,34.58,37.9,38.81,34.53,34.8,NA,NA,NA,NA,NA,NA,NA,NA,NA,NA,NA,NA,NA,NA,NA,NA,NA,NA,NA,NA,NA,NA,NA,NA,NA,NA,NA,NA,NA,NA,NA,NA,NA,NA,NA,NA,NA,NA,NA,NA,NA,NA,NA,NA,NA,NA,NA,NA,NA,NA,NA,NA,NA,NA,NA,NA,NA,NA,NA,NA,NA,NA,NA
21. Male sterilization (%),0.16,0.15,0,0,0,0,0.14,0.13,0.19,0.17,0,0.06,0,0,0.32,0.3,0,0,0.64,0.56,0.17,0.16,0.29,0.26,0.8,0.59,0,0,0,0,0,0,0,0,0.1,0.15,0.12,0.16,0.25,0,0,0.16,0.14,0.23,0.21,0,0,0,0,0,0,0,0,0,0,1.86,1.56,0.31,0.29,0.37,0.31,0,0,NA,NA,NA,NA,NA,NA,NA,NA,NA,NA,NA,NA,NA,NA,NA,NA,NA,NA,NA,NA,NA,NA,NA,NA,NA,NA,NA,NA,NA,NA,NA,NA,NA,NA,NA,NA,NA,NA,NA,NA,NA,NA,NA,NA,NA,NA,NA,NA,NA,NA,NA,NA,NA,NA,NA,NA,NA,NA,NA,NA,NA,NA,NA
22. IUD/PPIUD (%),0.86,1.02,3.1,2.78,2.91,0.43,0.3,2.88,2.86,0.66,2.35,1.76,2.69,2.19,0.81,0.75,0.15,0.3,0.27,0.34,1.75,1.97,1.35,1.6,0.21,0.46,2.51,2.28,0.49,0.52,2.24,2.12,2.22,2.37,1.76,0.72,1.29,0.62,0.98,0.23,0.18,0.15,0.13,0.31,0.43,1.65,1.6,2.36,2.4,0.87,0.88,0.54,0.57,1.29,1.54,0.72,0.98,1.02,1.05,0.15,0.4,1.22,1.13,NA,NA,NA,NA,NA,NA,NA,NA,NA,NA,NA,NA,NA,NA,NA,NA,NA,NA,NA,NA,NA,NA,NA,NA,NA,NA,NA,NA,NA,NA,NA,NA,NA,NA,NA,NA,NA,NA,NA,NA,NA,NA,NA,NA,NA,NA,NA,NA,NA,NA,NA,NA,NA,NA,NA,NA,NA,NA,NA,NA,NA,NA,NA
23. Pill (%),13.68,13.25,12.68,16.16,14.72,8.47,11.07,7.94,7.87,7.49,11.3,9.97,11.84,11.93,10.44,10.66,16.11,15.85,6.33,6.75,19.42,19.2,9.11,9.26,7.29,7.43,11.99,11.65,11.29,11.71,21.56,20,12.7,13.09,19.01,12.24,15.95,12.04,12.77,9.93,9.5,7.8,8,15.04,14.89,20.14,19.79,13.56,13.79,14.75,14.47,10.46,10.49,11.04,11.43,9.35,8.61,10.27,9.98,8.03,8.85,8.21,8.5,NA,NA,NA,NA,NA,NA,NA,NA,NA,NA,NA,NA,NA,NA,NA,NA,NA,NA,NA,NA,NA,NA,NA,NA,NA,NA,NA,NA,NA,NA,NA,NA,NA,NA,NA,NA,NA,NA,NA,NA,NA,NA,NA,NA,NA,NA,NA,NA,NA,NA,NA,NA,NA,NA,NA,NA,NA,NA,NA,NA,NA,NA,NA
24. Condom (%),2.7,2.81,7.81,5.15,6.25,3.23,3.73,1.1,1.19,5.9,2.67,3.8,2.07,4.17,2.29,3.08,1.02,2.14,1.11,0.96,4.88,4.75,5.68,6.33,1.87,2.13,4.14,4.9,2.28,3.23,1.3,1.64,3.05,3.88,6.01,3.06,4.68,3.85,5.23,2.84,6.52,1.73,1.67,3.09,3.47,1.09,1.06,3.15,3.25,0.93,1.85,1.31,1.23,2.68,2.72,0.52,1.3,2.54,2.97,2.07,2.17,1.7,1.8,NA,NA,NA,NA,NA,NA,NA,NA,NA,NA,NA,NA,NA,NA,NA,NA,NA,NA,NA,NA,NA,NA,NA,NA,NA,NA,NA,NA,NA,NA,NA,NA,NA,NA,NA,NA,NA,NA,NA,NA,NA,NA,NA,NA,NA,NA,NA,NA,NA,NA,NA,NA,NA,NA,NA,NA,NA,NA,NA,NA,NA,NA,NA
25. Total unmet need (%),10.11,9.96,6.73,3.35,4.75,12.61,10.67,17.89,17.68,13.13,7.69,9.59,26.05,26.57,15.85,16.15,23.29,23.18,24.77,24.19,13.87,13.9,14.5,13.88,14.48,16.05,15.58,15.66,9.13,8.97,7.99,10.17,11.46,11.01,11,14.6,12.63,11.76,10.54,19.27,17.43,9.62,8.88,9.19,9.93,8.43,8.3,10.56,10.51,7.35,8,8.59,8.69,9.39,9.29,10.15,10.56,7.24,7.14,9.37,9.97,11.67,11.88,NA,NA,NA,NA,NA,NA,NA,NA,NA,NA,NA,NA,NA,NA,NA,NA,NA,NA,NA,NA,NA,NA,NA,NA,NA,NA,NA,NA,NA,NA,NA,NA,NA,NA,NA,NA,NA,NA,NA,NA,NA,NA,NA,NA,NA,NA,NA,NA,NA,NA,NA,NA,NA,NA,NA,NA,NA,NA,NA,NA,NA,NA,NA
26. Unmet need for spacing (%),4.2,3.99,3.14,1.99,2.46,4.75,3.92,5.9,5.85,5.06,2.99,3.71,9.07,8.39,5.82,5.56,7.42,6.6,9.9,9.78,5.08,5.03,2.94,2.88,4.64,4.03,4.72,4.49,3.76,3.83,3.38,3.83,4.88,4.76,2.04,5.21,3.47,5.01,4.64,5.07,4.62,4.97,4.73,4.11,4.39,3.42,3.32,4.13,4.04,3.12,3.23,3.41,3.27,3.7,3.78,4.77,4.98,3.91,3.85,4.9,5.27,6.09,5.89,NA,NA,NA,NA,NA,NA,NA,NA,NA,NA,NA,NA,NA,NA,NA,NA,NA,NA,NA,NA,NA,NA,NA,NA,NA,NA,NA,NA,NA,NA,NA,NA,NA,NA,NA,NA,NA,NA,NA,NA,NA,NA,NA,NA,NA,NA,NA,NA,NA,NA,NA,NA,NA,NA,NA,NA,NA,NA,NA,NA,NA,NA,NA
27. Health worker ever talked to female non-users about family planning5 (%),26.11,27.56,29.31,37.93,34.5,23.14,23.89,26.32,26.59,25.04,37.09,32.81,21.48,21.74,27.59,27.4,12.33,12.2,16.27,14.85,18.61,18.13,28.17,26.99,18.78,19.7,17.77,17.66,24.76,25.36,28.68,27.7,14.91,14.61,19.23,21.17,20.09,22.37,23.21,12.55,14.7,25.14,25.79,29.97,29.33,30.42,30.18,24.22,23.75,32.28,33.08,35.37,35.55,27.79,26.91,15.08,16.75,35.57,34.23,23.98,23.65,22.82,22.67,NA,NA,NA,NA,NA,NA,NA,NA,NA,NA,NA,NA,NA,NA,NA,NA,NA,NA,NA,NA,NA,NA,NA,NA,NA,NA,NA,NA,NA,NA,NA,NA,NA,NA,NA,NA,NA,NA,NA,NA,NA,NA,NA,NA,NA,NA,NA,NA,NA,NA,NA,NA,NA,NA,NA,NA,NA,NA,NA,NA,NA,NA,NA
28. Current users ever told about side effects of current method (%),66.14,66.17,67.32,68.97,68.35,58.91,56.14,44.42,44.81,75.7,70.62,72.15,59.21,57.1,55.28,55.97,46.06,45.34,49.33,48.41,67.6,66.86,72.13,70.97,38.49,35.78,65.72,64.55,49.44,49.71,60.08,58.52,66.86,69.11,68.63,60.56,65.15,56.38,62.71,57.76,59.08,58.57,60.12,64.32,63.61,59.85,59.98,78.85,77.58,72.64,70.26,63.12,61.3,59.08,58.83,73.78,75.87,58.95,58.97,65.58,68.23,78.19,78,NA,NA,NA,NA,NA,NA,NA,NA,NA,NA,NA,NA,NA,NA,NA,NA,NA,NA,NA,NA,NA,NA,NA,NA,NA,NA,NA,NA,NA,NA,NA,NA,NA,NA,NA,NA,NA,NA,NA,NA,NA,NA,NA,NA,NA,NA,NA,NA,NA,NA,NA,NA,NA,NA,NA,NA,NA,NA,NA,NA,NA,NA,NA
29. Mothers who had antenatal check-up in the first trimester (%),79.88,79.82,83.09,74.14,77.91,69.7,71.94,49.49,49.92,69.18,75.43,73.25,46.44,45.74,64.67,64.78,51.63,52.03,57.16,56.06,63.16,63.85,75.83,76.82,71.01,74.14,47.62,49.27,62.83,64.41,72.54,73.28,46.1,48.46,66.01,70.04,67.92,80.38,79.53,47.16,53.11,60.5,60.92,68.26,68.61,74.21,74.07,68.07,67.86,75.12,73.72,73.04,73.13,69.45,70.56,47.94,48.22,67.85,67.88,53.09,55.82,55.87,54.95,NA,NA,NA,NA,NA,NA,NA,NA,NA,NA,NA,NA,NA,NA,NA,NA,NA,NA,NA,NA,NA,NA,NA,NA,NA,NA,NA,NA,NA,NA,NA,NA,NA,NA,NA,NA,NA,NA,NA,NA,NA,NA,NA,NA,NA,NA,NA,NA,NA,NA,NA,NA,NA,NA,NA,NA,NA,NA,NA,NA,NA,NA,NA
30. Mothers who had at least 4 antenatal care visits (%),62.45,63.52,78.52,71.48,74.45,81.84,82.96,58.14,58.36,81.11,80.4,80.65,40.05,39.55,73.4,72.49,57.74,57.28,33.23,34.93,52.22,53.28,81.91,80.41,47.36,51.4,51.65,50.8,66.2,69.9,66.97,68.43,55.36,58.05,65.12,55.36,60.49,80.27,81.81,43.51,51.32,47.89,49.13,64.07,64.8,73.46,73.67,85.03,85.27,76.63,76.53,75.32,75.51,44.59,46.74,57.95,59.49,70,70.46,58.51,58.4,69.76,69.31,NA,NA,NA,NA,NA,NA,NA,NA,NA,NA,NA,NA,NA,NA,NA,NA,NA,NA,NA,NA,NA,NA,NA,NA,NA,NA,NA,NA,NA,NA,NA,NA,NA,NA,NA,NA,NA,NA,NA,NA,NA,NA,NA,NA,NA,NA,NA,NA,NA,NA,NA,NA,NA,NA,NA,NA,NA,NA,NA,NA,NA,NA,NA
31. Mothers whose last birth was protected against neonatal tetanus6 (%),97.82,98,98.84,95.95,97.16,98.27,98.75,93.1,93.43,96.08,98.87,97.9,83.08,83.87,91.45,91.78,91.06,91.58,88.9,89.59,96.75,96.6,97.02,97.29,91.52,93.22,90.68,91.28,98.8,98.94,99.36,98.81,92.14,91.76,95.57,94.19,94.91,97.23,97.69,95.81,95.9,92.36,93.05,96.79,96.72,98.33,98.38,96.17,95.83,99.15,99.24,99,98.83,92.28,92.79,89.85,90.38,96.98,96.94,94.69,94.69,89.69,89.6,NA,NA,NA,NA,NA,NA,NA,NA,NA,NA,NA,NA,NA,NA,NA,NA,NA,NA,NA,NA,NA,NA,NA,NA,NA,NA,NA,NA,NA,NA,NA,NA,NA,NA,NA,NA,NA,NA,NA,NA,NA,NA,NA,NA,NA,NA,NA,NA,NA,NA,NA,NA,NA,NA,NA,NA,NA,NA,NA,NA,NA,NA,NA
32. Mothers who consumed iron folic acid for 100 days or more when they were pregnant (%),43.16,43.51,48.8,50.46,49.76,41.35,43.53,34.13,33.97,48.11,38.82,42.06,42.15,45.37,34.04,35.1,15.93,17.27,24.57,27.64,22.91,23.45,47.05,46.72,27.15,30.72,41.3,43.17,35.77,35.51,35.66,37.97,36.56,38.65,36.37,31.4,34.01,48.99,48.43,26.4,23.04,22.6,22.4,45.01,45.02,42.85,42.16,52.64,49.32,47.47,49.12,43.73,43.74,33.93,33.21,52.4,50.43,34.96,35.74,32.8,31.94,40.01,39.36,NA,NA,NA,NA,NA,NA,NA,NA,NA,NA,NA,NA,NA,NA,NA,NA,NA,NA,NA,NA,NA,NA,NA,NA,NA,NA,NA,NA,NA,NA,NA,NA,NA,NA,NA,NA,NA,NA,NA,NA,NA,NA,NA,NA,NA,NA,NA,NA,NA,NA,NA,NA,NA,NA,NA,NA,NA,NA,NA,NA,NA,NA,NA
33. Mothers who had full antenatal care7 (%),25.65,27.14,35.7,37.06,36.49,33.93,35.12,19.52,19.88,39.57,30.51,33.67,19.56,19.04,24.35,24.7,8.65,9.49,11.04,12.58,13.48,14.32,36.12,35.23,12.18,16.33,21.17,21.1,22.43,23.75,25.02,27.98,21.33,22.93,21.2,15.21,18.36,41.02,40.06,10.68,9.59,11.7,12.47,31.33,31.94,30.44,30.13,48.38,45.05,32.69,34.38,31.73,32.03,13.35,13.68,26.86,26.84,24.96,25.64,19.37,19.52,33.3,31.93,NA,NA,NA,NA,NA,NA,NA,NA,NA,NA,NA,NA,NA,NA,NA,NA,NA,NA,NA,NA,NA,NA,NA,NA,NA,NA,NA,NA,NA,NA,NA,NA,NA,NA,NA,NA,NA,NA,NA,NA,NA,NA,NA,NA,NA,NA,NA,NA,NA,NA,NA,NA,NA,NA,NA,NA,NA,NA,NA,NA,NA,NA,NA
34. Registered pregnancies for which the mother received Mother and Child Protection (MCP) card (%),98.46,98.59,98.11,99.08,98.68,100,99.07,96.75,96.89,94.62,98.41,97.15,94.92,95.24,94.11,94.35,95.46,95.71,96.54,96.3,97.18,96.99,97.86,97.67,99,99.25,97.21,97.51,98.27,97.67,98.25,98.53,99.5,99.54,97.95,98.26,98.1,98.6,98.04,98.5,97.44,94.36,94.51,95.04,95.01,99.31,99.33,100,99.73,100,100,99.04,99.1,96.51,96.74,96.17,96.63,91.49,92.03,98.68,98.17,95.31,95.39,NA,NA,NA,NA,NA,NA,NA,NA,NA,NA,NA,NA,NA,NA,NA,NA,NA,NA,NA,NA,NA,NA,NA,NA,NA,NA,NA,NA,NA,NA,NA,NA,NA,NA,NA,NA,NA,NA,NA,NA,NA,NA,NA,NA,NA,NA,NA,NA,NA,NA,NA,NA,NA,NA,NA,NA,NA,NA,NA,NA,NA,NA,NA
35. Mothers who received postnatal care from a doctor/nurse/LHV/ANM/midwife/other health personnel within 2 days of delivery (%),81.47,79.95,90.21,87.47,88.62,71.25,74.41,70.33,71.22,82.76,76.77,78.86,61.65,59.08,73.97,74.98,71.92,72.21,61.03,62.58,83.64,83.68,92.73,92.59,73.7,69.34,80.41,79.42,80.84,81.88,85.85,85.24,74.38,74.52,63.58,78.92,70.86,91.81,92.87,75.55,76.6,45.27,46.4,67.56,68.86,74.53,74.09,86,86.89,78.72,78.52,70.03,70.93,58.5,58.82,66.99,68.6,67.66,67.92,45.32,49.05,69.55,69.44,NA,NA,NA,NA,NA,NA,NA,NA,NA,NA,NA,NA,NA,NA,NA,NA,NA,NA,NA,NA,NA,NA,NA,NA,NA,NA,NA,NA,NA,NA,NA,NA,NA,NA,NA,NA,NA,NA,NA,NA,NA,NA,NA,NA,NA,NA,NA,NA,NA,NA,NA,NA,NA,NA,NA,NA,NA,NA,NA,NA,NA,NA,NA
36. Mothers who received financial assistance under Janani Suraksha Yojana (JSY) for births delivered in an institution (%),74.92,75.28,57.77,73.42,66.77,79.8,76.86,71.38,70.2,56.35,83.71,73.94,72.27,70.13,76.39,75.43,65.92,65.77,66.77,63.71,76.94,77.21,84.61,83.62,65.29,60.52,72.8,69.84,85.28,80.69,70.55,70.18,80.42,80.61,51.72,69.89,61.24,77.05,74.95,74.48,66.4,73.45,72.95,88.78,87.8,85.48,86.02,80.63,79.18,78.74,78.57,79.48,78.07,66.4,66.59,77.99,79.07,85.79,86.52,77.87,73.52,89.37,88.36,NA,NA,NA,NA,NA,NA,NA,NA,NA,NA,NA,NA,NA,NA,NA,NA,NA,NA,NA,NA,NA,NA,NA,NA,NA,NA,NA,NA,NA,NA,NA,NA,NA,NA,NA,NA,NA,NA,NA,NA,NA,NA,NA,NA,NA,NA,NA,NA,NA,NA,NA,NA,NA,NA,NA,NA,NA,NA,NA,NA,NA,NA,NA
37. Average out of pocket expenditure per delivery in public health facility (Rs.),4893.39,5136.67,5367.89,3901.24,4488.04,3816.2,3789.57,4362.53,4263.1,4705.43,2832.52,3247.51,3979.26,3813.15,3830.09,3752.98,3425.47,3401.4,4119.92,4194.62,4891.02,4830.97,4903.19,4870.3,4985.57,5590.19,4834.79,5141.65,4578.31,4456.83,3618.95,3495.85,3733.38,3733.01,5332.25,4372.77,4789.99,7337.83,6972.14,4827.88,5050.77,2889.69,2827.65,2809.65,3026.02,3595.42,3610.51,4794.03,4877.58,4862.96,4988.8,4399.82,4296.81,4967.95,5132.63,1595.23,1849.06,1822.46,1787.45,2101.9,2408.34,1311.41,1454.19,NA,NA,NA,NA,NA,NA,NA,NA,NA,NA,NA,NA,NA,NA,NA,NA,NA,NA,NA,NA,NA,NA,NA,NA,NA,NA,NA,NA,NA,NA,NA,NA,NA,NA,NA,NA,NA,NA,NA,NA,NA,NA,NA,NA,NA,NA,NA,NA,NA,NA,NA,NA,NA,NA,NA,NA,NA,NA,NA,NA,NA,NA,NA
38. Children born at home who were taken to a health facility for check-up within 24 hours of birth (%),NA,NA,NA,NA,NA,NA,NA,14.63,14.63,NA,12.74,10.09,6.87,6.06,9.58,9.58,NA,NA,3.74,3.41,NA,NA,NA,NA,NA,NA,NA,NA,NA,NA,NA,NA,NA,NA,NA,NA,0.01,NA,NA,NA,NA,1.13,1.09,6.67,7.21,18.24,18.24,NA,NA,9.65,10.26,12.21,13.42,1.51,1.51,11.22,10.88,4.58,4.4,2.47,2.41,3.17,3.01,*,*,*,*,*,*,*,NA,NA,*,NA,NA,NA,NA,NA,NA,*,*,NA,NA,*,*,*,*,*,*,*,*,*,*,*,*,*,*,*,*,NA,*,*,*,*,NA,NA,NA,NA,NA,NA,*,*,NA,NA,NA,NA,NA,NA,NA,NA,NA,NA,NA,NA,NA,NA
39. Children who received postnatal care from a doctor/nurse/LHV/ANM/midwife/other health personnel within 2 days of delivery (%),29.4,28.92,37.89,26.64,31.38,22.42,27.06,24.54,24.59,38.55,42.57,41.17,31.8,28.91,32.99,34.09,29.57,28.47,19.22,18.99,28.21,28.78,48.93,46.85,17.33,14.42,38.8,39.16,36.96,35.68,41.41,38.07,34.98,34.9,12.53,12.81,12.66,36.3,36.82,20.92,21.72,20.02,20.41,37.05,37.65,33.22,33.44,46.25,46.56,38.6,39.07,35.45,35.7,10.59,10.21,38.73,38.98,34.92,35.49,18.82,18.75,39.94,39.35,NA,NA,NA,NA,NA,NA,NA,NA,NA,NA,NA,NA,NA,NA,NA,NA,NA,NA,NA,NA,NA,NA,NA,NA,NA,NA,NA,NA,NA,NA,NA,NA,NA,NA,NA,NA,NA,NA,NA,NA,NA,NA,NA,NA,NA,NA,NA,NA,NA,NA,NA,NA,NA,NA,NA,NA,NA,NA,NA,NA,NA,NA,NA
40. Institutional births (%),91.54,91.99,95.94,94.64,95.2,87.04,90.75,84.72,85.29,91.4,86.63,88.25,72.67,72.74,85.12,85.63,92.49,91.92,87.03,87.69,94.03,94.23,97.42,97.63,96.02,94.68,94.66,93.99,88.86,90.08,89.61,90.26,91.87,92.46,76.4,93.87,85.09,97.39,97.78,90.06,91.53,61.2,63.34,71.26,72.65,82.11,82.55,92.97,93.32,87.62,87.07,84.13,84.73,72.6,74.52,68.96,71.69,63.4,64.32,63.67,68.39,67.18,67.79,NA,NA,NA,NA,NA,NA,NA,NA,NA,NA,NA,NA,NA,NA,NA,NA,NA,NA,NA,NA,NA,NA,NA,NA,NA,NA,NA,NA,NA,NA,NA,NA,NA,NA,NA,NA,NA,NA,NA,NA,NA,NA,NA,NA,NA,NA,NA,NA,NA,NA,NA,NA,NA,NA,NA,NA,NA,NA,NA,NA,NA,NA,NA
41. Institutional births in public facility (%),81.82,81.6,70.74,81.51,76.9,78.78,79.32,78.73,78.51,68.4,84.1,78.77,68,66.68,82.92,83.29,82.7,81.86,75.91,75.99,81.69,81.48,87.71,85.72,78.7,71.55,82.03,80.33,81.51,78.88,78.54,77.9,77.8,78.86,50.89,78.58,64.65,86.17,84.2,81.65,78.55,56.29,56.75,70.26,71.71,80.97,81.43,89.1,88.72,85.16,84.86,82,82.43,64.87,65.17,67.15,68.49,62.21,62.49,63.67,67.36,67.18,67.65,NA,NA,NA,NA,NA,NA,NA,NA,NA,NA,NA,NA,NA,NA,NA,NA,NA,NA,NA,NA,NA,NA,NA,NA,NA,NA,NA,NA,NA,NA,NA,NA,NA,NA,NA,NA,NA,NA,NA,NA,NA,NA,NA,NA,NA,NA,NA,NA,NA,NA,NA,NA,NA,NA,NA,NA,NA,NA,NA,NA,NA,NA,NA
42. Home delivery conducted by skilled health personnel (out of total deliveries) (%),2.07,1.9,1.86,1.16,1.46,2.53,1.81,2.92,2.81,1.15,2.2,1.84,3.03,3.15,5.09,4.92,2.96,3.03,1.6,1.37,2.39,2.31,0,0,0.99,0.73,1.09,1.23,4.23,3.77,2.64,2.52,1.46,1.36,2.14,1.27,1.71,1.47,1.25,3.69,2.87,6.99,6.38,5.31,5.12,5.5,5.37,3.57,3.29,4.15,4.31,4.04,3.97,6.88,6.39,10.06,8.97,4.97,4.83,6.32,5.4,10.64,10.55,NA,NA,NA,NA,NA,NA,NA,NA,NA,NA,NA,NA,NA,NA,NA,NA,NA,NA,NA,NA,NA,NA,NA,NA,NA,NA,NA,NA,NA,NA,NA,NA,NA,NA,NA,NA,NA,NA,NA,NA,NA,NA,NA,NA,NA,NA,NA,NA,NA,NA,NA,NA,NA,NA,NA,NA,NA,NA,NA,NA,NA,NA,NA
43. Births assisted by a doctor/nurse/LHV/ANM/other health personnel (%),91.85,91.51,97.77,90.97,93.88,89.72,92.66,86.19,86.71,92.26,87.89,89.38,73.11,72.49,85.09,85.59,86.96,86.98,85.61,86.2,95.88,96.02,96.06,96.39,94.54,93.58,92.98,93.16,92.44,93.26,92.24,92.78,92.6,93.13,75.51,92.51,83.96,97.3,97.71,90.44,91.83,66.97,68.37,75.78,76.77,87.62,87.92,94.22,94.47,91.78,91.38,86.33,86.97,75.42,76.88,78.48,80.17,68.18,68.61,69.28,73.18,76.89,77.45,NA,NA,NA,NA,NA,NA,NA,NA,NA,NA,NA,NA,NA,NA,NA,NA,NA,NA,NA,NA,NA,NA,NA,NA,NA,NA,NA,NA,NA,NA,NA,NA,NA,NA,NA,NA,NA,NA,NA,NA,NA,NA,NA,NA,NA,NA,NA,NA,NA,NA,NA,NA,NA,NA,NA,NA,NA,NA,NA,NA,NA,NA,NA
44. Births delivered by caesarean section (%),19.1,20.05,32.53,15.52,22.8,15.67,20.01,7.65,8.53,21.87,4.92,10.68,11.3,12.17,7.57,7.91,15.5,16.07,14.5,16.35,14.7,14.61,19,19.7,23.36,25.34,17.74,18.48,16.43,18.51,11.44,10.7,15.12,15.74,23.16,20.73,21.95,22.74,25.26,10.48,13.71,7.21,8.97,7.86,7.95,6.7,7.02,14.25,14.74,10.37,11.6,6.66,6.55,8.49,9.87,3.58,5.02,3.73,3.5,2.33,4.34,1.2,1.55,NA,NA,NA,NA,NA,NA,NA,NA,NA,NA,NA,NA,NA,NA,NA,NA,NA,NA,NA,NA,NA,NA,NA,NA,NA,NA,NA,NA,NA,NA,NA,NA,NA,NA,NA,NA,NA,NA,NA,NA,NA,NA,NA,NA,NA,NA,NA,NA,NA,NA,NA,NA,NA,NA,NA,NA,NA,NA,NA,NA,NA,NA,NA
45. Births in a private health facility delivered by caesarean section (%),77.73,76.29,60.33,60.53,60.41,NA,53.51,NA,NA,54.34,NA,46.88,NA,35.62,NA,NA,57.64,58.3,74.14,74.91,54.64,52.72,NA,56.92,57.32,46.41,65.88,64.53,NA,65.05,51.28,47.02,55.05,56.84,56.91,66.33,60.41,63.39,63.23,NA,41.12,NA,NA,NA,NA,NA,NA,NA,NA,NA,NA,NA,NA,NA,18.46,NA,NA,NA,NA,NA,NA,NA,NA,NA,NA,NA,NA,NA,*,NA,*,*,NA,*,NA,*,NA,*,*,NA,NA,NA,NA,NA,NA,*,NA,NA,NA,NA,NA,*,NA,NA,NA,NA,NA,NA,NA,NA,NA,NA,*,NA,*,*,*,*,*,*,*,*,*,*,*,*,*,NA,*,*,*,*,*,*,*,*
46. Births in a public health facility delivered by caesarean section (%),14.11,14.86,24.49,9.29,15.27,14.8,17.52,5.79,6.3,13.7,5.49,7.91,13.44,15.01,8.06,8.23,11.92,12.47,8.23,9.99,9.74,9.68,14.88,15.08,17.06,20.41,11.49,12.04,14.19,14.24,7.33,6.28,9.47,10.15,16.99,13.47,14.86,18.13,19.8,8.25,10.65,9.66,10.6,10.49,10.43,7.2,7.59,13.39,13.34,10.41,12.07,7.47,6.99,11.45,12.5,4.4,4.58,4.61,4.3,3.66,4.91,1.79,2.09,NA,NA,NA,NA,NA,NA,NA,NA,NA,NA,NA,NA,NA,NA,NA,NA,NA,NA,NA,NA,NA,NA,NA,NA,NA,NA,NA,NA,NA,NA,NA,NA,NA,NA,NA,NA,NA,NA,NA,NA,NA,NA,NA,NA,NA,NA,NA,NA,NA,NA,NA,NA,NA,NA,NA,NA,NA,NA,NA,NA,NA,NA,NA
47. Children age 12-23 months fully immunized (BCG measles and 3 doses each of polio/DPT) (%),82.9,81.44,69.46,85.66,79.07,78.6,74.38,67.99,68.41,80.74,88.32,85.39,76.61,77.59,73.41,72.69,79.53,78.98,89.53,88.4,75.71,76.76,85.4,85.68,74.46,79.15,88.57,90,85.34,87.02,90.05,88.87,88.79,85.94,66.24,79.45,73.24,91.26,88.15,56.22,54.15,46.96,46.36,73.52,73.47,94.2,94.2,92.59,91.89,91.76,92.95,84.28,83.8,89.25,88.24,72.55,71.22,71.48,71.47,64.77,67.12,75.9,76.93,NA,NA,NA,NA,NA,NA,NA,NA,NA,NA,NA,NA,NA,NA,NA,NA,NA,NA,NA,NA,NA,NA,NA,NA,NA,NA,NA,NA,NA,NA,NA,NA,NA,NA,NA,NA,NA,NA,NA,NA,NA,NA,NA,NA,NA,NA,NA,NA,NA,NA,NA,NA,NA,NA,NA,NA,NA,NA,NA,NA,NA,NA,NA
48. Children age 12-23 months who have received BCG (%),93.41,92.49,93.75,96.65,95.47,90.24,93.1,96.61,96.66,100,96.35,97.76,87.93,89.66,89.9,88.54,92.61,92.93,97.09,96.15,86.07,86.67,95.68,96.22,97.95,96.29,96.3,96.76,100,100,100,100,95.43,95.77,83.26,92.83,88.33,100,98.32,90.78,90.86,77.63,77.17,93.54,93.91,98.3,98.3,100,100,100,100,95.95,94.68,98.25,98.3,92.37,93.14,94.76,95.09,90.17,89.77,98.12,98.28,NA,NA,NA,NA,NA,NA,NA,NA,NA,NA,NA,NA,NA,NA,NA,NA,NA,NA,NA,NA,NA,NA,NA,NA,NA,NA,NA,NA,NA,NA,NA,NA,NA,NA,NA,NA,NA,NA,NA,NA,NA,NA,NA,NA,NA,NA,NA,NA,NA,NA,NA,NA,NA,NA,NA,NA,NA,NA,NA,NA,NA,NA,NA
49. Children age 12-23 months who have received 3 doses of polio vaccine (%),86.23,85.74,71.54,87.52,81.02,81,79.68,76.46,76.76,83.11,90.18,87.45,82.86,84.13,73.41,72.69,88.95,89.44,90.94,89.64,80.07,80.94,87.35,87.38,78.26,81.92,90.67,91.83,87.43,88.87,92.86,93.81,90.9,89.74,66.24,85.59,76.49,93.32,89.79,59.16,58.23,53.74,52.83,81.13,80.63,94.2,94.2,96.16,95.06,95.68,96.3,88.59,87.81,89.25,88.24,81.24,83.13,76.13,75.82,77.46,78.44,83.15,84.56,NA,NA,NA,NA,NA,NA,NA,NA,NA,NA,NA,NA,NA,NA,NA,NA,NA,NA,NA,NA,NA,NA,NA,NA,NA,NA,NA,NA,NA,NA,NA,NA,NA,NA,NA,NA,NA,NA,NA,NA,NA,NA,NA,NA,NA,NA,NA,NA,NA,NA,NA,NA,NA,NA,NA,NA,NA,NA,NA,NA,NA,NA,NA
50. Children age 12-23 months who have received 3 doses of DPT vaccine (%),88.07,87.48,89.64,94.66,92.62,83.29,86.4,90.05,90.18,94.74,96.35,95.73,81.67,83.12,84.47,83.31,88.77,87.82,92.79,92.33,85.1,85.75,91.64,92.69,93.41,92.98,92.51,93.45,100,100,99.11,99.23,93.32,93.82,74.98,87.34,81.52,95.73,93.31,78.46,77.28,66.34,66.4,92.61,93.04,98.3,98.3,97.88,98.12,97.74,98.07,91.49,90.52,94.61,94.75,86.51,87.87,88.96,87.84,82.02,82.51,93.28,93.84,NA,NA,NA,NA,NA,NA,NA,NA,NA,NA,NA,NA,NA,NA,NA,NA,NA,NA,NA,NA,NA,NA,NA,NA,NA,NA,NA,NA,NA,NA,NA,NA,NA,NA,NA,NA,NA,NA,NA,NA,NA,NA,NA,NA,NA,NA,NA,NA,NA,NA,NA,NA,NA,NA,NA,NA,NA,NA,NA,NA,NA,NA,NA
51. Children age 12-23 months who have received measles vaccine (%),88.34,86.56,88.88,94.79,92.39,85.98,86.5,86.27,86.44,97.63,94.49,95.71,83.95,83.88,89.9,88.54,87.03,87.6,94.16,93.55,82.58,83.34,95.68,96.22,94.16,93.53,94.21,94.93,97.91,98.15,96.31,94.29,93.32,90.13,74.71,86.7,81.06,95.73,94.91,72.97,71.21,71.19,71.03,83.27,84.24,98.3,98.3,96.43,96.82,96.08,96.65,88.54,87.77,98.25,98.3,78.44,76.52,86.57,86.54,74.29,75.61,84.78,85.06,NA,NA,NA,NA,NA,NA,NA,NA,NA,NA,NA,NA,NA,NA,NA,NA,NA,NA,NA,NA,NA,NA,NA,NA,NA,NA,NA,NA,NA,NA,NA,NA,NA,NA,NA,NA,NA,NA,NA,NA,NA,NA,NA,NA,NA,NA,NA,NA,NA,NA,NA,NA,NA,NA,NA,NA,NA,NA,NA,NA,NA,NA,NA
52. Children age 12-23 months who have received 3 doses of Hepatitis B vaccine (%),86.23,85.74,71.74,89.28,82.15,81,77.88,74.92,75.24,85.07,89.16,87.58,79.44,81.2,77.33,76.46,87.44,86.55,87.72,86.78,83.76,84.46,87.82,87.79,91.11,90.75,91.36,92.44,87.43,88.87,91.5,91.37,90.9,89.74,66.24,85.59,76.49,93.39,89.84,59.16,58.23,55.38,54.39,81.49,80.97,95.46,95.46,97.88,96.6,95.68,96.3,85.53,84.96,91.14,90.09,82.72,84.46,77.65,77.25,75.98,77.12,86.1,87.26,NA,NA,NA,NA,NA,NA,NA,NA,NA,NA,NA,NA,NA,NA,NA,NA,NA,NA,NA,NA,NA,NA,NA,NA,NA,NA,NA,NA,NA,NA,NA,NA,NA,NA,NA,NA,NA,NA,NA,NA,NA,NA,NA,NA,NA,NA,NA,NA,NA,NA,NA,NA,NA,NA,NA,NA,NA,NA,NA,NA,NA,NA,NA
53. Children age 9-59 months who received a vitamin A dose in last 6 months (%),68.68,68.97,80.91,68.97,74.14,52.73,53.34,70.21,70.32,76.51,59.76,65.77,68.97,71.72,73.79,74.61,66.34,67.1,76.34,77.48,61.38,62.35,81.9,81.66,82.34,81.7,78.08,78.31,66.54,66.57,62.47,63.25,83.99,84.67,77.25,75.93,76.6,82.12,81.9,49.81,52.17,50.84,50.45,78.52,79.26,63.7,62.4,75.13,75.7,48.29,49.89,57.89,58.37,77.23,78.05,71.29,72.36,77.26,76.72,53.25,53.95,63.37,65.4,NA,NA,NA,NA,NA,NA,NA,NA,NA,NA,NA,NA,NA,NA,NA,NA,NA,NA,NA,NA,NA,NA,NA,NA,NA,NA,NA,NA,NA,NA,NA,NA,NA,NA,NA,NA,NA,NA,NA,NA,NA,NA,NA,NA,NA,NA,NA,NA,NA,NA,NA,NA,NA,NA,NA,NA,NA,NA,NA,NA,NA,NA,NA
54. Children age 12-23 months who received most of the vaccinations in public health facility (%),100,100,88.13,100,95.26,100,96.16,100,100,88.57,100,95.48,98.12,97.12,100,100,90.2,90.66,98.36,98.53,100,100,100,100,100,100,100,96.85,100,97.85,100,100,100,100,91.79,100,96.36,97.87,95.01,100,100,100,100,100,100,100,100,100,100,100,100,100,100,100,98.68,98.54,98.7,100,100,100,98.54,100,100,NA,NA,NA,NA,NA,NA,NA,NA,NA,NA,NA,NA,NA,NA,NA,NA,NA,NA,NA,NA,NA,NA,NA,NA,NA,NA,NA,NA,NA,NA,NA,NA,NA,NA,NA,NA,NA,NA,NA,NA,NA,NA,NA,NA,NA,NA,NA,NA,NA,NA,NA,NA,NA,NA,NA,NA,NA,NA,NA,NA,NA,NA,NA
55. Children age 12-23 months who received most of the vaccinations in private health facility (%),0,0,11.87,0,4.74,0.01,3.84,0,0,6.4,0.01,2.53,0,1.29,0.01,0,0.01,0,0,0,0,0,0.01,0,0.01,0.01,0,3.15,0,2.15,0,0,0.01,0.01,8.21,0,3.64,2.13,4.99,0.01,0.01,0.01,0.01,0,0,0,0,0,0,0,0,0,0,0,1.32,1.46,1.3,0,0,0,1.46,0,0,NA,NA,NA,NA,NA,NA,NA,NA,NA,NA,NA,NA,NA,NA,NA,NA,NA,NA,NA,NA,NA,NA,NA,NA,NA,NA,NA,NA,NA,NA,NA,NA,NA,NA,NA,NA,NA,NA,NA,NA,NA,NA,NA,NA,NA,NA,NA,NA,NA,NA,NA,NA,NA,NA,NA,NA,NA,NA,NA,NA,NA,NA,NA
56. Prevalence of diarrhoea (reported) in the last 2 weeks preceding the survey (%),2.23,2.29,4.34,8.04,6.44,8.51,8.67,13.58,13.05,7.91,4.92,5.94,21.94,21.1,16.59,16.41,19.85,20.59,12.14,13.04,14.63,14.41,8.2,7.87,9.21,7.99,9.25,8.81,9.29,9.33,5.48,4.64,17.03,17.29,6.55,9.37,7.94,6.88,7.26,4.94,4.98,6.36,6.04,9.38,9.04,10.49,10.22,8.82,8.42,9.55,8.78,5.45,5.25,8.75,8.22,11.24,11.33,6.75,6.87,2.53,2.41,9.87,9.97,NA,NA,NA,NA,NA,NA,NA,NA,NA,NA,NA,NA,NA,NA,NA,NA,NA,NA,NA,NA,NA,NA,NA,NA,NA,NA,NA,NA,NA,NA,NA,NA,NA,NA,NA,NA,NA,NA,NA,NA,NA,NA,NA,NA,NA,NA,NA,NA,NA,NA,NA,NA,NA,NA,NA,NA,NA,NA,NA,NA,NA,NA,NA
57. Children with diarrhoea in the last 2 weeks who received oral rehydration salts (ORS) (%),NA,NA,NA,NA,67.1,NA,NA,64.52,64.52,NA,NA,73.65,54.83,56.23,56.58,57.65,70.96,68.12,69.49,70.09,65.04,65.57,NA,NA,NA,NA,61.38,63.51,67.89,69.16,NA,NA,66.65,67.75,NA,71.9,62.26,NA,NA,NA,NA,NA,NA,72.03,72.74,69.44,69.44,NA,78.32,86.59,86.9,NA,NA,NA,NA,75.96,76.35,63.7,63.82,NA,NA,88.18,88.91,*,*,*,*,NA,*,*,NA,NA,*,*,NA,NA,NA,NA,NA,NA,NA,NA,NA,NA,NA,*,*,*,*,NA,NA,NA,NA,*,*,NA,NA,*,NA,NA,*,*,*,*,*,*,NA,NA,NA,NA,*,NA,NA,NA,*,*,*,*,NA,NA,NA,NA,*,*,NA,NA
58. Children with diarrhoea in the last 2 weeks who received zinc (%),NA,NA,NA,NA,2.42,NA,NA,8.88,8.88,NA,NA,31.67,13.26,13.31,18.35,19.2,1.6,4.05,22.01,17.67,8.03,7.91,NA,NA,NA,NA,15.81,20.45,11.76,10.46,NA,NA,25.08,22.83,NA,13.58,9.67,NA,NA,NA,NA,NA,NA,26.21,25.55,26.91,26.91,NA,27.65,21.05,20.56,NA,NA,NA,NA,23.19,22.52,24.95,28.38,NA,NA,11.13,10.44,*,*,*,*,NA,*,*,NA,NA,*,*,NA,NA,NA,NA,NA,NA,NA,NA,NA,NA,NA,*,*,*,*,NA,NA,NA,NA,*,*,NA,NA,*,NA,NA,*,*,*,*,*,*,NA,NA,NA,NA,*,NA,NA,NA,*,*,*,*,NA,NA,NA,NA,*,*,NA,NA
59. Children with diarrhoea in the last 2 weeks taken to a health facility (%),NA,NA,NA,NA,65.25,NA,NA,59.43,59.43,NA,NA,70.16,55.61,54.42,60.53,60.2,69.02,69.43,80.21,75.93,68.36,68.84,NA,NA,NA,NA,66.43,68.29,68.37,71.86,NA,NA,66.45,67.57,NA,72.6,58.38,NA,NA,NA,NA,NA,NA,83.37,83.79,70.14,70.14,NA,64.88,89.71,89.95,NA,NA,NA,NA,71.15,69.04,62.24,65.29,NA,NA,85.41,83.92,*,*,*,*,NA,*,*,NA,NA,*,*,NA,NA,NA,NA,NA,NA,NA,NA,NA,NA,NA,*,*,*,*,NA,NA,NA,NA,*,*,NA,NA,*,NA,NA,*,*,*,*,*,*,NA,NA,NA,NA,*,NA,NA,NA,*,*,*,*,NA,NA,NA,NA,*,*,NA,NA
60. Prevalence of symptoms of acute respiratory infection (ARI) in the last 2 weeks preceding the survey (%),0,0,0,0.37,0.21,1.42,1.38,2.5,2.4,2.48,0.6,1.24,5.43,5.52,0.95,0.92,4.39,4.74,3.07,3.14,6.14,5.95,3.89,3.57,4.71,4.88,4.29,4.11,2.76,2.74,0,0.32,6.05,5.85,0.9,1.6,1.25,3.41,2.9,2.62,2.02,0.78,0.97,2.43,2.28,0.58,0.56,3.23,2.97,0,0,2.05,1.93,0.72,0.68,3.18,2.82,0.97,1.11,1.61,1.37,1.57,1.48,NA,NA,NA,NA,NA,NA,NA,NA,NA,NA,NA,NA,NA,NA,NA,NA,NA,NA,NA,NA,NA,NA,NA,NA,NA,NA,NA,NA,NA,NA,NA,NA,NA,NA,NA,NA,NA,NA,NA,NA,NA,NA,NA,NA,NA,NA,NA,NA,NA,NA,NA,NA,NA,NA,NA,NA,NA,NA,NA,NA,NA,NA,NA
61. Children with fever or symptoms of ARI in the last 2 weeks preceding the survey taken to a health facility (%),71.83,72.53,NA,NA,76.76,NA,89.16,67.89,65.89,NA,NA,71.76,55.65,57.07,82.39,80.15,67.61,67.46,74.33,76.94,77.9,78.35,83.78,83.23,74.75,75.02,75.27,76.85,77.47,81.05,73.39,72.55,71.92,74.31,NA,71.87,70.51,69.2,71.76,71.82,71.33,NA,91.01,80.03,80.85,72.78,72.78,85.73,86.11,69.67,66.35,84.91,85.8,70.24,70.98,74.1,69.62,57.67,58.73,NA,73.9,69.29,69.47,NA,NA,*,*,NA,*,NA,NA,NA,*,*,NA,NA,NA,NA,NA,NA,NA,NA,NA,NA,NA,NA,NA,NA,NA,NA,NA,NA,NA,NA,NA,NA,NA,*,NA,NA,NA,NA,NA,NA,*,NA,NA,NA,NA,NA,NA,NA,NA,NA,NA,NA,NA,NA,NA,NA,NA,NA,*,NA,NA,NA
62. Children under age 3 years breastfed within one hour of birth8 (%),70.58,69.97,72.72,72.69,72.7,67.01,65.37,72.24,72.41,72.54,80.87,77.94,58.58,56.78,59.51,60.41,60.89,61.29,67.96,67.22,63.77,63.44,66.71,67.9,69.73,72.83,53.25,53.35,75.86,74.81,76.84,77.27,61.81,62.12,66.21,72.95,69.52,65.79,67.05,78.37,71.45,73.71,73.43,54.08,54.82,89.75,88.95,82.32,81.12,81.96,81.53,84.73,85.66,70.58,71.86,70.89,70.73,60.92,62.04,71.66,71,66.47,67.1,NA,NA,NA,NA,NA,NA,NA,NA,NA,NA,NA,NA,NA,NA,NA,NA,NA,NA,NA,NA,NA,NA,NA,NA,NA,NA,NA,NA,NA,NA,NA,NA,NA,NA,NA,NA,NA,NA,NA,NA,NA,NA,NA,NA,NA,NA,NA,NA,NA,NA,NA,NA,NA,NA,NA,NA,NA,NA,NA,NA,NA,NA,NA
63. Children under age 6 months exclusively breastfed9 (%),NA,NA,NA,NA,55.72,NA,81.17,69,69,67.33,67.6,67.51,NA,62.51,81.78,81.35,72.44,67.48,NA,NA,NA,NA,NA,NA,NA,NA,72.57,70.63,NA,NA,NA,NA,69.08,67.81,NA,59.22,59.53,NA,56,NA,60.24,56.91,52.75,79.87,81.42,47.24,47.24,57.02,56.6,51.72,53.43,49.09,49.16,65.57,67.37,71.78,70.18,70.82,71.69,67.14,70.23,67.52,66.21,*,*,*,*,NA,*,NA,NA,NA,NA,NA,NA,*,NA,NA,NA,NA,NA,*,*,*,*,*,*,*,*,NA,NA,*,*,*,*,NA,NA,*,NA,NA,*,NA,*,NA,NA,NA,NA,NA,NA,NA,NA,NA,NA,NA,NA,NA,NA,NA,NA,NA,NA,NA,NA,NA,NA,NA
64. Children age 6-8 months receiving solid or semi-solid food and breastmilk9 (%),NA,NA,NA,NA,50.2,NA,NA,NA,NA,NA,63.58,65.46,NA,NA,NA,NA,NA,NA,NA,NA,NA,47.16,NA,NA,NA,NA,NA,NA,NA,NA,NA,NA,NA,NA,NA,NA,62.5,NA,NA,NA,NA,NA,NA,NA,NA,NA,NA,NA,NA,NA,NA,NA,NA,NA,NA,NA,NA,NA,NA,NA,NA,NA,NA,*,*,*,*,NA,*,*,*,*,*,NA,NA,*,*,*,*,*,*,*,*,*,NA,*,*,*,*,*,*,*,*,*,*,*,*,*,*,NA,*,*,*,*,*,*,*,*,*,*,*,*,*,*,*,*,*,*,*,*,*,*,*,*,*,*
65. Breastfeeding children age 6-23 months receiving an adequate diet9 10 (%),4.18,3.87,8.48,10.38,9.55,5.5,7.65,10.28,10.96,16.03,16.01,16.02,9.31,8.87,8.03,7.87,4.69,5.65,6.78,7.53,13.14,13.24,13.96,13.82,6.53,7.58,11.58,12.3,7.82,6.48,7.17,6.37,7.89,8.62,4.83,13.6,9.08,18.78,17.45,3.7,4.69,3.79,5.61,10.67,10.15,10.16,9.96,15.03,16.66,9.07,7.87,2.97,2.76,3.81,3.7,11.46,11.02,11.22,11.8,2.06,2.85,17.58,17.38,NA,NA,NA,NA,NA,NA,NA,NA,NA,NA,NA,NA,NA,NA,NA,NA,NA,NA,NA,NA,NA,NA,NA,NA,NA,NA,NA,NA,NA,NA,NA,NA,NA,NA,NA,NA,NA,NA,NA,NA,NA,NA,NA,NA,NA,NA,NA,NA,NA,NA,NA,NA,NA,NA,NA,NA,NA,NA,NA,NA,NA,NA,NA
66. Non-breastfeeding children age 6-23 months receiving an adequate diet9 10 (%),NA,NA,NA,NA,NA,NA,NA,NA,NA,NA,NA,NA,NA,NA,NA,NA,NA,NA,NA,NA,NA,NA,NA,NA,NA,NA,NA,NA,NA,NA,NA,NA,NA,NA,NA,NA,NA,NA,NA,NA,NA,NA,NA,NA,NA,NA,NA,NA,NA,NA,NA,NA,NA,NA,NA,NA,NA,NA,NA,NA,NA,NA,NA,*,*,*,*,*,*,*,*,*,*,*,*,*,*,*,*,*,*,*,*,*,*,*,*,*,*,*,*,*,*,*,*,*,*,*,*,*,*,*,*,*,*,*,*,*,*,*,*,*,*,*,*,*,*,*,*,*,*,*,*,*,*,*
67. Total children age 6-23 months receiving an adequate diet9 10 (%),3.71,3.47,8.47,10.73,9.72,5.31,7.46,9.68,10.33,16.03,14.97,15.33,9.66,9.19,7.39,7.25,4.97,5.76,6.01,6.61,11.79,11.93,13.19,12.98,7.55,7.96,12.07,12.52,7.38,6.18,6.94,6.99,7.89,8.62,5.53,12.77,9.03,19.12,17.02,3.16,3.77,3.24,4.82,10.35,10.56,10.16,9.96,14.48,16.11,8.35,7.26,2.81,2.62,4.66,4.49,10.76,10.32,10.97,11.49,2.89,3.42,17.12,16.76,NA,NA,NA,NA,NA,NA,NA,NA,NA,NA,NA,NA,NA,NA,NA,NA,NA,NA,NA,NA,NA,NA,NA,NA,NA,NA,NA,NA,NA,NA,NA,NA,NA,NA,NA,NA,NA,NA,NA,NA,NA,NA,NA,NA,NA,NA,NA,NA,NA,NA,NA,NA,NA,NA,NA,NA,NA,NA,NA,NA,NA,NA,NA
68. Children under 5 years who are stunted11 (%),39.8,39.05,24.57,42.48,34.86,44.15,40.23,33.18,33.39,34.93,38.3,37.18,44.24,44.55,44.58,43.48,32.09,33.17,36.66,34.89,27.15,26.92,19.37,19.49,12.44,15.33,30.13,30.25,28.65,26.14,33.57,31.84,27.83,28.02,24.6,24.76,24.68,16.71,16.12,31.19,28.93,34.03,32.46,39.47,38.35,42.79,42.2,47.12,47.47,44.41,44.43,36.37,37.59,37.32,36.64,46.45,43.48,46.64,45.75,43.74,40.28,47.16,45.71,NA,NA,NA,NA,NA,NA,NA,NA,NA,NA,NA,NA,NA,NA,NA,NA,NA,NA,NA,NA,NA,NA,NA,NA,NA,NA,NA,NA,NA,NA,NA,NA,NA,NA,NA,NA,NA,NA,NA,NA,NA,NA,NA,NA,NA,NA,NA,NA,NA,NA,NA,NA,NA,NA,NA,NA,NA,NA,NA,NA,NA,NA,NA
69. Children under 5 years who are wasted11 (%),25.23,24.23,25.58,24.21,24.79,30.38,28.62,20.35,19.9,25.49,34.39,31.44,18.59,18.99,17.55,17.16,18.41,18.02,16.28,15.33,12.49,12.3,12.6,12.6,7.88,9.05,17.3,16.49,18.57,18.99,21.58,21.63,18.24,17.53,14.92,12.71,13.79,11.15,12.05,17.47,16.37,18.93,18.4,23.53,23.13,22.84,22.5,22.28,22.31,28.27,26.07,26.98,26.36,25.54,24.77,23.31,23.06,35.97,35.97,29.25,28.49,33,32.51,NA,NA,NA,NA,NA,NA,NA,NA,NA,NA,NA,NA,NA,NA,NA,NA,NA,NA,NA,NA,NA,NA,NA,NA,NA,NA,NA,NA,NA,NA,NA,NA,NA,NA,NA,NA,NA,NA,NA,NA,NA,NA,NA,NA,NA,NA,NA,NA,NA,NA,NA,NA,NA,NA,NA,NA,NA,NA,NA,NA,NA,NA,NA
70. Children under 5 years who are severely wasted12 (%),8.64,8.75,7.23,6.23,6.66,5.28,6.39,5.37,5.17,7.23,10.25,9.25,5.03,5.3,4.85,4.98,7.16,6.78,4.07,3.77,4.5,4.35,4.04,4.38,2.5,2.82,6.41,6.09,3.8,3.39,7.89,7.72,4.01,4.05,6.68,2.17,4.38,2.82,3,5.3,6.3,5.35,4.82,8.42,8.41,7.31,7.12,5.47,5.37,10.17,9.53,9.79,9.24,9.32,9,5.75,5.97,11.28,11.56,8.43,8.31,8.66,8.42,NA,NA,NA,NA,NA,NA,NA,NA,NA,NA,NA,NA,NA,NA,NA,NA,NA,NA,NA,NA,NA,NA,NA,NA,NA,NA,NA,NA,NA,NA,NA,NA,NA,NA,NA,NA,NA,NA,NA,NA,NA,NA,NA,NA,NA,NA,NA,NA,NA,NA,NA,NA,NA,NA,NA,NA,NA,NA,NA,NA,NA,NA,NA
71. Children under 5 years who are underweight11 (%),39.76,39.02,31.48,40.2,36.49,51.28,45.34,37.77,37.47,40.45,46.01,44.17,42.61,44.3,44.87,43.77,33.96,33.69,30.56,28.23,24.72,24.13,16.82,16.49,15.52,17.14,30.11,30,31.16,29.21,36.24,35.31,26.41,25.44,20.79,19.78,20.28,17.65,17.15,22.96,21.34,33.94,32.12,44.28,43.09,44.37,43.47,43.36,42.98,46.78,44.74,40.04,40.03,40.84,39.68,44.38,42.39,51.58,51,46.29,44.38,52.45,51.77,NA,NA,NA,NA,NA,NA,NA,NA,NA,NA,NA,NA,NA,NA,NA,NA,NA,NA,NA,NA,NA,NA,NA,NA,NA,NA,NA,NA,NA,NA,NA,NA,NA,NA,NA,NA,NA,NA,NA,NA,NA,NA,NA,NA,NA,NA,NA,NA,NA,NA,NA,NA,NA,NA,NA,NA,NA,NA,NA,NA,NA,NA,NA
72. Women whose Body Mass Index (BMI) is below normal (BMI <18.5 kg/m2) (%),31.96,31.09,18.57,34.13,27.85,32.23,28.1,32.52,31.43,21.24,30.32,27.2,31.24,28.91,33.17,31.59,26.6,25.36,31.15,30.25,25.05,24.32,18.03,17.3,21.99,19.2,28.39,28.42,27.8,25.58,23.49,21.76,16.93,16.4,12.1,19.2,15.36,16.84,15.49,23.12,21.46,24.07,22.12,28.92,28.1,31.46,30.95,33.26,32.23,34.54,31.76,35.07,33.97,36.12,34.22,35.63,33.1,37.18,36.14,37.41,34.53,47.53,45.9,NA,NA,NA,NA,NA,NA,NA,NA,NA,NA,NA,NA,NA,NA,NA,NA,NA,NA,NA,NA,NA,NA,NA,NA,NA,NA,NA,NA,NA,NA,NA,NA,NA,NA,NA,NA,NA,NA,NA,NA,NA,NA,NA,NA,NA,NA,NA,NA,NA,NA,NA,NA,NA,NA,NA,NA,NA,NA,NA,NA,NA,NA,NA
73. Men whose Body Mass Index (BMI) is below normal (BMI <18.5 kg/m2) (%),13.49,13.76,14.08,35.49,27.27,25.17,21.42,21.42,20.27,20.35,11.85,15.16,24.56,19.91,18.69,16.4,15.44,15.47,21.31,19.68,29.79,28.38,17.6,17.37,19.3,15.28,20.95,20.95,23.6,23.32,21.43,22.1,18.06,17.47,7.81,12.69,9.84,15.63,14.47,19.79,17.74,17.03,16.75,23.81,23.77,24.52,23.41,19.68,17.99,20.81,20.58,27.87,27.35,34.13,30.43,33.4,30.38,28.35,26.36,27.13,24.71,28.37,26.03,NA,NA,NA,NA,NA,NA,NA,NA,NA,NA,NA,NA,NA,NA,NA,NA,NA,NA,NA,NA,NA,NA,NA,NA,NA,NA,NA,NA,NA,NA,NA,NA,NA,NA,NA,NA,NA,NA,NA,NA,NA,NA,NA,NA,NA,NA,NA,NA,NA,NA,NA,NA,NA,NA,NA,NA,NA,NA,NA,NA,NA,NA,NA
74. Women who are overweight or obese (BMI >=25.0 kg/m2) (%),13.03,14.53,30.59,10.51,18.61,9.33,16.82,9.47,10.83,26.13,6.97,13.56,10.6,13.92,6.67,8.63,12.18,15.76,11.59,13.87,15.66,16.35,25.23,25.71,23.3,28.53,17.11,17.47,15.01,18.77,13.12,17.61,22.43,22.81,33.96,25.72,30.17,24.05,25.27,18.23,20.94,8.07,11.21,6.75,8.15,8.4,8.72,12.64,13.82,8.96,10.94,4.96,5.84,7.36,9.63,6.4,10.03,5.54,6.79,6.29,10.24,4.97,6.21,NA,NA,NA,NA,NA,NA,NA,NA,NA,NA,NA,NA,NA,NA,NA,NA,NA,NA,NA,NA,NA,NA,NA,NA,NA,NA,NA,NA,NA,NA,NA,NA,NA,NA,NA,NA,NA,NA,NA,NA,NA,NA,NA,NA,NA,NA,NA,NA,NA,NA,NA,NA,NA,NA,NA,NA,NA,NA,NA,NA,NA,NA,NA
75. Men who are overweight or obese (BMI >=25.0 kg/m2) (%),16.6,17.25,29.96,7.27,15.97,10.79,15.53,8.1,10.75,23.07,7.97,13.84,13.77,22.94,13.32,16.36,19.19,22.8,21.76,22.46,6.4,8.92,25.96,28.34,25.26,25.02,8,9.37,11.85,16.18,10.68,17.36,19.96,21.63,32.44,19.68,27.13,24.63,25.62,9.99,16.39,12.9,13.67,5.74,6.97,13.58,14.78,10.83,12.96,9.53,11.41,8.54,10.04,8.58,14.06,7.02,11.56,5.11,7.8,8.8,18.3,5.55,6.72,NA,NA,NA,NA,NA,NA,NA,NA,NA,NA,NA,NA,NA,NA,NA,NA,NA,NA,NA,NA,NA,NA,NA,NA,NA,NA,NA,NA,NA,NA,NA,NA,NA,NA,NA,NA,NA,NA,NA,NA,NA,NA,NA,NA,NA,NA,NA,NA,NA,NA,NA,NA,NA,NA,NA,NA,NA,NA,NA,NA,NA,NA,NA
76. Children age 6-59 months who are anaemic (<11.0 g/dl) (%),68.18,68.32,65.91,67.96,67.08,75.27,70.54,29.22,30.03,64.64,80.29,75.29,29.08,32.72,35.06,34.49,29.05,28.62,22.4,22.71,29.15,28.65,22.7,23.35,16.06,18.87,30.75,30,40.2,39.4,35.55,37.35,26.66,26.47,13.15,24.61,19.04,29,29.22,41.4,37.43,59.78,57.93,42.37,42.66,43.6,44.07,73.69,74.95,67.99,67.28,65.55,63.9,69.63,67.23,51.48,49.75,72.71,71.92,73.12,71.39,72.6,72.17,NA,NA,NA,NA,NA,NA,NA,NA,NA,NA,NA,NA,NA,NA,NA,NA,NA,NA,NA,NA,NA,NA,NA,NA,NA,NA,NA,NA,NA,NA,NA,NA,NA,NA,NA,NA,NA,NA,NA,NA,NA,NA,NA,NA,NA,NA,NA,NA,NA,NA,NA,NA,NA,NA,NA,NA,NA,NA,NA,NA,NA,NA,NA
77. Non-pregnant women age 15-49 years who are anaemic (<12.0 g/dl) (%),69.35,68.77,66.29,71.6,69.46,76,73.05,42.94,42.69,69.01,73.31,71.85,40.26,40.48,41.86,42.21,40.63,40.6,44.78,43.97,42.95,42.38,36.28,36.05,36.46,37.94,44.53,44.11,41.34,39.88,44.12,43.53,40.04,40.08,43.96,47.19,45.45,45.22,44.65,43.91,41.53,60.4,59.39,53.09,52.86,49.5,49.83,69.41,69.31,61.14,61.09,65.9,64.02,70.29,68.53,57.02,55.51,71.42,71.42,67.87,63.39,71.36,71.24,NA,NA,NA,NA,NA,NA,NA,NA,NA,NA,NA,NA,NA,NA,NA,NA,NA,NA,NA,NA,NA,NA,NA,NA,NA,NA,NA,NA,NA,NA,NA,NA,NA,NA,NA,NA,NA,NA,NA,NA,NA,NA,NA,NA,NA,NA,NA,NA,NA,NA,NA,NA,NA,NA,NA,NA,NA,NA,NA,NA,NA,NA,NA
78. Pregnant women age 15-49 years who are anaemic (<11.0 g/dl) (%),63.89,61.47,56.34,61.84,59.51,NA,70.7,40.29,41.09,NA,53.39,52.62,42.31,40.28,45.59,45.59,53.66,55.59,27.08,33.01,37.45,40.07,23.62,27.47,NA,NA,NA,11.1,25.77,25.77,57.84,58,36.59,34,47.82,30.9,41.2,31.91,32.07,NA,NA,41.16,38.58,49.56,49.53,51.71,50.22,64.02,65.83,61.23,59.49,64.21,63.59,78.81,73.69,50.75,52.52,73.76,73.75,62.05,60.45,71.94,71.94,NA,NA,NA,NA,NA,*,NA,NA,NA,*,NA,NA,NA,NA,NA,NA,NA,NA,NA,NA,NA,NA,NA,NA,*,*,*,NA,NA,NA,NA,NA,NA,NA,NA,NA,NA,NA,NA,*,*,NA,NA,NA,NA,NA,NA,NA,NA,NA,NA,NA,NA,NA,NA,NA,NA,NA,NA,NA,NA,NA,NA
79. All women age 15-49 years who are anaemic (%),69.18,68.54,66,71.34,69.19,75.61,72.99,42.83,42.62,68.61,72.84,71.4,40.39,40.47,42.03,42.35,41.03,41.05,44.09,43.54,42.76,42.3,35.92,35.81,36.45,37.83,43.77,43.26,40.75,39.41,44.53,43.99,39.89,39.81,44.11,46.7,45.3,44.85,44.33,43.68,41.3,59.54,58.48,52.93,52.71,49.57,49.85,69.21,69.17,61.14,61.05,65.82,64,70.6,68.71,56.69,55.36,71.52,71.52,67.61,63.25,71.4,71.28,NA,NA,NA,NA,NA,NA,NA,NA,NA,NA,NA,NA,NA,NA,NA,NA,NA,NA,NA,NA,NA,NA,NA,NA,NA,NA,NA,NA,NA,NA,NA,NA,NA,NA,NA,NA,NA,NA,NA,NA,NA,NA,NA,NA,NA,NA,NA,NA,NA,NA,NA,NA,NA,NA,NA,NA,NA,NA,NA,NA,NA,NA,NA
80. Men age 15-49 years who are anaemic (<13.0 g/dl) (%),35.26,35.01,28.2,37.76,34.11,49.61,44.95,28.42,28.43,29.49,46.03,39.63,23.89,18.79,26.99,23.38,22.09,21.41,24.01,22.04,36.94,35.18,11.08,10.35,24.99,18.38,20.97,18.83,32.07,31.3,29.72,26.96,21.07,19.17,11.67,16.34,13.62,16.65,16.11,40.62,34.52,35.54,33.56,28.81,27.85,27.65,27.3,35.16,34.41,38.25,37.12,45.73,43.75,40.28,36.37,32.57,29.29,42.1,41.44,44.33,39.97,51.97,47.19,NA,NA,NA,NA,NA,NA,NA,NA,NA,NA,NA,NA,NA,NA,NA,NA,NA,NA,NA,NA,NA,NA,NA,NA,NA,NA,NA,NA,NA,NA,NA,NA,NA,NA,NA,NA,NA,NA,NA,NA,NA,NA,NA,NA,NA,NA,NA,NA,NA,NA,NA,NA,NA,NA,NA,NA,NA,NA,NA,NA,NA,NA,NA
81. Blood sugar level - high (>140 mg/dl) (%),5.18,5.42,8.27,8.41,8.35,5.05,6.88,5.45,5.58,5.28,5.7,5.56,8.47,7.84,7.94,7.93,8.25,7.7,11.25,11.46,7.61,7.64,6.54,6.42,11.13,11.5,8.36,8.47,8.6,8.65,5.28,5.94,7.37,7.57,6.71,8.3,7.44,9.69,9.55,7.64,7.65,5.72,5.96,3.62,3.53,5.05,4.96,4.4,4.57,6.57,6.55,6.08,6.12,4.3,4.32,6.64,7.1,6.08,6.31,5.22,5.24,4.74,4.9,NA,NA,NA,NA,NA,NA,NA,NA,NA,NA,NA,NA,NA,NA,NA,NA,NA,NA,NA,NA,NA,NA,NA,NA,NA,NA,NA,NA,NA,NA,NA,NA,NA,NA,NA,NA,NA,NA,NA,NA,NA,NA,NA,NA,NA,NA,NA,NA,NA,NA,NA,NA,NA,NA,NA,NA,NA,NA,NA,NA,NA,NA,NA
82. Blood sugar level - very high (>160 mg/dl) (%),2.9,3.1,4.82,3.19,3.85,2.8,4.03,2.25,2.3,2.35,2.4,2.38,3.81,3.54,3.38,3.46,2.89,2.83,5.19,5.6,3.09,3.11,3.6,3.67,5.36,6.23,3.49,3.65,3.98,4.13,2.19,2.48,3.14,3.34,4.41,4.63,4.51,5.25,5.09,3.71,3.27,2.42,2.51,1.84,1.75,1.88,1.82,2.22,2.39,2.73,2.71,2.79,2.9,1.36,1.61,2.44,2.81,2.53,2.75,1.82,1.81,1.91,2.03,NA,NA,NA,NA,NA,NA,NA,NA,NA,NA,NA,NA,NA,NA,NA,NA,NA,NA,NA,NA,NA,NA,NA,NA,NA,NA,NA,NA,NA,NA,NA,NA,NA,NA,NA,NA,NA,NA,NA,NA,NA,NA,NA,NA,NA,NA,NA,NA,NA,NA,NA,NA,NA,NA,NA,NA,NA,NA,NA,NA,NA,NA,NA
83. Blood sugar level - high (>140 mg/dl) (%),9.52,9.2,9.71,12.14,11.21,11.69,9.05,8.47,9.61,10.08,8.16,8.9,6.48,4.64,11.29,9.56,15.4,16.23,15.47,13.65,9.04,10.51,15.83,14.79,15.21,13.48,9.35,9.75,16.16,16.32,9.71,9.57,14.59,15.39,11.16,9.77,10.58,13.18,13.66,9.92,10.9,5.32,4.8,5.76,6.56,12.49,12.83,8.38,10.5,10.13,9.56,6.29,6.93,7.57,8.44,11.67,11.15,6.27,8.36,8.48,12.25,8.71,8.49,NA,NA,NA,NA,NA,NA,NA,NA,NA,NA,NA,NA,NA,NA,NA,NA,NA,NA,NA,NA,NA,NA,NA,NA,NA,NA,NA,NA,NA,NA,NA,NA,NA,NA,NA,NA,NA,NA,NA,NA,NA,NA,NA,NA,NA,NA,NA,NA,NA,NA,NA,NA,NA,NA,NA,NA,NA,NA,NA,NA,NA,NA,NA
84. Blood sugar level - very high (>160 mg/dl) (%),6.21,6.2,2.34,3.92,3.32,8.03,6.57,2.89,2.58,7.46,4.04,5.36,2.41,1.72,3.44,2.92,7.82,8.89,5.98,5.27,2.44,3.28,9.8,9.16,4.15,2.9,5.78,5.26,9.99,10.99,3.34,4.14,9.28,9.37,7.94,2.95,5.85,9.93,11.28,8.66,8.83,1.65,1.49,1.61,2.7,7.2,7.78,2.45,3.73,5.93,5.86,2.49,2.85,4.35,5.7,5.15,5.76,2.17,4.06,4.52,6.93,3.7,3.7,NA,NA,NA,NA,NA,NA,NA,NA,NA,NA,NA,NA,NA,NA,NA,NA,NA,NA,NA,NA,NA,NA,NA,NA,NA,NA,NA,NA,NA,NA,NA,NA,NA,NA,NA,NA,NA,NA,NA,NA,NA,NA,NA,NA,NA,NA,NA,NA,NA,NA,NA,NA,NA,NA,NA,NA,NA,NA,NA,NA,NA,NA,NA
85. Slightly above normal (Systolic 140-159 mm of Hg and/or Diastolic 90-99 mm of Hg) (%),5.01,5.58,5.85,5.19,5.46,5.1,6.01,9.37,9.97,7.16,7.2,7.19,11.55,11.63,10.31,10.32,6.35,7.29,4.1,4.7,5.51,5.94,6.58,6.45,6.52,7.18,7.52,7.33,10.13,9.77,9.17,8.84,4.49,4.76,5.25,6.59,5.87,7.03,6.97,4.75,5.2,4.11,4.45,3.8,3.85,6.15,6.2,4.16,4.35,6.93,7.16,5.13,4.91,4.85,5.27,4.5,5.21,9.07,8.98,7.56,7.55,3.93,4.34,NA,NA,NA,NA,NA,NA,NA,NA,NA,NA,NA,NA,NA,NA,NA,NA,NA,NA,NA,NA,NA,NA,NA,NA,NA,NA,NA,NA,NA,NA,NA,NA,NA,NA,NA,NA,NA,NA,NA,NA,NA,NA,NA,NA,NA,NA,NA,NA,NA,NA,NA,NA,NA,NA,NA,NA,NA,NA,NA,NA,NA,NA,NA
86. Moderately high (Systolic 160-179 mm of Hg and/or Diastolic 100-109 mm of Hg) (%),0.98,1.06,1.37,1.26,1.3,2.83,2.5,1.86,1.87,1.79,1.45,1.57,2.08,2.27,2.02,2.04,1.49,1.59,1.69,1.81,0.74,0.78,1.44,1.39,1.33,1.69,0.8,0.82,1.56,1.45,1.41,1.24,1.16,1.24,1.85,1.04,1.48,1.2,1.24,0.55,0.76,0.45,0.58,0.89,0.94,0.83,0.8,0.71,0.66,1.51,1.42,0.2,0.32,1.26,1.25,0.82,1.11,2.05,1.95,1.73,1.85,0.79,0.87,NA,NA,NA,NA,NA,NA,NA,NA,NA,NA,NA,NA,NA,NA,NA,NA,NA,NA,NA,NA,NA,NA,NA,NA,NA,NA,NA,NA,NA,NA,NA,NA,NA,NA,NA,NA,NA,NA,NA,NA,NA,NA,NA,NA,NA,NA,NA,NA,NA,NA,NA,NA,NA,NA,NA,NA,NA,NA,NA,NA,NA,NA,NA
87. Very high (Systolic ?180 mm of Hg and/or Diastolic ?110 mm of Hg) (%),1,0.99,0.1,0.27,0.2,0.75,0.64,1.24,1.24,1.55,0.54,0.89,1.69,1.49,1.06,1.1,1.25,1.1,0.37,0.32,0.18,0.18,0.94,0.93,1.24,1.2,0.48,0.44,0.35,0.31,1.37,1.2,0.23,0.31,0.28,0.31,0.3,0.85,0.71,0.46,0.55,0.27,0.33,0.42,0.46,0.19,0.18,0.2,0.18,0.2,0.3,0.41,0.39,0.22,0.29,0.36,0.42,0.57,0.67,0.63,0.52,0.42,0.39,NA,NA,NA,NA,NA,NA,NA,NA,NA,NA,NA,NA,NA,NA,NA,NA,NA,NA,NA,NA,NA,NA,NA,NA,NA,NA,NA,NA,NA,NA,NA,NA,NA,NA,NA,NA,NA,NA,NA,NA,NA,NA,NA,NA,NA,NA,NA,NA,NA,NA,NA,NA,NA,NA,NA,NA,NA,NA,NA,NA,NA,NA,NA
88. Slightly above normal (Systolic 140-159 mm of Hg and/or Diastolic 90-99 mm of Hg) (%),14.78,15.5,7.99,6.69,7.19,6.75,9.74,16.59,17.32,7.96,13.06,11.09,7.73,11.1,12.5,11.89,14.39,15.6,5.33,5.55,6.99,7.61,16.79,16.62,2.97,8.32,10.74,9.97,10.55,11.14,18.53,15.12,5.12,6.02,11.41,2.75,7.81,7.18,9.61,3.99,7.39,8.45,8.26,2.14,1.99,8.81,9.32,4.59,3.96,9.11,8.66,4.34,5.09,4.35,7.74,7.07,6.48,5.99,6.53,10.68,9.4,8.42,8.25,NA,NA,NA,NA,NA,NA,NA,NA,NA,NA,NA,NA,NA,NA,NA,NA,NA,NA,NA,NA,NA,NA,NA,NA,NA,NA,NA,NA,NA,NA,NA,NA,NA,NA,NA,NA,NA,NA,NA,NA,NA,NA,NA,NA,NA,NA,NA,NA,NA,NA,NA,NA,NA,NA,NA,NA,NA,NA,NA,NA,NA,NA,NA
89. Moderately high (Systolic 160-179 mm of Hg and/or Diastolic 100-109 mm of Hg) (%),0.95,1.43,1.59,0,0.61,2.39,2.42,4.83,4.29,2.25,2.47,2.39,2.38,4.89,3.11,3.17,2.01,3.12,1.51,2.18,2.65,2.53,0.91,0.84,2.2,1.51,0.94,1.92,0.9,1.34,2.7,3.73,1.87,2.26,1.39,1.96,1.63,0,0,1.62,1.29,2.61,2.36,0.9,1.26,0,0,0,1,1.06,1.47,1.67,2.07,0,0,0,0,0.73,1.23,1.7,3.64,1.79,4.44,NA,NA,NA,NA,NA,NA,NA,NA,NA,NA,NA,NA,NA,NA,NA,NA,NA,NA,NA,NA,NA,NA,NA,NA,NA,NA,NA,NA,NA,NA,NA,NA,NA,NA,NA,NA,NA,NA,NA,NA,NA,NA,NA,NA,NA,NA,NA,NA,NA,NA,NA,NA,NA,NA,NA,NA,NA,NA,NA,NA,NA,NA,NA
90. Very high (Systolic ?180 mm of Hg and/or Diastolic ?110 mm of Hg) (%),0,0,0,1.38,0.85,0,0.84,1.21,1.07,2.52,0.72,1.42,2.29,1.65,0,0,0,0,1.13,1,1.1,1.99,1.06,0.98,0,0,0.98,0.81,0,0,1.83,2.1,0,0,1.55,0,0.9,1.12,0.82,0,0,0,0,0.77,0.72,0.91,0.87,0,0,0.87,0.77,1.66,2.06,2.15,1.83,0,0,1.42,1.3,1.17,0.91,2.8,2.37,NA,NA,NA,NA,NA,NA,NA,NA,NA,NA,NA,NA,NA,NA,NA,NA,NA,NA,NA,NA,NA,NA,NA,NA,NA,NA,NA,NA,NA,NA,NA,NA,NA,NA,NA,NA,NA,NA,NA,NA,NA,NA,NA,NA,NA,NA,NA,NA,NA,NA,NA,NA,NA,NA,NA,NA,NA,NA,NA,NA,NA,NA,NA
91. Cervix (%),20,19.55,30.79,28.89,29.66,27.18,28.2,19.57,19.56,27.56,29.67,28.93,24.01,24.1,32.22,32.56,18.6,18.2,10.22,10.3,29.47,29.77,37.05,38.71,9.37,12.39,35.49,35.61,24.22,26.08,21.27,23.19,36.67,37.49,18.67,20.22,19.36,51.56,50.53,28.84,34.05,26.49,27.44,49.54,49.74,25.77,26.41,34.15,36.04,25.51,25.52,29.25,27.98,21.9,22.62,32.32,33.83,47.26,47.52,25.92,27.39,36.33,34.77,NA,NA,NA,NA,NA,NA,NA,NA,NA,NA,NA,NA,NA,NA,NA,NA,NA,NA,NA,NA,NA,NA,NA,NA,NA,NA,NA,NA,NA,NA,NA,NA,NA,NA,NA,NA,NA,NA,NA,NA,NA,NA,NA,NA,NA,NA,NA,NA,NA,NA,NA,NA,NA,NA,NA,NA,NA,NA,NA,NA,NA,NA,NA
92. Breast (%),1.99,1.91,10.48,3.34,6.25,3.69,3.88,5.49,5.37,7.21,6.77,6.93,7.88,7.62,9.84,10.14,7.57,7.08,3.4,3.38,10.02,9.87,10.08,9.61,4.39,5.13,4.22,4.41,2.47,2.53,1.6,1.63,7.01,7.52,2.46,2.7,2.57,9.23,10.25,3.97,5.96,6.1,6.61,9.19,9.11,5.36,5.17,6.73,6.61,6.18,6.64,6.97,6.83,2.45,2.35,5.87,7.28,8.27,8.49,5.63,6.26,4.19,4.13,NA,NA,NA,NA,NA,NA,NA,NA,NA,NA,NA,NA,NA,NA,NA,NA,NA,NA,NA,NA,NA,NA,NA,NA,NA,NA,NA,NA,NA,NA,NA,NA,NA,NA,NA,NA,NA,NA,NA,NA,NA,NA,NA,NA,NA,NA,NA,NA,NA,NA,NA,NA,NA,NA,NA,NA,NA,NA,NA,NA,NA,NA,NA
93. Oral cavity (%),4.76,4.53,11.41,6.18,8.32,5.57,5.72,3.26,3.25,11.62,7.28,8.81,9.22,9.36,6.15,7.01,1.98,2.91,5.05,5.9,3.56,3.71,10.36,9.87,7.59,9.48,7.15,6.87,2.62,2.93,4.23,4.53,8.69,9.36,8.98,7.96,8.52,15.68,16.3,2.98,4.58,4.91,4.44,11.83,11.79,3.87,3.73,10.12,10.05,4.06,4.11,7.81,7.37,5.45,5.03,10.43,11.28,8.94,9.93,4.31,4.62,7.67,7.3,NA,NA,NA,NA,NA,NA,NA,NA,NA,NA,NA,NA,NA,NA,NA,NA,NA,NA,NA,NA,NA,NA,NA,NA,NA,NA,NA,NA,NA,NA,NA,NA,NA,NA,NA,NA,NA,NA,NA,NA,NA,NA,NA,NA,NA,NA,NA,NA,NA,NA,NA,NA,NA,NA,NA,NA,NA,NA,NA,NA,NA,NA,NA
