Residence,Nandurbar - Rural,Nandurbar - Total,Dhule - Rural,Dhule - Total,Jalgaon - Urban,Jalgaon - Rural,Jalgaon - Total,Buldana - Rural,Buldana - Total,Akola - Urban,Akola - Rural,Akola - Total,Washim - Rural,Washim - Total,Amravati - Urban,Amravati - Rural,Amravati - Total,Wardha - Urban,Wardha - Rural,Wardha - Total,Nagpur - Urban,Nagpur - Rural,Nagpur - Total,Bhandara - Rural,Bhandara - Total,Gondiya - Rural,Gondiya - Total,Gadchiroli - Rural,Gadchiroli - Total,Chandrapur - Urban,Chandrapur - Rural,Chandrapur - Total,Yavatmal - Rural,Yavatmal - Total,Nanded - Rural,Nanded - Total,Hingoli - Rural,Hingoli - Total,Parbhani - Urban,Parbhani - Rural,Parbhani - Total,Jalna - Rural,Jalna - Total,Aurangabad - Urban,Aurangabad - Rural,Aurangabad - Total,Nashik - Urban,Nashik - Rural,Nashik - Total,Thane - Urban,Thane - Total,Mumbai Suburban - Urban,Mumbai Suburban - Total,Mumbai - Urban,Mumbai - Total,Raigarh - Urban,Raigarh - Rural,Raigarh - Total,Pune - Urban,Pune - Rural,Pune - Total,Ahmadnagar - Rural,Ahmadnagar - Total,Bid - Rural,Bid - Total,Latur - Rural,Latur - Total,Osmanabad - Rural,Osmanabad - Total,Solapur - Urban,Solapur - Rural,Solapur - Total,Satara - Rural,Satara - Total,Ratnagiri - Rural,Ratnagiri - Total,Sindhudurg - Rural,Sindhudurg - Total,Kolhapur - Urban,Kolhapur - Rural,Kolhapur - Total,Sangli - Rural,Sangli - Total,Note of Nandurbar - Rural,Note of Nandurbar - Total,Note of Dhule - Rural,Note of Dhule - Total,Note of Jalgaon - Urban,Note of Jalgaon - Rural,Note of Jalgaon - Total,Note of Buldana - Rural,Note of Buldana - Total,Note of Akola - Urban,Note of Akola - Rural,Note of Akola - Total,Note of Washim - Rural,Note of Washim - Total,Note of Amravati - Urban,Note of Amravati - Rural,Note of Amravati - Total,Note of Wardha - Urban,Note of Wardha - Rural,Note of Wardha - Total,Note of Nagpur - Urban,Note of Nagpur - Rural,Note of Nagpur - Total,Note of Bhandara - Rural,Note of Bhandara - Total,Note of Gondiya - Rural,Note of Gondiya - Total,Note of Gadchiroli - Rural,Note of Gadchiroli - Total,Note of Chandrapur - Urban,Note of Chandrapur - Rural,Note of Chandrapur - Total,Note of Yavatmal - Rural,Note of Yavatmal - Total,Note of Nanded - Rural,Note of Nanded - Total,Note of Hingoli - Rural,Note of Hingoli - Total,Note of Parbhani - Urban,Note of Parbhani - Rural,Note of Parbhani - Total,Note of Jalna - Rural,Note of Jalna - Total,Note of Aurangabad - Urban,Note of Aurangabad - Rural,Note of Aurangabad - Total,Note of Nashik - Urban,Note of Nashik - Rural,Note of Nashik - Total,Note of Thane - Urban,Note of Thane - Total,Note of Mumbai Suburban - Urban,Note of Mumbai Suburban - Total,Note of Mumbai - Urban,Note of Mumbai - Total,Note of Raigarh - Urban,Note of Raigarh - Rural,Note of Raigarh - Total,Note of Pune - Urban,Note of Pune - Rural,Note of Pune - Total,Note of Ahmadnagar - Rural,Note of Ahmadnagar - Total,Note of Bid - Rural,Note of Bid - Total,Note of Latur - Rural,Note of Latur - Total,Note of Osmanabad - Rural,Note of Osmanabad - Total,Note of Solapur - Urban,Note of Solapur - Rural,Note of Solapur - Total,Note of Satara - Rural,Note of Satara - Total,Note of Ratnagiri - Rural,Note of Ratnagiri - Total,Note of Sindhudurg - Rural,Note of Sindhudurg - Total,Note of Kolhapur - Urban,Note of Kolhapur - Rural,Note of Kolhapur - Total,Note of Sangli - Rural,Note of Sangli - Total
Households surveyed,662,769,558,765,375,396,771,616,779,387,404,791,655,802,390,404,794,399,410,809,619,378,997,658,801,671,783,707,792,394,409,803,632,791,585,791,649,769,380,391,771,634,776,373,386,759,374,381,755,531,712,668,668,649,649,336,385,721,329,380,709,603,749,618,779,584,792,654,773,383,390,773,601,734,642,749,601,698,383,388,771,553,745,NA,NA,NA,NA,NA,NA,NA,NA,NA,NA,NA,NA,NA,NA,NA,NA,NA,NA,NA,NA,NA,NA,NA,NA,NA,NA,NA,NA,NA,NA,NA,NA,NA,NA,NA,NA,NA,NA,NA,NA,NA,NA,NA,NA,NA,NA,NA,NA,NA,NA,NA,NA,NA,NA,NA,NA,NA,NA,NA,NA,NA,NA,NA,NA,NA,NA,NA,NA,NA,NA,NA,NA,NA,NA,NA,NA,NA,NA,NA,NA,NA,NA,NA
Women age 15-49 years interviewed,771,900,637,875,411,388,799,659,837,554,475,1029,709,876,462,427,889,451,405,856,714,402,1116,659,823,700,822,750,840,427,392,819,714,893,702,978,732,872,448,468,916,688,859,438,422,860,454,497,951,543,763,673,673,608,608,355,404,759,344,398,742,638,798,614,823,669,967,635,769,503,428,931,606,740,611,727,571,660,394,433,827,653,863,NA,NA,NA,NA,NA,NA,NA,NA,NA,NA,NA,NA,NA,NA,NA,NA,NA,NA,NA,NA,NA,NA,NA,NA,NA,NA,NA,NA,NA,NA,NA,NA,NA,NA,NA,NA,NA,NA,NA,NA,NA,NA,NA,NA,NA,NA,NA,NA,NA,NA,NA,NA,NA,NA,NA,NA,NA,NA,NA,NA,NA,NA,NA,NA,NA,NA,NA,NA,NA,NA,NA,NA,NA,NA,NA,NA,NA,NA,NA,NA,NA,NA,NA
Men age 15-49 years interviewed,90,105,118,157,57,53,110,97,131,63,80,143,110,136,71,54,125,71,53,124,99,51,150,105,132,111,127,123,138,65,61,126,117,146,137,187,115,135,69,71,140,104,135,73,78,151,85,78,163,97,136,100,100,62,62,63,54,117,52,79,131,84,110,101,127,116,151,107,121,65,72,137,87,111,66,73,52,64,70,62,132,96,122,NA,NA,NA,NA,NA,NA,NA,NA,NA,NA,NA,NA,NA,NA,NA,NA,NA,NA,NA,NA,NA,NA,NA,NA,NA,NA,NA,NA,NA,NA,NA,NA,NA,NA,NA,NA,NA,NA,NA,NA,NA,NA,NA,NA,NA,NA,NA,NA,NA,NA,NA,NA,NA,NA,NA,NA,NA,NA,NA,NA,NA,NA,NA,NA,NA,NA,NA,NA,NA,NA,NA,NA,NA,NA,NA,NA,NA,NA,NA,NA,NA,NA,NA
1. Population (female) age 6+ years who ever attended school (%),51.8,54.8,63.1,68.1,84,72.2,75.4,72.5,75.2,89,83,85.2,72.9,75.7,90.8,78.3,83,86.6,80.2,82.4,88.7,79.2,86,77.5,81.1,76.2,77.3,63.8,65.5,87.2,65.5,72.9,72.7,76.1,64.9,68.5,64.8,67,77.2,60.2,65.2,63.4,65.2,80.4,65.4,72.6,85.8,74.5,80.4,85.7,81,82.9,82.9,87.2,87.2,91.7,71.8,82,86.8,74.3,82.3,71.9,75.4,58.6,62.6,65.6,67.8,65.4,68.1,80.9,67.4,71.9,74.7,76.7,74.3,77.3,80,81.7,87.5,72.7,77.3,78,79.8,NA,NA,NA,NA,NA,NA,NA,NA,NA,NA,NA,NA,NA,NA,NA,NA,NA,NA,NA,NA,NA,NA,NA,NA,NA,NA,NA,NA,NA,NA,NA,NA,NA,NA,NA,NA,NA,NA,NA,NA,NA,NA,NA,NA,NA,NA,NA,NA,NA,NA,NA,NA,NA,NA,NA,NA,NA,NA,NA,NA,NA,NA,NA,NA,NA,NA,NA,NA,NA,NA,NA,NA,NA,NA,NA,NA,NA,NA,NA,NA,NA,NA,NA
2. Population below age 15 years (%),31.3,30.7,29.2,28,25.3,25,25.1,27.4,26.9,24.3,25,24.7,26.1,26.3,22.6,23.1,22.9,24.1,19.6,21.1,21,20.5,20.9,22.8,23.6,22.9,23.3,21.5,22,20.7,24.5,23.3,25.4,24.7,29.9,29.6,28.9,28.2,29.2,29.9,29.7,28.6,29,29,28.2,28.6,26.8,29.3,28,22.2,23.6,22.4,22.4,19.6,19.6,24,24.8,24.4,20.3,23.4,21.5,25,25.8,27.1,27.7,26.4,27.2,25.2,25.4,25.4,25.2,25.3,22.3,22.7,22.9,23,19.6,19.1,23,21.5,22,23.9,23.5,NA,NA,NA,NA,NA,NA,NA,NA,NA,NA,NA,NA,NA,NA,NA,NA,NA,NA,NA,NA,NA,NA,NA,NA,NA,NA,NA,NA,NA,NA,NA,NA,NA,NA,NA,NA,NA,NA,NA,NA,NA,NA,NA,NA,NA,NA,NA,NA,NA,NA,NA,NA,NA,NA,NA,NA,NA,NA,NA,NA,NA,NA,NA,NA,NA,NA,NA,NA,NA,NA,NA,NA,NA,NA,NA,NA,NA,NA,NA,NA,NA,NA,NA
3. Sex ratio of the total population (females per 1000 males),1026,1019,912,920,909,916,914,944,953,1003,959,975,944,949,986,975,979,980,930,947,1028,950,1004,992,1020,1022,1037,979,968,944,970,961,967,969,1005,1000,1006,1002,959,1027,1006,938,950,941,908,923,1013,986,1000,905,922,869,869,906,906,884,971,924,953,878,924,926,905,932,933,966,966,955,961,990,950,963,1036,1034,1159,1134,985,1001,923,1005,978,1008,1005,NA,NA,NA,NA,NA,NA,NA,NA,NA,NA,NA,NA,NA,NA,NA,NA,NA,NA,NA,NA,NA,NA,NA,NA,NA,NA,NA,NA,NA,NA,NA,NA,NA,NA,NA,NA,NA,NA,NA,NA,NA,NA,NA,NA,NA,NA,NA,NA,NA,NA,NA,NA,NA,NA,NA,NA,NA,NA,NA,NA,NA,NA,NA,NA,NA,NA,NA,NA,NA,NA,NA,NA,NA,NA,NA,NA,NA,NA,NA,NA,NA,NA,NA
4. Sex ratio at birth for children born in the last five years (females per 1000 males),1050,1031,805,853,819,952,922,875,907,1068,878,934,947,902,926,1120,1052,1266,1317,1298,1027,829,957,1162,1204,994,1009,1167,1162,838,1060,996,912,863,905,961,965,992,905,1223,1114,861,880,1066,1195,1130,887,844,867,747,895,932,932,1033,1033,851,730,794,1067,786,927,878,843,1013,1046,971,920,752,821,976,747,816,1029,1018,1028,984,755,824,831,585,660,943,913,NA,NA,NA,NA,NA,NA,NA,NA,NA,NA,NA,NA,NA,NA,NA,NA,NA,NA,NA,NA,NA,NA,NA,NA,NA,NA,NA,NA,NA,NA,NA,NA,NA,NA,NA,NA,NA,NA,NA,NA,NA,NA,NA,NA,NA,NA,NA,NA,NA,NA,NA,NA,NA,NA,NA,NA,NA,NA,NA,NA,NA,NA,NA,NA,NA,NA,NA,NA,NA,NA,NA,NA,NA,NA,NA,NA,NA,NA,NA,NA,NA,NA,NA
5. Children under age 5 years whose birth was registered (%),82.9,84.1,95.6,96.1,97.7,90.6,92.1,96.1,96.9,98.7,98.7,98.7,94.1,93.7,99.2,97.3,97.9,98,98.8,98.5,99.3,96.7,98.4,100,99.6,99.3,99.4,99.1,99.2,99.1,98.5,98.6,95.2,95.8,93.9,94.1,96.2,95.4,94.6,96.9,96.2,96,95.4,94,93.2,93.6,97.2,92,94.8,96.4,93.6,93.8,93.8,95,95,99.3,96.5,98,93.1,99.4,95.9,93.7,93.4,88.6,90.1,94.6,94.9,91.4,92.6,98.1,95.3,96.2,98.1,97.5,99.1,98.8,100,100,96.5,96.2,96.3,97.6,97.4,NA,NA,NA,NA,NA,NA,NA,NA,NA,NA,NA,NA,NA,NA,NA,NA,NA,NA,NA,NA,NA,NA,NA,NA,NA,NA,NA,NA,NA,NA,NA,NA,NA,NA,NA,NA,NA,NA,NA,NA,NA,NA,NA,NA,NA,NA,NA,NA,NA,NA,NA,NA,NA,NA,NA,NA,NA,NA,NA,NA,NA,NA,NA,NA,NA,NA,NA,NA,NA,NA,NA,NA,NA,NA,NA,NA,NA,NA,NA,NA,NA,NA,NA
6. Households with electricity (%),72.4,74.1,84.2,87.3,94.9,88.6,90.2,95.2,96,95.8,92.8,93.8,94,94,99.3,89.1,92.7,96.7,94.6,95.3,98.6,93.9,97.2,94.9,96.3,95.5,96.2,92.7,93.5,98.2,88.3,91.6,88.2,89.6,86.9,88.2,82.2,84.3,94.8,90.3,91.7,82.3,84,98.8,92.8,95.7,96.6,86.8,92.2,92.7,90.6,92.1,92.1,99.2,99.2,93.9,94.1,94,97.2,93.4,95.9,90.6,92.2,89.7,90.6,92.4,93.1,86.6,87.8,96,85.6,88.9,94.1,93.6,96.6,96.1,98.6,98.2,94.2,97,96.1,89.6,91.6,NA,NA,NA,NA,NA,NA,NA,NA,NA,NA,NA,NA,NA,NA,NA,NA,NA,NA,NA,NA,NA,NA,NA,NA,NA,NA,NA,NA,NA,NA,NA,NA,NA,NA,NA,NA,NA,NA,NA,NA,NA,NA,NA,NA,NA,NA,NA,NA,NA,NA,NA,NA,NA,NA,NA,NA,NA,NA,NA,NA,NA,NA,NA,NA,NA,NA,NA,NA,NA,NA,NA,NA,NA,NA,NA,NA,NA,NA,NA,NA,NA,NA,NA
7. Households with an improved drinking-water source1 (%),84.2,83.7,92.2,93.8,98.7,95,96,84.9,86.8,98.8,96.7,97.4,85.6,88.1,97.8,94.7,95.8,98.1,91.7,93.7,95.3,95.6,95.4,83.7,85.9,76.9,78.8,84.1,86.1,94.1,79,84,76.4,80.8,87.8,88.3,84.3,86,92.4,88.8,89.9,67,72.6,95.5,82,88.4,99.2,78.1,89.7,97.9,92,99.2,99.2,99.6,99.6,96.8,89.7,93.6,99.1,88.4,95.3,84.3,86.1,82.8,86.1,92.3,93,88.3,89,96.4,82.5,86.9,93.6,93,82.9,85,74.1,75.1,99,93.5,95.4,94.2,95.8,NA,NA,NA,NA,NA,NA,NA,NA,NA,NA,NA,NA,NA,NA,NA,NA,NA,NA,NA,NA,NA,NA,NA,NA,NA,NA,NA,NA,NA,NA,NA,NA,NA,NA,NA,NA,NA,NA,NA,NA,NA,NA,NA,NA,NA,NA,NA,NA,NA,NA,NA,NA,NA,NA,NA,NA,NA,NA,NA,NA,NA,NA,NA,NA,NA,NA,NA,NA,NA,NA,NA,NA,NA,NA,NA,NA,NA,NA,NA,NA,NA,NA,NA
8. Households using improved sanitation facility2 (%),18.6,23.6,21.3,32,58.6,36.2,42.1,40.3,45.7,63,38,46.5,34,41.5,80.6,55.6,64.5,64.9,53.1,56.9,77.3,56.6,71.1,64.2,67.3,51.9,55.4,27.9,32.6,83.4,39.2,53.9,34.3,43.7,33.9,43.8,35.1,40.3,57.6,23.6,34,30,34,61.3,30.8,45.3,64.1,38.9,52.8,72,64.7,26.7,26.7,39.2,39.2,91.8,55.7,75.4,64.9,60.9,63.5,45.5,50.8,35.9,39.7,34.9,39.7,25.3,27.3,60.3,44.3,49.3,64,63.8,63.8,67.8,76.1,77.6,78.5,61.3,67,66.4,68.8,NA,NA,NA,NA,NA,NA,NA,NA,NA,NA,NA,NA,NA,NA,NA,NA,NA,NA,NA,NA,NA,NA,NA,NA,NA,NA,NA,NA,NA,NA,NA,NA,NA,NA,NA,NA,NA,NA,NA,NA,NA,NA,NA,NA,NA,NA,NA,NA,NA,NA,NA,NA,NA,NA,NA,NA,NA,NA,NA,NA,NA,NA,NA,NA,NA,NA,NA,NA,NA,NA,NA,NA,NA,NA,NA,NA,NA,NA,NA,NA,NA,NA,NA
9. Households using clean fuel for cooking3 (%),12,19.1,26.2,41,85.4,41.2,52.9,21.1,33.1,81.4,23.4,43.1,22.9,33.9,83.1,32.2,50.3,83.6,41.5,54.9,87.6,48.1,75.7,30.3,47.7,17.1,23.8,14.5,22.4,85.1,28.2,47.2,23.8,37.2,14.5,32.4,16,25.6,63.6,10.3,26.6,9.9,20.7,84.7,27.4,54.6,87.1,39.4,65.7,87,76.7,87.1,87.1,89.2,89.2,93,54.8,75.6,93.4,59.8,81.4,49.8,57.8,19.4,28,21.9,32.4,25.2,31.8,82.4,36.2,50.7,48.4,57,22.4,34.2,28.7,38.7,92.7,49.5,64,51.4,63.2,NA,NA,NA,NA,NA,NA,NA,NA,NA,NA,NA,NA,NA,NA,NA,NA,NA,NA,NA,NA,NA,NA,NA,NA,NA,NA,NA,NA,NA,NA,NA,NA,NA,NA,NA,NA,NA,NA,NA,NA,NA,NA,NA,NA,NA,NA,NA,NA,NA,NA,NA,NA,NA,NA,NA,NA,NA,NA,NA,NA,NA,NA,NA,NA,NA,NA,NA,NA,NA,NA,NA,NA,NA,NA,NA,NA,NA,NA,NA,NA,NA,NA,NA
10. Households using iodized salt (%),98.7,98.5,96.1,96.9,99.7,98.2,98.6,99.7,99.6,99.8,98.1,98.7,96.8,97.2,99.5,95.8,97.1,98.1,99,98.7,94.4,94.5,94.4,98.7,99,98.7,98.8,98.1,98.2,98.6,99.5,99.2,97.4,98,94.7,95.8,99.1,98.9,98,99.6,99.1,99.7,99.8,98.8,97.8,98.2,99,95,97.2,98.2,93.5,99.6,99.6,98.1,98.1,99.4,87.1,93.8,98.8,90.2,95.7,94.7,94.9,94.9,95.4,97.5,97.4,98.5,98.6,96.2,96.4,96.4,91.8,93.3,82.2,85.1,86.3,88.1,98.6,93.1,94.9,94.8,96.2,NA,NA,NA,NA,NA,NA,NA,NA,NA,NA,NA,NA,NA,NA,NA,NA,NA,NA,NA,NA,NA,NA,NA,NA,NA,NA,NA,NA,NA,NA,NA,NA,NA,NA,NA,NA,NA,NA,NA,NA,NA,NA,NA,NA,NA,NA,NA,NA,NA,NA,NA,NA,NA,NA,NA,NA,NA,NA,NA,NA,NA,NA,NA,NA,NA,NA,NA,NA,NA,NA,NA,NA,NA,NA,NA,NA,NA,NA,NA,NA,NA,NA,NA
11. Households with any usual member covered by a health scheme or health insurance (%),13.5,12.5,23.7,22.7,15.1,10.2,11.5,20.3,18.8,12.5,18,16.1,19.1,17.6,15.9,29,24.3,11.1,16.5,14.8,19.5,14.5,18,15.8,16.1,15.7,16,19.9,19.6,16.1,8.8,11.3,14.9,14.9,19.7,18.9,13.8,14.4,10.1,10.4,10.3,12.2,11.2,9.5,9.4,9.5,15.3,8.5,12.3,17.2,15.7,12.4,12.4,14.7,14.7,25.9,10.5,18.9,26.6,12.2,21.4,9.7,10,12.8,13.1,22.2,19.7,6.9,6.8,15.3,24.3,21.5,8.2,8.9,10.7,9.8,9.9,10.8,13.7,8.4,10.1,10.9,10.3,NA,NA,NA,NA,NA,NA,NA,NA,NA,NA,NA,NA,NA,NA,NA,NA,NA,NA,NA,NA,NA,NA,NA,NA,NA,NA,NA,NA,NA,NA,NA,NA,NA,NA,NA,NA,NA,NA,NA,NA,NA,NA,NA,NA,NA,NA,NA,NA,NA,NA,NA,NA,NA,NA,NA,NA,NA,NA,NA,NA,NA,NA,NA,NA,NA,NA,NA,NA,NA,NA,NA,NA,NA,NA,NA,NA,NA,NA,NA,NA,NA,NA,NA
12. Women who are literate (%),42.3,46.1,52.5,60.9,82.2,68.9,72.6,74.3,77.7,88.5,82,84.5,73.6,77,90.5,81.9,85.3,85.1,81.8,82.9,89.4,90,89.6,86.8,90.6,83.5,83.5,70.1,72.6,90.8,74.6,80.5,71.8,75.8,72.9,75.3,65.8,69,81.4,65.8,70.7,63.5,65.7,83.7,72.8,78.3,88.3,75,82.2,82.4,78.4,82,82,90.5,90.5,92.1,76.5,84.9,90.2,82.9,87.6,79.3,80.3,63.6,67,75.2,77.1,76.3,78.2,83.2,72.5,76.4,84.8,85.4,83.8,85.1,90.3,91,90.3,81.5,84.3,84.8,85.6,NA,NA,NA,NA,NA,NA,NA,NA,NA,NA,NA,NA,NA,NA,NA,NA,NA,NA,NA,NA,NA,NA,NA,NA,NA,NA,NA,NA,NA,NA,NA,NA,NA,NA,NA,NA,NA,NA,NA,NA,NA,NA,NA,NA,NA,NA,NA,NA,NA,NA,NA,NA,NA,NA,NA,NA,NA,NA,NA,NA,NA,NA,NA,NA,NA,NA,NA,NA,NA,NA,NA,NA,NA,NA,NA,NA,NA,NA,NA,NA,NA,NA,NA
13. Men who are literate (%),53.4,57.2,84.1,87,93.7,83,86.2,89.4,87.6,90.4,90.5,90.5,92,93.5,89.5,88.8,89.1,89.1,85.4,86.9,98,96.4,97.4,90.2,92.8,89.7,91,90,91.3,100,84.6,90.1,92,92.8,86.7,88.5,92.5,92.3,91.7,81.7,84.7,90.3,88.3,92.6,94.5,93.6,92.8,91.4,92,91.3,92.8,94.5,94.5,98.1,98.1,97.5,88.7,92.3,98.3,98.9,98.5,92.4,95.1,95.2,92.3,91.6,93.1,92.5,93.2,93.9,93.3,93.5,100,99.3,96,93.7,98.2,98.4,97.1,89,91.9,95.7,95.2,NA,NA,NA,NA,NA,NA,NA,NA,NA,NA,NA,NA,NA,NA,NA,NA,NA,NA,NA,NA,NA,NA,NA,NA,NA,NA,NA,NA,NA,NA,NA,NA,NA,NA,NA,NA,NA,NA,NA,NA,NA,NA,NA,NA,NA,NA,NA,NA,NA,NA,NA,NA,NA,NA,NA,NA,NA,NA,NA,NA,NA,NA,NA,NA,NA,NA,NA,NA,NA,NA,NA,NA,NA,NA,NA,NA,NA,NA,NA,NA,NA,NA,NA
14. Women with 10 or more years of schooling (%),21.4,24.8,21.5,29.6,43.7,27.3,32,26.3,32.1,53.4,39.6,44.9,32.6,38.4,58.9,42.5,49,50.9,38.1,42.6,57.6,41.5,53.1,48.3,57.7,40.6,43.9,33.5,35.9,63.3,31.5,43.1,29.1,36.6,20.8,27.3,20.3,25.1,39.1,15.8,23.1,21.5,24.7,46.4,36,41.3,43.5,35.6,39.9,54.5,47.1,43.3,43.3,52.9,52.9,65.2,31.6,49.8,60.3,39.3,52.8,42.5,44.7,29.7,31,33.1,34.1,34.7,37.7,45.3,29.4,35.1,35.4,38.9,27.5,33,40.7,46,56.9,38.4,44.3,44.3,47.4,NA,NA,NA,NA,NA,NA,NA,NA,NA,NA,NA,NA,NA,NA,NA,NA,NA,NA,NA,NA,NA,NA,NA,NA,NA,NA,NA,NA,NA,NA,NA,NA,NA,NA,NA,NA,NA,NA,NA,NA,NA,NA,NA,NA,NA,NA,NA,NA,NA,NA,NA,NA,NA,NA,NA,NA,NA,NA,NA,NA,NA,NA,NA,NA,NA,NA,NA,NA,NA,NA,NA,NA,NA,NA,NA,NA,NA,NA,NA,NA,NA,NA,NA
15. Women age 20-24 years married before age 18 years (%),24.6,23.7,41.2,34.7,24.3,37.7,34.2,37.3,36.1,7.4,15,12.4,25,25.5,10.7,18.4,15.7,10.4,4.4,7.1,6.1,9.5,7,5.4,4.5,6.4,5.7,9.5,8.8,5.9,24.8,18.6,20.8,20.8,41.8,39.8,42.1,40.7,24.5,49.5,41.3,53.7,47.1,34.8,57.1,44.3,31.2,27.6,29.9,16.9,20.4,14.6,14.6,10.6,10.6,10.5,26,16.6,16.3,34.6,23.6,42.1,38.7,48.6,51.2,38.7,36.5,30.8,31.1,25.8,40.5,34.5,24.4,22.6,6.9,8.6,8.4,8.3,26,33.3,30.9,24.7,25.4,NA,NA,NA,NA,NA,NA,NA,NA,NA,NA,NA,NA,NA,NA,NA,NA,NA,NA,NA,NA,NA,NA,NA,NA,NA,NA,NA,NA,NA,NA,NA,NA,NA,NA,NA,NA,NA,NA,NA,NA,NA,NA,NA,NA,NA,NA,NA,NA,NA,NA,NA,NA,NA,NA,NA,NA,NA,NA,NA,NA,NA,NA,NA,NA,NA,NA,NA,NA,NA,NA,NA,NA,NA,NA,NA,NA,NA,NA,NA,NA,NA,NA,NA
16. Men age 25-29 years married before age 21 years (%),NA,NA,25.4,21.9,NA,NA,NA,NA,NA,NA,NA,3.1,NA,NA,NA,NA,NA,NA,NA,NA,NA,NA,NA,NA,NA,NA,NA,NA,NA,NA,NA,NA,NA,NA,NA,28.7,NA,NA,NA,NA,25,NA,NA,NA,NA,30.2,NA,NA,NA,NA,NA,NA,NA,NA,NA,NA,NA,NA,NA,NA,NA,NA,NA,NA,NA,NA,NA,15.4,13.9,NA,NA,10.4,NA,NA,NA,NA,NA,NA,NA,NA,NA,NA,NA,*,*,NA,NA,*,*,*,*,*,*,*,NA,*,*,*,*,*,*,*,*,*,*,*,*,*,*,*,*,*,*,*,*,*,*,*,NA,*,*,*,*,NA,*,*,*,*,NA,*,*,*,*,*,*,*,*,*,*,*,*,*,*,*,*,*,*,*,*,*,NA,NA,*,*,NA,*,*,*,*,*,*,*,*,*,*,*
17. Women age 15-19 years who were already mothers or pregnant at the time of the survey (%),9.4,10.1,14.6,12.4,9.4,16,13.8,8.4,8.3,5.4,7.3,6.5,6.7,7.5,1.1,6.8,4.3,4.5,1.6,2.6,1.8,1.3,1.6,1.7,2,5.1,4.4,1.7,1.5,3.6,6.4,5.4,7.3,7,13.7,11.8,15.4,15.3,10.6,11.5,11.2,23.5,21.5,10.2,19,14.9,5.4,11.1,8.3,2.6,2.6,9.9,9.9,0,0,0,11.6,5.9,7.1,3.2,5.5,12.8,13.2,13.5,18.2,12.9,13.4,12.7,11,4.5,20.8,16.2,6.7,5.1,1.8,2.3,1.3,1.2,1.8,12.5,9.5,13.9,13,NA,NA,NA,NA,NA,NA,NA,NA,NA,NA,NA,NA,NA,NA,NA,NA,NA,NA,NA,NA,NA,NA,NA,NA,NA,NA,NA,NA,NA,NA,NA,NA,NA,NA,NA,NA,NA,NA,NA,NA,NA,NA,NA,NA,NA,NA,NA,NA,NA,NA,NA,NA,NA,NA,NA,NA,NA,NA,NA,NA,NA,NA,NA,NA,NA,NA,NA,NA,NA,NA,NA,NA,NA,NA,NA,NA,NA,NA,NA,NA,NA,NA,NA
18. Any method (%),55.3,55.3,62.9,63.8,58.2,67.9,65.3,76.8,73.4,65.7,68.5,67.4,75.6,75.5,71.1,73.3,72.4,71.9,81.4,78.2,64.7,78.9,69.1,76.9,77.4,68.2,67.7,73.2,75.1,72.8,73.4,73.2,72.9,71.6,61.3,60.9,67.1,66.9,68,70.3,69.6,67.3,65,62.5,66.7,64.6,64.6,70.6,67.5,64.9,65.5,64.9,64.9,59.6,59.6,61.4,66.1,63.6,69.4,72.7,70.6,45.4,48.4,68.5,67.1,67.7,67.4,72.1,70.3,61.1,66.2,64.4,64.5,62.5,37.3,38.3,49.7,50,50.4,55.2,53.7,52.7,52,NA,NA,NA,NA,NA,NA,NA,NA,NA,NA,NA,NA,NA,NA,NA,NA,NA,NA,NA,NA,NA,NA,NA,NA,NA,NA,NA,NA,NA,NA,NA,NA,NA,NA,NA,NA,NA,NA,NA,NA,NA,NA,NA,NA,NA,NA,NA,NA,NA,NA,NA,NA,NA,NA,NA,NA,NA,NA,NA,NA,NA,NA,NA,NA,NA,NA,NA,NA,NA,NA,NA,NA,NA,NA,NA,NA,NA,NA,NA,NA,NA,NA,NA
19. Any modern method (%),53.4,53.3,61.3,62.1,55.9,67.2,64.2,72.9,69.9,62.8,67.3,65.7,74.7,74.6,68.7,72,70.7,68.3,79,75.5,63.5,77.8,67.9,75.1,73.1,65.9,65.6,71.9,73.8,67.5,72.2,70.6,71.7,69.9,60.9,59.5,66.1,66,67.5,68.6,68.3,66.4,64,61.6,64.3,63,63,69.2,66,59.5,61,59.6,59.6,53.1,53.1,57.1,63.4,60,69.1,71,69.8,44.3,47.5,66.9,65.3,66.2,65.5,70.8,69,60.7,64.9,63.4,64.3,62.3,37.3,38.3,49,48.4,49.8,54.7,53.2,52.7,51.8,NA,NA,NA,NA,NA,NA,NA,NA,NA,NA,NA,NA,NA,NA,NA,NA,NA,NA,NA,NA,NA,NA,NA,NA,NA,NA,NA,NA,NA,NA,NA,NA,NA,NA,NA,NA,NA,NA,NA,NA,NA,NA,NA,NA,NA,NA,NA,NA,NA,NA,NA,NA,NA,NA,NA,NA,NA,NA,NA,NA,NA,NA,NA,NA,NA,NA,NA,NA,NA,NA,NA,NA,NA,NA,NA,NA,NA,NA,NA,NA,NA,NA,NA
20. Female sterilization (%),48.7,47.8,56,53.9,42.1,56.5,52.7,55.6,50.4,45.6,55.2,51.7,64.4,62,52,59,56.3,52.5,71.2,65,45.5,68.1,52.4,60.3,58,55.7,55,61.8,62.8,54.6,66.3,62.3,66.7,60.5,57.1,54.3,59,57.3,46,60.5,56.1,54.9,50.7,36.7,47.1,42,42.4,61.6,51.6,45.6,47.3,43.5,43.5,36.1,36.1,39.6,55.1,46.7,52.2,60.9,55.5,38,40.3,57.6,54.2,59.6,58.1,61.5,59.7,55.5,60.2,58.6,60,56.9,33.1,34,43.5,42.6,40.9,50.6,47.6,47.9,45.4,NA,NA,NA,NA,NA,NA,NA,NA,NA,NA,NA,NA,NA,NA,NA,NA,NA,NA,NA,NA,NA,NA,NA,NA,NA,NA,NA,NA,NA,NA,NA,NA,NA,NA,NA,NA,NA,NA,NA,NA,NA,NA,NA,NA,NA,NA,NA,NA,NA,NA,NA,NA,NA,NA,NA,NA,NA,NA,NA,NA,NA,NA,NA,NA,NA,NA,NA,NA,NA,NA,NA,NA,NA,NA,NA,NA,NA,NA,NA,NA,NA,NA,NA
21. Male sterilization (%),1.4,1.2,0.8,0.7,0,0.6,0.5,1.4,1.2,0,0.7,0.4,0.4,0.3,0.5,3.1,2.1,0.3,3,2.1,0.2,0,0.1,8.8,8,6.9,6.8,5.4,5.6,1,2.4,1.9,0,0,0,0,0,0,0.3,0.2,0.2,0,0,0,0,0,0,0,0,0.3,0.2,0,0,0,0,0,0,0,0,0,0,0,0,0,0,0,0,0,0,0,0,0,0.5,0.4,0.2,0.2,0.2,0.2,0,0,0,0,0,NA,NA,NA,NA,NA,NA,NA,NA,NA,NA,NA,NA,NA,NA,NA,NA,NA,NA,NA,NA,NA,NA,NA,NA,NA,NA,NA,NA,NA,NA,NA,NA,NA,NA,NA,NA,NA,NA,NA,NA,NA,NA,NA,NA,NA,NA,NA,NA,NA,NA,NA,NA,NA,NA,NA,NA,NA,NA,NA,NA,NA,NA,NA,NA,NA,NA,NA,NA,NA,NA,NA,NA,NA,NA,NA,NA,NA,NA,NA,NA,NA,NA,NA
22. IUD/PPIUD (%),0.2,0.3,0.7,1.4,2.1,2.3,2.2,0.7,1.3,1.6,1,1.2,0.7,1.1,2.3,1.5,1.8,2,1,1.3,1.3,0,0.9,0.6,0.4,0,0,0.4,0.8,1,0.4,0.6,0.3,0.8,0.3,1,0.8,0.9,3.5,1.2,1.9,0,1.3,3.9,0.9,2.4,4.5,0.6,2.6,1.6,1.8,1.6,1.6,2,2,4.7,1.1,3,1.6,1.9,1.7,1.8,2.1,1.4,2.2,1.9,1.8,2.5,2.7,1.9,0.6,1,1.3,1.3,0.6,0.5,1.1,1.2,2.3,1.4,1.7,1.2,1.6,NA,NA,NA,NA,NA,NA,NA,NA,NA,NA,NA,NA,NA,NA,NA,NA,NA,NA,NA,NA,NA,NA,NA,NA,NA,NA,NA,NA,NA,NA,NA,NA,NA,NA,NA,NA,NA,NA,NA,NA,NA,NA,NA,NA,NA,NA,NA,NA,NA,NA,NA,NA,NA,NA,NA,NA,NA,NA,NA,NA,NA,NA,NA,NA,NA,NA,NA,NA,NA,NA,NA,NA,NA,NA,NA,NA,NA,NA,NA,NA,NA,NA,NA
23. Pill (%),0.7,1,1.5,1.7,1.9,1.8,1.8,3.3,3.5,3.7,1.3,2.2,0.2,0.3,2.5,1.6,1.9,2,0.3,0.9,1.2,1.9,1.4,0.8,0.9,0.4,0.3,0.9,0.7,0.9,0.2,0.5,1.3,1.3,0.7,0.9,1,1.3,4.6,1.8,2.7,2.3,2.3,6.1,4.8,5.4,4.7,2.6,3.7,1.7,2.9,5.3,5.3,3.1,3.1,3.7,1.6,2.8,3.4,2,2.9,1.7,1.5,0.9,2.1,1.5,1.6,1.1,1,1.4,1.1,1.2,0.8,1,0.9,0.7,0.5,0.6,0.8,0.3,0.5,0.8,0.6,NA,NA,NA,NA,NA,NA,NA,NA,NA,NA,NA,NA,NA,NA,NA,NA,NA,NA,NA,NA,NA,NA,NA,NA,NA,NA,NA,NA,NA,NA,NA,NA,NA,NA,NA,NA,NA,NA,NA,NA,NA,NA,NA,NA,NA,NA,NA,NA,NA,NA,NA,NA,NA,NA,NA,NA,NA,NA,NA,NA,NA,NA,NA,NA,NA,NA,NA,NA,NA,NA,NA,NA,NA,NA,NA,NA,NA,NA,NA,NA,NA,NA,NA
24. Condom (%),2.2,2.9,2.1,4.2,9.5,6,6.9,11.8,13.4,11.5,9.1,9.9,8.6,10.5,11.5,6.8,8.6,11.3,3.5,6.1,15.3,7.8,13,4.6,5.8,2.9,3.5,3.5,3.9,10,2.9,5.3,3.2,7,2.8,3.5,5.3,6.5,12.6,4,6.6,9.1,9.6,13.9,10.6,12.2,9.9,4.5,7.3,10.3,8.8,8.9,8.9,11.7,11.7,8,5.3,6.7,10.3,5.1,8.4,2.5,3.4,6.7,6.5,2.9,3.6,5.5,5.5,1.5,2.5,2.2,1.8,2.7,2.4,2.8,3.7,3.9,5.9,2.3,3.4,2.9,3.7,NA,NA,NA,NA,NA,NA,NA,NA,NA,NA,NA,NA,NA,NA,NA,NA,NA,NA,NA,NA,NA,NA,NA,NA,NA,NA,NA,NA,NA,NA,NA,NA,NA,NA,NA,NA,NA,NA,NA,NA,NA,NA,NA,NA,NA,NA,NA,NA,NA,NA,NA,NA,NA,NA,NA,NA,NA,NA,NA,NA,NA,NA,NA,NA,NA,NA,NA,NA,NA,NA,NA,NA,NA,NA,NA,NA,NA,NA,NA,NA,NA,NA,NA
25. Total unmet need (%),12.3,11.7,7.8,8.5,13.7,10,11,4.9,5.9,6.8,9.1,8.3,6.9,6.5,6.9,6.6,6.7,5.9,4,4.6,9.1,7.9,8.7,4.1,5.6,9.4,8.8,6.3,5.5,9.2,7,7.7,7.1,8.2,10.2,10.4,7.1,7.7,8.5,7,7.5,8.6,8.6,9.4,8.8,9.1,12.5,7.8,10.2,10.5,9.9,12.3,12.3,13.7,13.7,11.1,6,8.7,8.3,8.9,8.5,11.6,12.1,8.1,8.4,8.3,8.9,7.7,7.6,10.5,6.9,8.2,11.6,12.2,16.7,15.8,10.7,12,17.3,8.5,11.2,9.4,10.9,NA,NA,NA,NA,NA,NA,NA,NA,NA,NA,NA,NA,NA,NA,NA,NA,NA,NA,NA,NA,NA,NA,NA,NA,NA,NA,NA,NA,NA,NA,NA,NA,NA,NA,NA,NA,NA,NA,NA,NA,NA,NA,NA,NA,NA,NA,NA,NA,NA,NA,NA,NA,NA,NA,NA,NA,NA,NA,NA,NA,NA,NA,NA,NA,NA,NA,NA,NA,NA,NA,NA,NA,NA,NA,NA,NA,NA,NA,NA,NA,NA,NA,NA
26. Unmet need for spacing (%),5.1,4.8,4.9,4.8,6.7,5.4,5.8,2.2,1.9,1.8,4.5,3.6,3.9,3.7,2.3,4.6,3.7,3.7,2.3,2.7,4.1,5.1,4.4,1.9,2.6,4.4,4.2,4,3.5,3.8,5.3,4.8,4.5,5,4.7,5,3.6,3.9,2.6,3.6,3.3,4.4,3.8,3.7,2.5,3.1,4.3,2.6,3.5,3.4,3.6,5.2,5.2,3.1,3.1,4.6,2,3.4,5,5.3,5.1,3.1,4,4.3,4.1,6.3,6,4.4,4,5.6,4.5,4.9,7.1,7.1,7.3,6.6,5.5,6,3.8,3.3,3.5,2.8,3.6,NA,NA,NA,NA,NA,NA,NA,NA,NA,NA,NA,NA,NA,NA,NA,NA,NA,NA,NA,NA,NA,NA,NA,NA,NA,NA,NA,NA,NA,NA,NA,NA,NA,NA,NA,NA,NA,NA,NA,NA,NA,NA,NA,NA,NA,NA,NA,NA,NA,NA,NA,NA,NA,NA,NA,NA,NA,NA,NA,NA,NA,NA,NA,NA,NA,NA,NA,NA,NA,NA,NA,NA,NA,NA,NA,NA,NA,NA,NA,NA,NA,NA,NA
27. Health worker ever talked to female non-users about family planning5 (%),21.7,21,32.3,29.1,13,16.5,15.2,16.7,19.8,15.3,23,19.8,22.1,20.3,15.3,22.5,19.4,27.6,31.8,30.1,15.7,14.1,15.4,26.6,24.7,22.8,21.3,30.1,28.3,36.2,20,26.6,27.7,26.1,25,21.7,13.6,13.8,22.8,22.7,22.7,19.1,17.1,23.6,21.4,22.7,13.4,13.3,13.4,9.9,11.6,24.9,24.9,27.7,27.7,9.8,20.4,14.8,16.4,11.9,14.9,16.9,18.1,30,28.1,21.8,19,17,21.2,17.9,17.1,17.4,13.9,11.7,15.2,14.7,24.6,24.1,11.1,14,13.1,15.2,15.3,NA,NA,NA,NA,NA,NA,NA,NA,NA,NA,NA,NA,NA,NA,NA,NA,NA,NA,NA,NA,NA,NA,NA,NA,NA,NA,NA,NA,NA,NA,NA,NA,NA,NA,NA,NA,NA,NA,NA,NA,NA,NA,NA,NA,NA,NA,NA,NA,NA,NA,NA,NA,NA,NA,NA,NA,NA,NA,NA,NA,NA,NA,NA,NA,NA,NA,NA,NA,NA,NA,NA,NA,NA,NA,NA,NA,NA,NA,NA,NA,NA,NA,NA
28. Current users ever told about side effects of current method (%),28.6,29.3,39.1,42.5,44.7,40.9,41.8,36.5,38.8,21.7,33.5,30.5,54,50.6,32.1,23.7,26.7,32,28.9,29.7,24.9,25.1,25,54,46.6,35.5,36.5,63.3,59.5,NA,17.6,22.6,45.7,45,24.9,22.7,15.5,17,31.9,28.6,29.5,23.2,20.1,59.4,42.7,50.1,18.1,19.3,18.7,31.5,33.4,56.1,56.1,51.4,51.4,41.6,13.7,31.9,50.1,28.6,40.8,44.7,49.1,38.7,42.5,31.8,34.6,32,35.2,27.1,22.1,23.7,27.7,26.8,37.6,37.5,62.3,63.2,19.5,44.1,35.9,27.9,36.5,NA,NA,NA,NA,NA,NA,NA,NA,NA,NA,NA,NA,NA,NA,NA,NA,NA,NA,NA,NA,NA,NA,NA,NA,NA,NA,NA,NA,NA,*,NA,NA,NA,NA,NA,NA,NA,NA,NA,NA,NA,NA,NA,NA,NA,NA,NA,NA,NA,NA,NA,NA,NA,NA,NA,NA,NA,NA,NA,NA,NA,NA,NA,NA,NA,NA,NA,NA,NA,NA,NA,NA,NA,NA,NA,NA,NA,NA,NA,NA,NA,NA,NA
29. Mothers who had antenatal check-up in the first trimester (%),53.5,53.7,52.3,55.8,59.3,62.1,61.5,72.2,72.3,84.9,78.9,80.8,70.9,72.4,82.7,61.2,68.2,62.8,63.7,63.4,88.9,85.9,88,78,77.1,70.2,68.9,80.9,82,66.6,67.5,67.3,65.9,66.3,68.3,71.3,64,64.6,76.5,70.5,72.4,63.6,63.9,67.5,71.6,69.6,84.2,66.3,76,58.9,60.3,57.5,57.5,60.6,60.6,62.7,59.2,61.2,88.9,87.3,88.2,57,59.3,60.1,62,62.3,63.5,54.7,55.3,66.5,66.2,66.3,70.6,70.1,66.1,66.7,69.3,72,54.9,63.4,60.6,67.1,67.5,NA,NA,NA,NA,NA,NA,NA,NA,NA,NA,NA,NA,NA,NA,NA,NA,NA,NA,NA,NA,NA,NA,NA,NA,NA,NA,NA,NA,NA,NA,NA,NA,NA,NA,NA,NA,NA,NA,NA,NA,NA,NA,NA,NA,NA,NA,NA,NA,NA,NA,NA,NA,NA,NA,NA,NA,NA,NA,NA,NA,NA,NA,NA,NA,NA,NA,NA,NA,NA,NA,NA,NA,NA,NA,NA,NA,NA,NA,NA,NA,NA,NA,NA
30. Mothers who had at least 4 antenatal care visits (%),52.6,52.5,59.8,62.5,72,62.4,64.6,74.9,74.5,84.7,78.4,80.4,65.3,67.5,81.9,72.6,75.7,69.5,82,77.3,75.1,94.8,81.1,81.1,83.4,75.2,76,76.5,76.6,93,74.8,79.9,66.7,71.4,67.6,70.5,62.8,63.7,77.1,80.3,79.3,64.6,64.2,78.1,63.8,70.6,52.6,65.8,58.6,73,70.8,82,82,80.7,80.7,71.9,64.8,68.9,85.7,83.2,84.5,59,63.3,71.1,72.9,74.6,74.9,71.9,74.8,76.6,72.4,73.8,68.7,68.9,72.9,72,77.1,78.9,68.5,69.5,69.1,63.5,65.5,NA,NA,NA,NA,NA,NA,NA,NA,NA,NA,NA,NA,NA,NA,NA,NA,NA,NA,NA,NA,NA,NA,NA,NA,NA,NA,NA,NA,NA,NA,NA,NA,NA,NA,NA,NA,NA,NA,NA,NA,NA,NA,NA,NA,NA,NA,NA,NA,NA,NA,NA,NA,NA,NA,NA,NA,NA,NA,NA,NA,NA,NA,NA,NA,NA,NA,NA,NA,NA,NA,NA,NA,NA,NA,NA,NA,NA,NA,NA,NA,NA,NA,NA
31. Mothers whose last birth was protected against neonatal tetanus6 (%),80.5,81.9,86,85.4,84.2,92.4,90.5,87.2,89.1,93.7,95.7,95.1,94.2,95,98,97.1,97.4,84,93.8,90.1,97.4,97.9,97.5,95.5,96.6,95.6,95.3,98.8,98.9,96.3,92,93.2,96.2,94,93.7,93.1,93.7,94.2,91.6,93.1,92.6,88.7,90.1,93,91.9,92.4,93.7,85.7,90,83.5,86.2,87.1,87.1,91.6,91.6,91.5,94.1,92.6,90.4,92.1,91.2,86.2,87.4,85.3,88.1,89.5,88,87.8,89.2,87.9,92.1,90.7,91.8,91.2,85.4,85.7,79.9,82.2,92.2,88.7,89.9,89.5,92.4,NA,NA,NA,NA,NA,NA,NA,NA,NA,NA,NA,NA,NA,NA,NA,NA,NA,NA,NA,NA,NA,NA,NA,NA,NA,NA,NA,NA,NA,NA,NA,NA,NA,NA,NA,NA,NA,NA,NA,NA,NA,NA,NA,NA,NA,NA,NA,NA,NA,NA,NA,NA,NA,NA,NA,NA,NA,NA,NA,NA,NA,NA,NA,NA,NA,NA,NA,NA,NA,NA,NA,NA,NA,NA,NA,NA,NA,NA,NA,NA,NA,NA,NA
32. Mothers who consumed iron folic acid for 100 days or more when they were pregnant (%),38.5,39,12.1,15.7,32.6,41.8,39.7,20.5,21.6,33.1,34.1,33.8,34,37,43.5,53.4,50.2,40.6,48,45.2,52.1,53.4,52.5,32.4,40.5,69.8,70,49.6,48.1,37,51,47,32.1,34.8,41.1,39.3,43.4,42.8,37.9,27.9,31.1,45.8,45.6,16.2,23.1,19.8,42.5,39.3,41,56.1,44.5,36.7,36.7,52.7,52.7,42.5,53.4,47.2,53,59.2,55.9,19.9,22.5,21.4,22.3,40.5,40.5,37.7,37.4,56.9,47.8,50.9,31.3,33.7,57.3,52.4,27.4,28.6,49.1,45.2,46.5,37.8,39.4,NA,NA,NA,NA,NA,NA,NA,NA,NA,NA,NA,NA,NA,NA,NA,NA,NA,NA,NA,NA,NA,NA,NA,NA,NA,NA,NA,NA,NA,NA,NA,NA,NA,NA,NA,NA,NA,NA,NA,NA,NA,NA,NA,NA,NA,NA,NA,NA,NA,NA,NA,NA,NA,NA,NA,NA,NA,NA,NA,NA,NA,NA,NA,NA,NA,NA,NA,NA,NA,NA,NA,NA,NA,NA,NA,NA,NA,NA,NA,NA,NA,NA,NA
33. Mothers who had full antenatal care7 (%),26.5,26.1,9.5,11.8,27.1,33.8,32.2,13.8,14.8,28.8,30.8,30.1,22.4,25.2,37.7,41,39.9,31.7,40.3,37,49.6,50.2,49.8,25.9,34.5,57.8,58.9,45.5,44.5,37,48.9,45.5,23.5,26.6,28.3,27.2,32.9,31.9,30.1,21.1,24,34.2,33.1,12.5,20.1,16.4,24.3,28.2,26,46.4,37.6,31.3,31.3,43.5,43.5,36.3,40,37.9,48.5,51.4,49.9,12.7,15.3,15.6,16.1,33.1,33.6,30,30.9,46.4,37.5,40.5,23.9,24,37.3,33.8,22.3,23.3,38.1,36.9,37.3,24.6,26.3,NA,NA,NA,NA,NA,NA,NA,NA,NA,NA,NA,NA,NA,NA,NA,NA,NA,NA,NA,NA,NA,NA,NA,NA,NA,NA,NA,NA,NA,NA,NA,NA,NA,NA,NA,NA,NA,NA,NA,NA,NA,NA,NA,NA,NA,NA,NA,NA,NA,NA,NA,NA,NA,NA,NA,NA,NA,NA,NA,NA,NA,NA,NA,NA,NA,NA,NA,NA,NA,NA,NA,NA,NA,NA,NA,NA,NA,NA,NA,NA,NA,NA,NA
34. Registered pregnancies for which the mother received Mother and Child Protection (MCP) card (%),73.7,75.1,92.8,92.9,82.5,89.5,87.8,99.5,98.6,86.2,93.2,91,94.3,92.7,95.6,93.1,94,84.7,98.6,93.5,96,96.4,96.1,99.3,99.4,96.3,96.2,94.2,94.8,100,96.3,97.3,89.5,88.6,91.6,91.3,93.1,93.9,96.2,95,95.3,94.6,95.6,92.4,93.8,93.1,94.7,92.4,93.6,82.5,87.1,89.4,89.4,91.4,91.4,86.2,88.4,87.1,91.1,93.7,92.3,88.6,90.9,90.6,88.6,95.5,94.1,96,96.6,76.9,91.5,86.8,89.4,83.9,98.3,97.9,98.3,97.8,76.4,91.3,86.4,88.2,84.3,NA,NA,NA,NA,NA,NA,NA,NA,NA,NA,NA,NA,NA,NA,NA,NA,NA,NA,NA,NA,NA,NA,NA,NA,NA,NA,NA,NA,NA,NA,NA,NA,NA,NA,NA,NA,NA,NA,NA,NA,NA,NA,NA,NA,NA,NA,NA,NA,NA,NA,NA,NA,NA,NA,NA,NA,NA,NA,NA,NA,NA,NA,NA,NA,NA,NA,NA,NA,NA,NA,NA,NA,NA,NA,NA,NA,NA,NA,NA,NA,NA,NA,NA
35. Mothers who received postnatal care from a doctor/nurse/LHV/ANM/midwife/other health personnel within 2 days of delivery (%),52,53.3,64.6,70.1,77.4,78.8,78.5,75.3,78.9,74.2,82.9,80.1,77.1,75.8,78.8,65.4,69.8,87.2,85,85.8,85.1,81.6,84.1,85.1,86.2,70.3,68.8,68.9,71.4,77,82.3,80.8,72.1,75.6,70.6,65.8,62.4,64.7,82.2,84.7,83.9,65.9,66.1,90.9,83.4,87,83.6,66.6,75.8,86.1,85.9,81.8,81.8,84.8,84.8,56.6,74.8,64.4,85.8,86.4,86.1,80.2,81.2,74.3,78.4,82.7,82.3,74.5,77.2,77.5,74.3,75.4,75.5,75.3,82.5,79.8,81.7,83.8,78.9,78.2,78.4,70.6,76.6,NA,NA,NA,NA,NA,NA,NA,NA,NA,NA,NA,NA,NA,NA,NA,NA,NA,NA,NA,NA,NA,NA,NA,NA,NA,NA,NA,NA,NA,NA,NA,NA,NA,NA,NA,NA,NA,NA,NA,NA,NA,NA,NA,NA,NA,NA,NA,NA,NA,NA,NA,NA,NA,NA,NA,NA,NA,NA,NA,NA,NA,NA,NA,NA,NA,NA,NA,NA,NA,NA,NA,NA,NA,NA,NA,NA,NA,NA,NA,NA,NA,NA,NA
36. Mothers who received financial assistance under Janani Suraksha Yojana (JSY) for births delivered in an institution (%),20.2,18.4,15.8,14,2.5,9.7,7.9,9.4,7.5,4.9,20.5,15.4,14.1,13.3,9,11.1,10.4,1.8,9.3,6.4,16.2,6.8,13.4,14.3,10.7,26.1,24.3,28.4,27.1,1.2,7.8,5.9,15.1,13.2,8.6,7.5,6.1,5.2,3.6,4,3.9,8.6,7.1,1.2,5,3.1,16.3,5.3,11.8,2.5,11.2,8,8,5.4,5.4,1.6,9.8,4.9,4.6,8.6,6.4,7.2,6.8,9,7.4,11,9.4,3.1,4.5,3.5,11.7,8.7,3.9,3.8,7.9,6.7,23.8,21.1,2.4,7.6,5.8,6.6,5.5,NA,NA,NA,NA,NA,NA,NA,NA,NA,NA,NA,NA,NA,NA,NA,NA,NA,NA,NA,NA,NA,NA,NA,NA,NA,NA,NA,NA,NA,NA,NA,NA,NA,NA,NA,NA,NA,NA,NA,NA,NA,NA,NA,NA,NA,NA,NA,NA,NA,NA,NA,NA,NA,NA,NA,NA,NA,NA,NA,NA,NA,NA,NA,NA,NA,NA,NA,NA,NA,NA,NA,NA,NA,NA,NA,NA,NA,NA,NA,NA,NA,NA,NA
37. Average out of pocket expenditure per delivery in public health facility (Rs.),15329,14448,2595,2460,2487,2580,2558,1767,1739,1941,1711,1759,2106,2093,9867,5118,6546,2259,3049,2796,1949,1837,1911,2060,2148,1483,1390,789,889,1560,1858,1803,2060,1938,2059,1982,11690,16010,3426,2890,3030,24067,24142,2414,3280,2863,993,1514,1162,2909,2221,3043,3043,8215,8215,4100,2502,3201,NA,2145,2231,4872,4763,1453,1599,1457,1486,2173,2039,1722,1290,1453,1403,1867,5141,4816,5607,5287,NA,2355,2219,3940,3480,NA,NA,NA,NA,NA,NA,NA,NA,NA,NA,NA,NA,NA,NA,NA,NA,NA,NA,NA,NA,NA,NA,NA,NA,NA,NA,NA,NA,NA,NA,NA,NA,NA,NA,NA,NA,NA,NA,NA,NA,NA,NA,NA,NA,NA,NA,NA,NA,NA,NA,NA,NA,NA,NA,NA,NA,NA,NA,*,NA,NA,NA,NA,NA,NA,NA,NA,NA,NA,NA,NA,NA,NA,NA,NA,NA,NA,NA,*,NA,NA,NA,NA
38. Children born at home who were taken to a health facility for check-up within 24 hours of birth (%),5.1,5,5.2,5.1,NA,NA,NA,18.7,16.2,NA,NA,NA,4,5.6,NA,NA,NA,NA,NA,NA,NA,NA,NA,NA,NA,NA,NA,NA,NA,NA,NA,NA,NA,8,5.1,4.9,3.3,3.3,NA,NA,0,NA,NA,NA,NA,NA,NA,0,2.4,NA,NA,NA,NA,NA,NA,NA,NA,NA,NA,NA,NA,NA,NA,NA,NA,NA,11.6,NA,NA,NA,NA,NA,NA,NA,NA,NA,NA,NA,NA,NA,NA,NA,NA,NA,NA,NA,NA,*,*,*,NA,NA,*,*,*,NA,NA,*,*,*,*,*,*,*,*,*,*,*,*,*,*,*,*,*,*,*,NA,NA,NA,NA,NA,*,*,NA,*,*,*,*,*,*,NA,NA,*,*,*,*,*,*,*,*,*,*,*,*,*,*,*,*,*,NA,*,*,*,*,*,*,*,*,*,*,*,*,*,*,*,*
39. Children who received postnatal care from a doctor/nurse/LHV/ANM/midwife/other health personnel within 2 days of delivery (%),27.3,26.2,40,38.8,6.5,27,22.2,44.6,42.9,27,37.4,34,45.6,41.1,29.8,27.6,28.3,19.6,23.8,22.2,49.9,21,41.2,48.5,47.9,32.6,30.2,47.7,49.8,12.9,25.3,21.8,44.7,44,33.1,29.1,18.2,16.8,37.4,44.5,42.3,26.3,22.5,28.9,46.2,37.9,45.8,24.9,36.3,17.5,21.6,33.9,33.9,31.1,31.1,19.2,40.4,28.3,25.3,31.1,28,35.3,33,39.3,41.1,17.5,18.3,14,15.4,36.1,24.4,28.3,27.7,25.5,27,25.5,38,36.4,18,21.7,20.5,25.7,26.8,NA,NA,NA,NA,NA,NA,NA,NA,NA,NA,NA,NA,NA,NA,NA,NA,NA,NA,NA,NA,NA,NA,NA,NA,NA,NA,NA,NA,NA,NA,NA,NA,NA,NA,NA,NA,NA,NA,NA,NA,NA,NA,NA,NA,NA,NA,NA,NA,NA,NA,NA,NA,NA,NA,NA,NA,NA,NA,NA,NA,NA,NA,NA,NA,NA,NA,NA,NA,NA,NA,NA,NA,NA,NA,NA,NA,NA,NA,NA,NA,NA,NA,NA
40. Institutional births (%),52.5,55.5,67.9,72.6,90.5,82.5,84.2,82.6,82.6,93.9,91.1,92,84.2,84,95.7,91.7,93,98.5,97.6,97.9,97,97.7,97.2,98.3,98.7,93.1,93.3,86.2,87.7,97.2,89.7,91.7,82.9,85.3,81,84.3,82.6,84.6,89.5,84,85.8,92.2,92,99.4,87.8,93.5,95.5,73.3,85.3,92.4,91.2,93.9,93.9,97.4,97.4,100,91.6,96,92.8,94.2,93.5,94.2,94.2,92.8,93.7,89.7,89.9,86.2,88.2,96.8,81.3,86.4,96,96.3,97.5,97.8,99.2,99.3,98.3,94,95.4,95.7,95.9,NA,NA,NA,NA,NA,NA,NA,NA,NA,NA,NA,NA,NA,NA,NA,NA,NA,NA,NA,NA,NA,NA,NA,NA,NA,NA,NA,NA,NA,NA,NA,NA,NA,NA,NA,NA,NA,NA,NA,NA,NA,NA,NA,NA,NA,NA,NA,NA,NA,NA,NA,NA,NA,NA,NA,NA,NA,NA,NA,NA,NA,NA,NA,NA,NA,NA,NA,NA,NA,NA,NA,NA,NA,NA,NA,NA,NA,NA,NA,NA,NA,NA,NA
41. Institutional births in public facility (%),41.7,40.8,43,42.4,37.6,38,37.9,57,51.3,36.7,65.5,56.2,56.4,51.8,56,63.3,60.9,60.9,78.2,71.5,68.6,74.7,70.6,80.9,79,83.3,79.1,72.6,70,42,75.1,66.5,56.5,51.7,53.5,50.7,48.1,45.2,36.4,45.9,42.9,64.9,61.5,42.9,39.8,41.3,64.7,34.4,50.7,40.6,50.3,51.9,51.9,56.3,56.3,32.1,62.5,46.5,35.6,40.6,37.9,47.7,43.7,59.5,61.2,49.6,49.7,55.5,52.8,32.8,27,28.9,32.3,31.4,43.2,41.2,66.4,64.2,31.7,48.5,42.9,39.6,36.7,NA,NA,NA,NA,NA,NA,NA,NA,NA,NA,NA,NA,NA,NA,NA,NA,NA,NA,NA,NA,NA,NA,NA,NA,NA,NA,NA,NA,NA,NA,NA,NA,NA,NA,NA,NA,NA,NA,NA,NA,NA,NA,NA,NA,NA,NA,NA,NA,NA,NA,NA,NA,NA,NA,NA,NA,NA,NA,NA,NA,NA,NA,NA,NA,NA,NA,NA,NA,NA,NA,NA,NA,NA,NA,NA,NA,NA,NA,NA,NA,NA,NA,NA
42. Home delivery conducted by skilled health personnel (out of total deliveries) (%),10.4,9.8,14.4,12.1,2.4,5.5,4.9,5.6,5.7,2.3,2.5,2.4,4.1,4.2,3.5,1.5,2.2,1.5,1.2,1.3,1,0.8,0.9,1.7,1.3,3.8,3.6,7.3,6.5,0.7,2.7,2.2,5.9,4.8,6,5.3,7.7,6.8,6.4,8.9,8.1,4.6,4,0,5.8,2.9,0.6,6.9,3.5,3.2,3.2,4.4,4.4,0,0,0,1.5,0.7,2.2,1.8,2,2.2,2.7,5.9,5,2.6,3.9,4.4,3.8,1.1,9.1,6.5,1.4,1.6,1.5,1.3,0.8,0.7,1.1,0,0.4,2.2,2.6,NA,NA,NA,NA,NA,NA,NA,NA,NA,NA,NA,NA,NA,NA,NA,NA,NA,NA,NA,NA,NA,NA,NA,NA,NA,NA,NA,NA,NA,NA,NA,NA,NA,NA,NA,NA,NA,NA,NA,NA,NA,NA,NA,NA,NA,NA,NA,NA,NA,NA,NA,NA,NA,NA,NA,NA,NA,NA,NA,NA,NA,NA,NA,NA,NA,NA,NA,NA,NA,NA,NA,NA,NA,NA,NA,NA,NA,NA,NA,NA,NA,NA,NA
43. Births assisted by a doctor/nurse/LHV/ANM/other health personnel (%),60.2,62.4,81,82.5,86,83.5,84,87.8,87.9,96.2,93.6,94.4,84,82.2,86.2,90.1,88.8,93.9,96.4,95.5,98,98.5,98.1,100,100,93.4,93,93.5,94.2,95.1,92.4,93.1,85.8,86.7,86.5,89.2,82.6,83.5,88.2,89.9,89.3,91.1,91.4,98.7,92.6,95.6,95.4,79.5,88.1,92.2,90.7,97.9,97.9,93.4,93.4,100,86.6,93.7,95,96.1,95.5,97.1,96.5,95,94.7,85.2,88.4,87,87,97.8,89.6,92.3,91.2,90,78.3,81.3,97,97.3,95.2,78.1,83.8,95.1,95.2,NA,NA,NA,NA,NA,NA,NA,NA,NA,NA,NA,NA,NA,NA,NA,NA,NA,NA,NA,NA,NA,NA,NA,NA,NA,NA,NA,NA,NA,NA,NA,NA,NA,NA,NA,NA,NA,NA,NA,NA,NA,NA,NA,NA,NA,NA,NA,NA,NA,NA,NA,NA,NA,NA,NA,NA,NA,NA,NA,NA,NA,NA,NA,NA,NA,NA,NA,NA,NA,NA,NA,NA,NA,NA,NA,NA,NA,NA,NA,NA,NA,NA,NA
44. Births delivered by caesarean section (%),3.4,4.5,10.4,13.9,26.1,18.6,20.2,11.6,13.9,31.3,20.2,23.7,8.8,11,23.8,15.8,18.4,29.7,23.5,25.9,43.3,31,39.3,25.6,25.9,14.9,16.3,8.5,11,30.2,9,14.5,6.9,9.6,10.2,13.6,10.1,11.5,18.8,11.4,13.7,8.6,10.6,17.4,11.6,14.4,19.7,12.8,16.5,28,22.5,18.9,18.9,28.5,28.5,30.5,15.3,23.3,40.5,22,31.9,16,16.8,8.1,11.1,15.7,15.9,14.1,15.2,15.9,16.7,16.5,25.2,29,19.6,22.3,23.4,22.8,35.5,28.3,30.7,29.3,31.3,NA,NA,NA,NA,NA,NA,NA,NA,NA,NA,NA,NA,NA,NA,NA,NA,NA,NA,NA,NA,NA,NA,NA,NA,NA,NA,NA,NA,NA,NA,NA,NA,NA,NA,NA,NA,NA,NA,NA,NA,NA,NA,NA,NA,NA,NA,NA,NA,NA,NA,NA,NA,NA,NA,NA,NA,NA,NA,NA,NA,NA,NA,NA,NA,NA,NA,NA,NA,NA,NA,NA,NA,NA,NA,NA,NA,NA,NA,NA,NA,NA,NA,NA
45. Births in a private health facility delivered by caesarean section (%),19.9,23.3,22,28.9,37.8,34.6,35.4,26.8,29.9,36.2,37.9,37.1,21.7,23.6,30.2,34.8,32.9,45.8,NA,47.5,60.3,57.4,59.4,60.3,64.5,NA,60.1,26,33.7,47.3,NA,36.1,18.5,23.7,18.5,24.8,16.1,18.5,24.7,16.7,19.9,17.4,20,26.9,13.9,20.8,31.4,24.7,27.9,44.9,44,30.3,30.3,37.6,37.6,26.5,12.8,22.7,59.4,32.2,47.1,14.1,18.9,14.7,18.3,25.5,27.8,24.5,27.1,19.1,28.3,24.9,37.3,40.2,25,27.8,28.6,29.1,45.4,49.9,48,39.2,41.9,NA,NA,NA,NA,NA,NA,NA,NA,NA,NA,NA,NA,NA,NA,NA,NA,NA,NA,*,NA,NA,NA,NA,NA,NA,*,NA,NA,NA,NA,*,NA,NA,NA,NA,NA,NA,NA,NA,NA,NA,NA,NA,NA,NA,NA,NA,NA,NA,NA,NA,NA,NA,NA,NA,NA,NA,NA,NA,NA,NA,NA,NA,NA,NA,NA,NA,NA,NA,NA,NA,NA,NA,NA,NA,NA,NA,NA,NA,NA,NA,NA,NA
46. Births in a public health facility delivered by caesarean section (%),2.9,2.7,11.5,12.2,16.2,8.4,10.1,8.3,8.9,28.7,16,18.7,5,6.6,21,9.3,12.9,20.5,17.7,18.6,38.2,23.8,33.2,18.7,16.7,10,9.8,6.9,7.2,9.7,7.8,8.1,3.6,3.2,9.6,10.3,9.5,9.4,15.6,10.9,12.1,6,7.4,5.1,12.3,8.6,15.5,9.3,13.6,11.9,8.8,11.9,11.9,23.2,23.2,39.1,18.5,26,18.4,11.8,15.1,19.7,16.5,5.4,8.4,10.9,9.6,11.8,10.6,11.4,4.9,7.3,4.5,9.4,14.1,15.8,21.1,19.6,16.8,11.6,12.9,18.5,17.5,NA,NA,NA,NA,NA,NA,NA,NA,NA,NA,NA,NA,NA,NA,NA,NA,NA,NA,NA,NA,NA,NA,NA,NA,NA,NA,NA,NA,NA,NA,NA,NA,NA,NA,NA,NA,NA,NA,NA,NA,NA,NA,NA,NA,NA,NA,NA,NA,NA,NA,NA,NA,NA,NA,NA,NA,NA,NA,NA,NA,NA,NA,NA,NA,NA,NA,NA,NA,NA,NA,NA,NA,NA,NA,NA,NA,NA,NA,NA,NA,NA,NA,NA
47. Children age 12-23 months fully immunized (BCG measles and 3 doses each of polio/DPT) (%),32.7,32.8,40.3,40,NA,NA,43.2,69.2,64.2,38.3,57.1,50.8,68.8,67.9,NA,64.8,64.7,NA,NA,76.5,80.5,NA,76.5,78.1,81.1,77.4,74.4,81.4,82,NA,NA,60.5,61.7,61.6,48.5,51.1,67.5,65.9,49.3,52.5,51.5,74.1,70,70.8,NA,59.3,58.9,66.1,62.3,42.5,40.9,50.1,50.1,45.6,45.6,NA,42.4,47.6,NA,79.2,81,40.6,43.4,53,53.9,64.2,59.4,65.3,62.7,78.9,59,64.9,61,59.2,73,73.1,NA,80.3,NA,NA,46.9,44.3,43.4,NA,NA,NA,NA,*,*,NA,NA,NA,NA,NA,NA,NA,NA,*,NA,NA,*,*,NA,NA,*,NA,NA,NA,NA,NA,NA,NA,*,*,NA,NA,NA,NA,NA,NA,NA,NA,NA,NA,NA,NA,NA,*,NA,NA,NA,NA,NA,NA,NA,NA,NA,NA,*,NA,NA,*,NA,NA,NA,NA,NA,NA,NA,NA,NA,NA,NA,NA,NA,NA,NA,NA,NA,*,NA,*,*,NA,NA,NA
48. Children age 12-23 months who have received BCG (%),72.7,73.7,94.4,95.3,NA,NA,85,91.6,91.1,80.3,95.5,90.4,92,93.1,NA,92.8,91,NA,NA,95.5,100,NA,96.1,100,100,93.9,91.3,96.8,96.9,NA,NA,96.8,95.3,96.3,88.4,88.2,96.3,96,98.5,96.7,97.3,98.2,95.1,90.4,NA,94.8,97,85.2,91.4,93.6,84.5,75,75,87.6,87.6,NA,91.5,94.9,NA,96.3,98.1,92.6,94,89.2,88.5,93.3,92.8,89.1,88.4,93.3,97.4,96.2,89.7,89.8,94.3,92.4,NA,92.1,NA,NA,84.9,86.3,88.5,NA,NA,NA,NA,*,*,NA,NA,NA,NA,NA,NA,NA,NA,*,NA,NA,*,*,NA,NA,*,NA,NA,NA,NA,NA,NA,NA,*,*,NA,NA,NA,NA,NA,NA,NA,NA,NA,NA,NA,NA,NA,*,NA,NA,NA,NA,NA,NA,NA,NA,NA,NA,*,NA,NA,*,NA,NA,NA,NA,NA,NA,NA,NA,NA,NA,NA,NA,NA,NA,NA,NA,NA,*,NA,*,*,NA,NA,NA
49. Children age 12-23 months who have received 3 doses of polio vaccine (%),36.6,38.5,55.7,54.2,NA,NA,50.7,73.5,70,52.5,88.7,76.6,87.1,85.9,NA,71.8,73,NA,NA,93.5,83.5,NA,84.3,88.7,90.3,83.9,82.3,86.5,87,NA,NA,72.6,65.7,69.5,64.2,66.1,79.7,80,56.3,61.8,60.1,83,80,74.1,NA,69.5,61,75.6,67.9,56.1,53,56.3,56.3,55.6,55.6,NA,47.9,50.9,NA,89.5,86.3,57.6,60.2,59.8,62.2,74.4,72.1,78.2,74.7,82.9,65.2,70.4,90.9,89,86.4,85.2,NA,88.6,NA,NA,69.2,57.3,61.5,NA,NA,NA,NA,*,*,NA,NA,NA,NA,NA,NA,NA,NA,*,NA,NA,*,*,NA,NA,*,NA,NA,NA,NA,NA,NA,NA,*,*,NA,NA,NA,NA,NA,NA,NA,NA,NA,NA,NA,NA,NA,*,NA,NA,NA,NA,NA,NA,NA,NA,NA,NA,*,NA,NA,*,NA,NA,NA,NA,NA,NA,NA,NA,NA,NA,NA,NA,NA,NA,NA,NA,NA,*,NA,*,*,NA,NA,NA
50. Children age 12-23 months who have received 3 doses of DPT vaccine (%),47.7,48.7,67.9,69.9,NA,NA,58.4,80.7,75.8,54.2,78.6,70.5,89.5,89.4,NA,79.4,78.1,NA,NA,81.4,90.7,NA,89.5,92.1,93.2,92,87.6,93.5,93.7,NA,NA,88.6,87.1,88.2,69.1,71.2,76.3,75.2,71.5,84.7,80.6,86.7,81.2,83.8,NA,85.1,86,78.9,82.7,67.4,62.8,65.7,65.7,50.6,50.6,NA,74.2,84.4,NA,86,92.8,59.5,60.7,78.4,75.7,85.1,79.6,76.1,77.3,85.7,82.3,83.3,71,70.9,79,78.5,NA,84.9,NA,NA,70.2,67.8,68.3,NA,NA,NA,NA,*,*,NA,NA,NA,NA,NA,NA,NA,NA,*,NA,NA,*,*,NA,NA,*,NA,NA,NA,NA,NA,NA,NA,*,*,NA,NA,NA,NA,NA,NA,NA,NA,NA,NA,NA,NA,NA,*,NA,NA,NA,NA,NA,NA,NA,NA,NA,NA,*,NA,NA,*,NA,NA,NA,NA,NA,NA,NA,NA,NA,NA,NA,NA,NA,NA,NA,NA,NA,*,NA,*,*,NA,NA,NA
51. Children age 12-23 months who have received measles vaccine (%),68.8,70.1,86.3,85.1,NA,NA,83.1,81.6,76.5,71.1,89.8,83.5,80.9,79.7,NA,92.8,89.7,NA,NA,80.4,93.8,NA,92.1,85.7,87.7,87.4,85.4,87.2,87.7,NA,NA,93,91.4,88.4,81.9,82.9,86.1,87.2,73.7,94.1,87.7,93,89,87.1,NA,84.6,92.3,79.1,86,77.6,72.3,69.2,69.2,73.9,73.9,NA,88.3,92.9,NA,96.3,98.1,73.8,76.7,78,79.6,93.4,87.2,86,84.9,96.5,82.5,86.6,79.7,83.8,94.3,92.4,NA,91.6,NA,NA,77.2,83.4,85,NA,NA,NA,NA,*,*,NA,NA,NA,NA,NA,NA,NA,NA,*,NA,NA,*,*,NA,NA,*,NA,NA,NA,NA,NA,NA,NA,*,*,NA,NA,NA,NA,NA,NA,NA,NA,NA,NA,NA,NA,NA,*,NA,NA,NA,NA,NA,NA,NA,NA,NA,NA,*,NA,NA,*,NA,NA,NA,NA,NA,NA,NA,NA,NA,NA,NA,NA,NA,NA,NA,NA,NA,*,NA,*,*,NA,NA,NA
52. Children age 12-23 months who have received 3 doses of Hepatitis B vaccine (%),44.9,43.3,45.9,44.3,NA,NA,44.1,68.9,66.3,36.7,76.6,63.2,84.5,85.1,NA,71.8,72.5,NA,NA,93.5,90.7,NA,88.4,92.1,93.2,79.4,76.2,83.2,83.8,NA,NA,74.1,69.6,71.2,58.9,60.4,76.4,72.7,51.9,65.2,61,78.8,74.1,67.6,NA,64.5,52.9,70,61,51.8,49.5,44.2,44.2,45.9,45.9,NA,53.9,52,NA,79.2,79,37.4,38.7,59.7,55.2,69.2,67.1,69.1,65.9,62,65.2,64.2,71.5,71.6,78.9,75.6,NA,80.3,NA,NA,72.1,43.9,49.6,NA,NA,NA,NA,*,*,NA,NA,NA,NA,NA,NA,NA,NA,*,NA,NA,*,*,NA,NA,*,NA,NA,NA,NA,NA,NA,NA,*,*,NA,NA,NA,NA,NA,NA,NA,NA,NA,NA,NA,NA,NA,*,NA,NA,NA,NA,NA,NA,NA,NA,NA,NA,*,NA,NA,*,NA,NA,NA,NA,NA,NA,NA,NA,NA,NA,NA,NA,NA,NA,NA,NA,NA,*,NA,*,*,NA,NA,NA
53. Children age 9-59 months who received a vitamin A dose in last 6 months (%),71.1,71.3,81.3,79.9,63.6,60.8,61.4,61.6,64.6,60.3,78.3,73,68.3,69.9,74.6,75.2,75,70.6,81.2,77.4,87,61.3,78.6,66,69.3,74.4,72.7,70.6,70.3,62.5,76.9,73.2,83.2,80.4,62.6,64,64.4,66.9,63.9,71.4,69.1,70,70,78,81.4,79.7,68,63.3,65.8,67.4,66.4,82.6,82.6,81.1,81.1,61.6,80.5,70.1,60.7,59.3,60,77.4,77.2,79.3,80,62,61.9,69.5,66.8,61.3,64.3,63.3,65.1,62.1,74.3,73.9,86.3,86.6,75.5,67.8,70.4,61.9,64.7,NA,NA,NA,NA,NA,NA,NA,NA,NA,NA,NA,NA,NA,NA,NA,NA,NA,NA,NA,NA,NA,NA,NA,NA,NA,NA,NA,NA,NA,NA,NA,NA,NA,NA,NA,NA,NA,NA,NA,NA,NA,NA,NA,NA,NA,NA,NA,NA,NA,NA,NA,NA,NA,NA,NA,NA,NA,NA,NA,NA,NA,NA,NA,NA,NA,NA,NA,NA,NA,NA,NA,NA,NA,NA,NA,NA,NA,NA,NA,NA,NA,NA,NA
54. Children age 12-23 months who received most of the vaccinations in public health facility (%),93.2,93.8,97.9,96.4,NA,NA,87.4,100,98.5,68.9,97.4,88.9,97.5,93.1,NA,95.9,95.5,NA,NA,93.2,80,NA,84.3,96.7,93.5,100,100,100,100,NA,NA,87.7,98,91,94.3,94.1,98,90.8,77.2,100,92.8,100,100,82,NA,88.2,85.4,86,85.7,71.7,76,85.4,85.4,NA,NA,NA,NA,79.1,NA,87.6,71.9,85.6,84.5,94.6,94.9,86.5,87.3,98.7,97.8,76,85,82.4,93,90.3,90.7,88.2,NA,NA,NA,NA,88.3,77.2,82.1,NA,NA,NA,NA,*,*,NA,NA,NA,NA,NA,NA,NA,NA,*,NA,NA,*,*,NA,NA,*,NA,NA,NA,NA,NA,NA,NA,*,*,NA,NA,NA,NA,NA,NA,NA,NA,NA,NA,NA,NA,NA,*,NA,NA,NA,NA,NA,NA,NA,NA,*,*,*,*,NA,*,NA,NA,NA,NA,NA,NA,NA,NA,NA,NA,NA,NA,NA,NA,NA,NA,NA,*,*,*,*,NA,NA,NA
55. Children age 12-23 months who received most of the vaccinations in private health facility (%),6.8,6.2,2.1,3.6,NA,NA,12.6,0,1.5,31.1,2.6,11.1,2.5,6.9,NA,4.1,4.6,NA,NA,6.9,20,NA,15.8,3.3,6.6,0,0,0,0,NA,NA,12.4,2,9,5.8,5.9,2,9.2,22.8,0,7.2,0,0,18.1,NA,11.8,13.3,14,13.6,28.3,24,14.6,14.6,NA,NA,NA,NA,20.9,NA,12.4,28.1,14.4,15.5,5.4,5.2,13.5,12.7,1.4,2.2,24,15,17.6,7,9.7,2.1,5,NA,NA,NA,NA,11.7,22.8,17.9,NA,NA,NA,NA,*,*,NA,NA,NA,NA,NA,NA,NA,NA,*,NA,NA,*,*,NA,NA,*,NA,NA,NA,NA,NA,NA,NA,*,*,NA,NA,NA,NA,NA,NA,NA,NA,NA,NA,NA,NA,NA,*,NA,NA,NA,NA,NA,NA,NA,NA,*,*,*,*,NA,*,NA,NA,NA,NA,NA,NA,NA,NA,NA,NA,NA,NA,NA,NA,NA,NA,NA,*,*,*,*,NA,NA,NA
56. Prevalence of diarrhoea (reported) in the last 2 weeks preceding the survey (%),6.1,6,10.8,11.1,8.3,13,12,12.2,12,8.2,13.3,11.7,8.2,7,9.6,8.5,8.8,9.6,9.7,9.6,4.9,7.2,5.7,6.9,8,3.9,4.2,4.6,4.1,3.3,3.9,3.7,9.7,9,12.2,11.3,9.1,9.2,10.3,12.8,12.1,8.5,8.2,7.9,10.3,9.1,4.9,12,8.2,6,6.3,5.5,5.5,6.2,6.2,6.2,5.8,6,6.3,9.6,7.9,9.5,10.1,8.5,7.9,15.4,16.1,10.4,10.2,7.9,8,8,16.6,15.7,8,7.9,4.5,5,8.8,13.7,12,8.9,9.6,NA,NA,NA,NA,NA,NA,NA,NA,NA,NA,NA,NA,NA,NA,NA,NA,NA,NA,NA,NA,NA,NA,NA,NA,NA,NA,NA,NA,NA,NA,NA,NA,NA,NA,NA,NA,NA,NA,NA,NA,NA,NA,NA,NA,NA,NA,NA,NA,NA,NA,NA,NA,NA,NA,NA,NA,NA,NA,NA,NA,NA,NA,NA,NA,NA,NA,NA,NA,NA,NA,NA,NA,NA,NA,NA,NA,NA,NA,NA,NA,NA,NA,NA
57. Children with diarrhoea in the last 2 weeks who received oral rehydration salts (ORS) (%),NA,NA,59.2,63.3,NA,NA,60.3,79,77.5,NA,NA,74.4,NA,NA,NA,NA,NA,NA,NA,NA,NA,NA,NA,NA,NA,NA,NA,NA,NA,NA,NA,NA,NA,72.6,48.2,49.9,NA,46.2,NA,NA,61.1,NA,55.1,NA,NA,42.5,NA,NA,63.6,NA,NA,NA,NA,NA,NA,NA,NA,NA,NA,NA,NA,NA,47,NA,66,48.9,50.3,NA,67.5,NA,NA,NA,47.7,49.8,NA,NA,NA,NA,NA,NA,NA,NA,NA,*,*,NA,NA,*,*,NA,NA,NA,*,*,NA,*,*,*,*,*,*,*,*,*,*,*,*,*,*,*,*,*,*,*,*,*,NA,NA,NA,*,NA,*,*,NA,*,NA,*,*,NA,*,*,NA,*,*,*,*,*,*,*,*,*,*,*,*,*,NA,*,NA,NA,NA,*,NA,*,*,*,NA,NA,*,*,*,*,*,*,*,*,*
58. Children with diarrhoea in the last 2 weeks who received zinc (%),NA,NA,11.8,15.9,NA,NA,10,16.3,16.6,NA,NA,26.1,NA,NA,NA,NA,NA,NA,NA,NA,NA,NA,NA,NA,NA,NA,NA,NA,NA,NA,NA,NA,NA,8.8,9.8,8.5,NA,6.5,NA,NA,19.6,NA,7.8,NA,NA,18.1,NA,NA,8.1,NA,NA,NA,NA,NA,NA,NA,NA,NA,NA,NA,NA,NA,11.4,NA,12.6,2.7,3.6,NA,10.1,NA,NA,NA,9.4,11.9,NA,NA,NA,NA,NA,NA,NA,NA,NA,*,*,NA,NA,*,*,NA,NA,NA,*,*,NA,*,*,*,*,*,*,*,*,*,*,*,*,*,*,*,*,*,*,*,*,*,NA,NA,NA,*,NA,*,*,NA,*,NA,*,*,NA,*,*,NA,*,*,*,*,*,*,*,*,*,*,*,*,*,NA,*,NA,NA,NA,*,NA,*,*,*,NA,NA,*,*,*,*,*,*,*,*,*
59. Children with diarrhoea in the last 2 weeks taken to a health facility (%),NA,NA,75.5,80,NA,NA,83.8,93.2,86.7,NA,NA,89.3,NA,NA,NA,NA,NA,NA,NA,NA,NA,NA,NA,NA,NA,NA,NA,NA,NA,NA,NA,NA,NA,87.9,84,82.1,NA,74.6,NA,NA,69.2,NA,61.8,NA,NA,80.1,NA,NA,74.8,NA,NA,NA,NA,NA,NA,NA,NA,NA,NA,NA,NA,NA,81.2,NA,80.3,62.1,65,NA,66.4,NA,NA,NA,70.9,71.9,NA,NA,NA,NA,NA,NA,NA,NA,NA,*,*,NA,NA,*,*,NA,NA,NA,*,*,NA,*,*,*,*,*,*,*,*,*,*,*,*,*,*,*,*,*,*,*,*,*,NA,NA,NA,*,NA,*,*,NA,*,NA,*,*,NA,*,*,NA,*,*,*,*,*,*,*,*,*,*,*,*,*,NA,*,NA,NA,NA,*,NA,*,*,*,NA,NA,*,*,*,*,*,*,*,*,*
60. Prevalence of symptoms of acute respiratory infection (ARI) in the last 2 weeks preceding the survey (%),2.6,2.4,2.4,2.1,3,1.4,1.7,1.3,2.2,1.8,2.6,2.4,1.7,1.4,2,2.1,2,1.2,1.5,1.4,1.8,0,1.2,1.2,0.9,1.4,1.2,0.6,0.5,4.5,0,1.2,0.8,1.2,2.1,1.7,3,2.7,3,1.2,1.7,3.6,3.5,2.3,5.7,4,5.4,0.5,3.2,1.1,2.2,1.6,1.6,1.8,1.8,9.1,6,7.7,4.1,1.4,2.9,3.2,2.4,0.8,0.6,1.6,1.9,0.5,0.8,2,0,0.7,2.6,2.1,3.6,4.2,3,3.6,4.6,3.6,3.9,5.8,4.3,NA,NA,NA,NA,NA,NA,NA,NA,NA,NA,NA,NA,NA,NA,NA,NA,NA,NA,NA,NA,NA,NA,NA,NA,NA,NA,NA,NA,NA,NA,NA,NA,NA,NA,NA,NA,NA,NA,NA,NA,NA,NA,NA,NA,NA,NA,NA,NA,NA,NA,NA,NA,NA,NA,NA,NA,NA,NA,NA,NA,NA,NA,NA,NA,NA,NA,NA,NA,NA,NA,NA,NA,NA,NA,NA,NA,NA,NA,NA,NA,NA,NA,NA
61. Children with fever or symptoms of ARI in the last 2 weeks preceding the survey taken to a health facility (%),68.9,73,96.1,94.7,83.1,NA,94.9,94.1,88.2,90.4,88,88.8,96.2,96.9,NA,NA,83.3,NA,NA,NA,NA,NA,83.7,NA,NA,NA,NA,NA,NA,NA,NA,NA,79.1,77.1,84.3,86.2,84.8,82.9,92.2,NA,91.3,65.2,65.2,NA,96.6,84.2,NA,80.8,85,NA,87.9,NA,NA,NA,NA,NA,NA,70.2,NA,NA,93.3,73.5,81.2,NA,82.3,65.1,71.2,70.1,70.9,NA,84.3,84,86.2,84.7,92.4,88.7,NA,89.6,NA,NA,77.4,86.5,89.9,NA,NA,NA,NA,NA,*,NA,NA,NA,NA,NA,NA,NA,NA,*,*,NA,*,*,*,*,*,NA,*,*,*,*,*,*,*,*,*,NA,NA,NA,NA,NA,NA,NA,*,NA,NA,NA,*,NA,NA,*,NA,NA,*,NA,*,*,*,*,*,*,NA,*,*,NA,NA,NA,*,NA,NA,NA,NA,NA,*,NA,NA,NA,NA,NA,NA,*,NA,*,*,NA,NA,NA
62. Children under age 3 years breastfed within one hour of birth8 (%),63.1,64.9,57.4,55.1,48.3,66.5,61.9,29.5,30.1,45.2,71.6,62.9,61.6,60.5,46.4,63.6,57.7,63.2,53.3,56.9,62,55.1,59.6,29.4,32.1,67.7,69.8,62,62.4,50.8,73.1,67.2,58,60.9,67.7,64.5,57.4,58.3,34.7,55.5,49.1,68.1,61.5,43.5,39.5,41.6,64,65.4,64.5,54.5,58.4,58,58,49.8,49.8,67.9,58,63.6,53.8,70.4,62,46.7,42.7,58.8,56.4,51.5,49.5,66.1,62.9,66.8,56.3,59.6,70.9,66.5,56.6,58.1,56.3,56.5,63.3,49.6,53.9,54.2,52.4,NA,NA,NA,NA,NA,NA,NA,NA,NA,NA,NA,NA,NA,NA,NA,NA,NA,NA,NA,NA,NA,NA,NA,NA,NA,NA,NA,NA,NA,NA,NA,NA,NA,NA,NA,NA,NA,NA,NA,NA,NA,NA,NA,NA,NA,NA,NA,NA,NA,NA,NA,NA,NA,NA,NA,NA,NA,NA,NA,NA,NA,NA,NA,NA,NA,NA,NA,NA,NA,NA,NA,NA,NA,NA,NA,NA,NA,NA,NA,NA,NA,NA,NA
63. Children under age 6 months exclusively breastfed9 (%),NA,68,NA,NA,NA,NA,41.8,NA,NA,NA,NA,NA,NA,60.2,NA,NA,60.8,NA,NA,NA,NA,NA,88,NA,NA,NA,NA,NA,NA,NA,NA,NA,NA,NA,NA,74.7,NA,81.8,NA,NA,NA,67.8,69.8,NA,NA,60.9,NA,NA,NA,NA,NA,NA,NA,NA,NA,NA,NA,NA,NA,NA,NA,NA,NA,NA,42.8,51.8,47.3,NA,NA,NA,NA,52.5,NA,NA,NA,NA,NA,NA,NA,NA,NA,NA,NA,*,NA,*,*,*,*,NA,*,*,*,*,*,*,NA,*,*,NA,*,*,*,*,*,NA,*,*,*,*,*,*,*,*,*,*,*,*,NA,*,NA,*,*,*,NA,NA,*,*,NA,*,*,*,*,*,*,*,*,*,*,*,*,*,*,*,*,*,*,NA,NA,NA,*,*,*,*,NA,*,*,*,*,*,*,*,*,*,*,*
64. Children age 6-8 months receiving solid or semi-solid food and breastmilk9 (%),NA,NA,NA,NA,NA,NA,NA,NA,NA,NA,NA,NA,NA,NA,NA,NA,NA,NA,NA,NA,NA,NA,NA,NA,NA,NA,NA,NA,NA,NA,NA,NA,NA,NA,NA,NA,NA,NA,NA,NA,NA,NA,NA,NA,NA,NA,NA,NA,NA,NA,NA,NA,NA,NA,NA,NA,NA,NA,NA,NA,NA,NA,NA,NA,NA,NA,NA,NA,NA,NA,NA,NA,NA,NA,NA,NA,NA,NA,NA,NA,NA,NA,NA,*,*,*,*,*,*,*,*,*,*,*,*,*,*,*,*,*,*,*,*,*,*,*,*,*,*,*,*,*,*,*,*,*,*,*,*,*,*,*,*,*,*,*,*,*,*,*,*,*,*,*,*,*,*,*,*,*,*,*,*,*,*,*,*,*,*,*,*,*,*,*,*,*,*,*,*,*,*,*,*,*,*,*
65. Breastfeeding children age 6-23 months receiving an adequate diet9 10 (%),3.5,3.2,22.1,19.8,NA,0,1.9,0,0,0,0,0,9,11.7,NA,5.9,4.1,NA,0,1.1,0.3,3.5,1.3,0,0,3.8,3.5,9.6,8.8,NA,2.7,4,6.7,8.8,0.9,0.7,8.8,7.9,3.8,2,2.5,0,1.2,0,0,0,0,0,0,9.7,7.7,14.2,14.2,3.5,3.5,NA,7.6,5.8,NA,2.5,4,5,3.9,12,14.1,5.8,4.1,4.3,3.8,5.6,8.9,7.9,0,0,7.2,8.4,18.4,22.3,NA,0,2,4.5,8.8,NA,NA,NA,NA,*,NA,NA,NA,NA,NA,NA,NA,NA,NA,*,NA,NA,*,NA,NA,NA,NA,NA,NA,NA,NA,NA,NA,NA,*,NA,NA,NA,NA,NA,NA,NA,NA,NA,NA,NA,NA,NA,NA,NA,NA,NA,NA,NA,NA,NA,NA,NA,NA,NA,*,NA,NA,*,NA,NA,NA,NA,NA,NA,NA,NA,NA,NA,NA,NA,NA,NA,NA,NA,NA,NA,NA,*,NA,NA,NA,NA
66. Non-breastfeeding children age 6-23 months receiving an adequate diet9 10 (%),NA,NA,NA,NA,NA,NA,NA,NA,NA,NA,NA,NA,NA,NA,NA,NA,NA,NA,NA,NA,NA,NA,NA,NA,NA,NA,NA,NA,NA,NA,NA,NA,NA,NA,NA,NA,NA,NA,NA,NA,NA,NA,NA,NA,NA,NA,NA,NA,NA,NA,NA,NA,NA,NA,NA,NA,NA,NA,NA,NA,NA,NA,NA,NA,NA,NA,20.9,NA,NA,NA,NA,NA,NA,NA,NA,NA,NA,NA,NA,NA,NA,NA,NA,*,*,*,*,*,*,*,*,*,*,*,*,*,*,*,*,*,*,*,*,*,*,*,*,*,*,*,*,*,*,*,*,*,*,*,*,*,*,*,*,*,*,*,*,*,*,*,*,*,*,*,*,*,*,*,*,*,*,*,*,*,*,*,*,*,*,NA,*,*,*,*,*,*,*,*,*,*,*,*,*,*,*,*
67. Total children age 6-23 months receiving an adequate diet9 10 (%),2.7,2.5,19.5,17.1,8.9,0,2.6,0,0,0,0,0,8,10.4,0,7.5,5.2,NA,4.4,4.8,7.1,3.1,5.9,0,0,4.8,6.1,9,8.3,6.4,2.5,3.6,7.1,9.8,4.3,3.3,8.3,8.6,3.1,4,3.7,3.4,5.2,0,0,0,1.9,0,1,11.4,9,14.2,14.2,6.4,6.4,5.9,11.7,8.7,NA,7,8.2,4.2,3.3,14,16.3,7.1,7.3,8.5,8.9,4.7,7.6,6.7,1.5,1.2,8.3,9.1,16.3,20.2,NA,0,1.7,3.2,6.8,NA,NA,NA,NA,NA,NA,NA,NA,NA,NA,NA,NA,NA,NA,NA,NA,NA,*,NA,NA,NA,NA,NA,NA,NA,NA,NA,NA,NA,NA,NA,NA,NA,NA,NA,NA,NA,NA,NA,NA,NA,NA,NA,NA,NA,NA,NA,NA,NA,NA,NA,NA,NA,NA,NA,NA,NA,NA,*,NA,NA,NA,NA,NA,NA,NA,NA,NA,NA,NA,NA,NA,NA,NA,NA,NA,NA,NA,*,NA,NA,NA,NA
68. Children under 5 years who are stunted11 (%),49.7,47.6,42.1,39.6,29.6,38.4,36.4,46.2,43.9,26.9,47.7,41.2,41.8,41.1,29.1,42.1,38.1,31.8,29.7,30.5,33.9,34,33.9,38.2,40.5,34.5,34.7,30.9,32.5,26.8,34,32.2,53.4,47.4,42.9,40.4,40.2,39.6,41.7,48.5,46.4,47,44.1,35.4,41.3,38.6,43.7,43.2,43.5,31.8,38.5,21.3,21.3,25.5,25.5,21.5,39.5,29.9,22.3,22.5,22.4,34.7,33.4,37.6,37.8,37.1,34.7,44,43.3,27.8,24.2,25.4,24.3,23.3,27,28.3,27.8,25.9,18.3,30.6,26.9,25.9,23.3,NA,NA,NA,NA,NA,NA,NA,NA,NA,NA,NA,NA,NA,NA,NA,NA,NA,NA,NA,NA,NA,NA,NA,NA,NA,NA,NA,NA,NA,NA,NA,NA,NA,NA,NA,NA,NA,NA,NA,NA,NA,NA,NA,NA,NA,NA,NA,NA,NA,NA,NA,NA,NA,NA,NA,NA,NA,NA,NA,NA,NA,NA,NA,NA,NA,NA,NA,NA,NA,NA,NA,NA,NA,NA,NA,NA,NA,NA,NA,NA,NA,NA,NA
69. Children under 5 years who are wasted11 (%),40.4,39.8,30.2,30.3,31.1,32.9,32.5,20.4,21.1,17.5,25,22.7,33.3,32.5,16,28.7,24.7,28.3,24.8,26.2,24.3,28.6,25.6,17.9,16.2,31.3,29.7,46.7,45.8,21.3,34.6,31.3,25.3,28.8,19.6,20.1,24.9,24.2,14.8,22,19.8,21.9,22.4,26.9,15.7,20.8,31.3,32.9,32,26,29.2,20.3,20.3,25.8,25.8,34.6,22.4,28.9,26.7,19.3,23.4,21.9,21.7,32.2,29.5,24.6,22.5,19,21.9,21.4,25.6,24.1,24.5,23.5,23.6,22.3,20.9,19.6,20.6,27.8,25.7,18.1,17.5,NA,NA,NA,NA,NA,NA,NA,NA,NA,NA,NA,NA,NA,NA,NA,NA,NA,NA,NA,NA,NA,NA,NA,NA,NA,NA,NA,NA,NA,NA,NA,NA,NA,NA,NA,NA,NA,NA,NA,NA,NA,NA,NA,NA,NA,NA,NA,NA,NA,NA,NA,NA,NA,NA,NA,NA,NA,NA,NA,NA,NA,NA,NA,NA,NA,NA,NA,NA,NA,NA,NA,NA,NA,NA,NA,NA,NA,NA,NA,NA,NA,NA,NA
70. Children under 5 years who are severely wasted12 (%),15.2,15.1,11.5,11.3,11.5,6.9,7.9,5.1,5,7.8,7.7,7.7,15.3,14.8,4.2,11.2,9,8.1,11.6,10.2,13.6,8.9,12.1,3.2,2.9,13.4,13.3,21.3,22.2,12.6,17.3,16.1,14.5,14.6,5.7,6.2,11.2,10.2,4.3,8.5,7.3,8.6,9.5,8.2,4.8,6.3,14.9,11.8,13.5,6.4,8.9,11.9,11.9,7,7,13.4,3,8.5,9.7,8.1,9,4.3,4.2,17.1,12.9,8.7,7.7,7.6,9.1,6.7,12.3,10.3,6.1,6.3,6.6,6.4,2.5,3,5.3,6.1,5.9,7.6,6.2,NA,NA,NA,NA,NA,NA,NA,NA,NA,NA,NA,NA,NA,NA,NA,NA,NA,NA,NA,NA,NA,NA,NA,NA,NA,NA,NA,NA,NA,NA,NA,NA,NA,NA,NA,NA,NA,NA,NA,NA,NA,NA,NA,NA,NA,NA,NA,NA,NA,NA,NA,NA,NA,NA,NA,NA,NA,NA,NA,NA,NA,NA,NA,NA,NA,NA,NA,NA,NA,NA,NA,NA,NA,NA,NA,NA,NA,NA,NA,NA,NA,NA,NA
71. Children under 5 years who are underweight11 (%),57,55.4,51.1,47.5,32.7,37.4,36.4,41.9,41.3,25.8,45.4,39.3,44.1,42.9,22.7,37.8,33,40.1,33.5,36.1,31.3,38.5,33.6,30.6,32.5,41.7,40.1,40.2,42.1,39.6,40.5,40.3,53.4,49.1,36.1,34.4,37.6,36.9,36.6,44.7,42.3,44.3,43.6,37.8,34.5,36,36,51.3,42.9,32,40.3,28.9,28.9,22.7,22.7,36.5,41,38.6,23.6,27.9,25.6,32.5,31.1,36.8,36.9,37.9,34.5,44.4,44.5,30,37.1,34.6,29.6,27.8,29.2,28.9,28,25.2,27.7,32.7,31.2,25.1,24.8,NA,NA,NA,NA,NA,NA,NA,NA,NA,NA,NA,NA,NA,NA,NA,NA,NA,NA,NA,NA,NA,NA,NA,NA,NA,NA,NA,NA,NA,NA,NA,NA,NA,NA,NA,NA,NA,NA,NA,NA,NA,NA,NA,NA,NA,NA,NA,NA,NA,NA,NA,NA,NA,NA,NA,NA,NA,NA,NA,NA,NA,NA,NA,NA,NA,NA,NA,NA,NA,NA,NA,NA,NA,NA,NA,NA,NA,NA,NA,NA,NA,NA,NA
72. Women whose Body Mass Index (BMI) is below normal (BMI <18.5 kg/m2) (%),45.3,42.4,31.9,30.1,14.9,20.6,18.9,29.6,28,22.1,27,25.1,28.4,26.6,21.8,29.9,26.8,25.6,31.4,29.4,19.5,31.8,23,35.9,33.3,38.3,35.4,28.9,27.9,17.3,37.1,29.9,30.3,29,34.2,29.3,30.4,29,18.2,37.5,31.4,29.9,29.1,14.7,28.2,21.5,20.4,32.2,25.8,13.7,21.4,15.1,15.1,17.8,17.8,13.8,31,21.8,14.7,23.4,17.8,25.6,22.5,21.7,22.9,25.3,25.2,23.7,21.9,16.9,20.2,19,33.9,30.5,33.3,31.7,31.6,29.6,16.3,26.7,23.4,24.2,21.1,NA,NA,NA,NA,NA,NA,NA,NA,NA,NA,NA,NA,NA,NA,NA,NA,NA,NA,NA,NA,NA,NA,NA,NA,NA,NA,NA,NA,NA,NA,NA,NA,NA,NA,NA,NA,NA,NA,NA,NA,NA,NA,NA,NA,NA,NA,NA,NA,NA,NA,NA,NA,NA,NA,NA,NA,NA,NA,NA,NA,NA,NA,NA,NA,NA,NA,NA,NA,NA,NA,NA,NA,NA,NA,NA,NA,NA,NA,NA,NA,NA,NA,NA
73. Men whose Body Mass Index (BMI) is below normal (BMI <18.5 kg/m2) (%),39.5,36.7,26.1,25.6,7.1,17.1,14,27.9,25.4,12.3,21.8,18.9,19.9,17,16.1,23,20.2,22.7,18.1,20,18.2,20.8,19.1,34.5,29.9,30.6,29.8,20.5,19.6,7.5,41.6,29.7,29.4,25.8,24.3,25.9,25.7,24.5,31.2,24.5,26.4,28.4,24.3,23.2,36.2,30.4,15.3,18.1,16.8,11.2,13.1,14,14,14.9,14.9,18.4,18.6,18.5,9,13.9,10.7,22.4,23.5,30,27.8,21.7,20,19,20.6,15.1,16.1,15.7,26.2,24.7,29.3,26.9,16.9,17.2,18.3,27.6,24.3,16.7,19.3,NA,NA,NA,NA,NA,NA,NA,NA,NA,NA,NA,NA,NA,NA,NA,NA,NA,NA,NA,NA,NA,NA,NA,NA,NA,NA,NA,NA,NA,NA,NA,NA,NA,NA,NA,NA,NA,NA,NA,NA,NA,NA,NA,NA,NA,NA,NA,NA,NA,NA,NA,NA,NA,NA,NA,NA,NA,NA,NA,NA,NA,NA,NA,NA,NA,NA,NA,NA,NA,NA,NA,NA,NA,NA,NA,NA,NA,NA,NA,NA,NA,NA,NA
74. Women who are overweight or obese (BMI >=25.0 kg/m2) (%),7.2,9.7,9.3,14,33.1,20,23.8,14.3,16.8,30.7,14.3,20.6,8.8,11.4,29.7,11.7,18.7,26.8,11.8,17,27.5,12.4,23.3,10.9,14.5,4.8,6.8,6.3,6.5,23.8,5.6,12.2,10.6,13,8.9,13.6,10.9,13.9,24.7,9,14,12.1,15.5,30.7,15.8,23.2,30.1,14.2,22.9,33.6,29,36.3,36.3,34,34,35.2,18.2,27.3,35.1,21.3,30.2,13.9,18.3,15.9,18.6,18.2,19.9,17.9,19.4,35.1,16.3,23,16.5,19.3,13.7,16.6,16.2,20.8,32.6,24.7,27.2,26,28.4,NA,NA,NA,NA,NA,NA,NA,NA,NA,NA,NA,NA,NA,NA,NA,NA,NA,NA,NA,NA,NA,NA,NA,NA,NA,NA,NA,NA,NA,NA,NA,NA,NA,NA,NA,NA,NA,NA,NA,NA,NA,NA,NA,NA,NA,NA,NA,NA,NA,NA,NA,NA,NA,NA,NA,NA,NA,NA,NA,NA,NA,NA,NA,NA,NA,NA,NA,NA,NA,NA,NA,NA,NA,NA,NA,NA,NA,NA,NA,NA,NA,NA,NA
75. Men who are overweight or obese (BMI >=25.0 kg/m2) (%),3.7,8.1,16.7,16.9,28.9,15.3,19.5,4.3,11.4,41.6,7.7,18,11.3,18.5,26.8,17.6,21.3,16.1,13.2,14.4,19.2,17,18.4,6.9,10.7,7.1,9.5,10.7,11,26.8,12.4,17.4,12.7,14.4,11.6,13.4,4.6,7.4,20.1,10.8,13.5,15.1,20.3,26.4,8.7,16.6,24.9,22.8,23.7,30.5,27.4,33,33,37.9,37.9,35.6,12,21.4,41.9,17.4,33.4,15.1,20.4,12.2,13.8,15.7,17.8,23.2,21.5,34.2,33.3,33.6,27.8,28.6,25.5,23.4,18,20.7,26.6,23.1,24.4,36,29.7,NA,NA,NA,NA,NA,NA,NA,NA,NA,NA,NA,NA,NA,NA,NA,NA,NA,NA,NA,NA,NA,NA,NA,NA,NA,NA,NA,NA,NA,NA,NA,NA,NA,NA,NA,NA,NA,NA,NA,NA,NA,NA,NA,NA,NA,NA,NA,NA,NA,NA,NA,NA,NA,NA,NA,NA,NA,NA,NA,NA,NA,NA,NA,NA,NA,NA,NA,NA,NA,NA,NA,NA,NA,NA,NA,NA,NA,NA,NA,NA,NA,NA,NA
76. Children age 6-59 months who are anaemic (<11.0 g/dl) (%),60.8,60.1,68.6,67,44.9,64.7,60.2,44.1,43.1,59.2,50.5,53.2,63.7,60.3,54.3,48.8,50.5,53.1,45.9,48.5,43.5,47.4,44.7,45.4,43,57.2,57,59.8,58.3,51.4,61.4,58.8,73.7,68.9,54.7,53.6,53.6,51.5,46.6,54.4,52.1,49.3,49.5,31.5,43.6,38.3,52.1,54,52.9,51.5,54.1,70,70,65.7,65.7,50.8,56.4,53.4,53.1,53.8,53.4,43.4,47.3,58.6,57.4,56.3,53.6,37.1,36.7,50.2,52.2,51.5,57.8,55.2,50.9,50.1,37.2,39.9,45.5,45,45.2,51.4,49.6,NA,NA,NA,NA,NA,NA,NA,NA,NA,NA,NA,NA,NA,NA,NA,NA,NA,NA,NA,NA,NA,NA,NA,NA,NA,NA,NA,NA,NA,NA,NA,NA,NA,NA,NA,NA,NA,NA,NA,NA,NA,NA,NA,NA,NA,NA,NA,NA,NA,NA,NA,NA,NA,NA,NA,NA,NA,NA,NA,NA,NA,NA,NA,NA,NA,NA,NA,NA,NA,NA,NA,NA,NA,NA,NA,NA,NA,NA,NA,NA,NA,NA,NA
77. Non-pregnant women age 15-49 years who are anaemic (<12.0 g/dl) (%),61.4,59.9,52.7,53.1,50,52.2,51.6,44.2,41.1,40.2,37.4,38.5,36.3,35.3,38.1,45.5,42.6,41.3,43,42.4,45.2,50.4,46.7,57.6,52.8,56.3,54.9,51.4,52,45.8,50.8,49,48,46.1,44.3,46.5,41.9,41.2,48.1,44.7,45.7,43.3,44.2,43.6,46.8,45.2,55.9,53.1,54.6,45.5,48.5,50.3,50.3,49.6,49.6,45.8,61.5,53.1,50.5,50,50.4,45.2,46.6,32.6,35.3,36.7,36.9,34.3,37,48.9,41.3,44,46.4,48.9,47.4,47.4,42.6,44.1,46.2,47.6,47.2,49.3,51,NA,NA,NA,NA,NA,NA,NA,NA,NA,NA,NA,NA,NA,NA,NA,NA,NA,NA,NA,NA,NA,NA,NA,NA,NA,NA,NA,NA,NA,NA,NA,NA,NA,NA,NA,NA,NA,NA,NA,NA,NA,NA,NA,NA,NA,NA,NA,NA,NA,NA,NA,NA,NA,NA,NA,NA,NA,NA,NA,NA,NA,NA,NA,NA,NA,NA,NA,NA,NA,NA,NA,NA,NA,NA,NA,NA,NA,NA,NA,NA,NA,NA,NA
78. Pregnant women age 15-49 years who are anaemic (<11.0 g/dl) (%),66.2,65.9,66.8,65,NA,NA,NA,NA,38.4,NA,NA,45,NA,39.7,NA,NA,49.7,NA,NA,43.4,NA,NA,44.4,49.1,47.7,59,58.7,43,44.5,NA,NA,NA,67.4,68.4,69.3,64.9,54.7,55.5,45.1,63.9,57.4,33.9,37.7,NA,NA,41.4,NA,NA,57.3,NA,NA,NA,NA,NA,NA,NA,NA,50.8,NA,NA,40,36.6,35.7,54.7,54.7,48.6,50.9,18.1,21.8,NA,NA,51,NA,NA,NA,NA,NA,NA,NA,NA,NA,NA,NA,NA,NA,NA,NA,*,*,*,*,NA,*,*,NA,*,NA,*,*,NA,*,*,NA,*,*,NA,NA,NA,NA,NA,NA,NA,*,*,*,NA,NA,NA,NA,NA,NA,NA,NA,NA,NA,NA,*,*,NA,*,*,NA,*,*,*,*,*,*,*,*,NA,*,*,NA,NA,NA,NA,NA,NA,NA,NA,NA,*,*,NA,*,*,*,*,*,*,*,*,*,*,*
79. All women age 15-49 years who are anaemic (%),61.6,60.2,53.3,53.5,50.5,52.2,51.7,44.3,41,40.2,37.8,38.7,36.4,35.5,38.7,45.5,42.8,42,42.7,42.5,45,50.7,46.6,57.2,52.7,56.5,55.1,51,51.7,46.9,49.8,48.7,48.9,46.9,45.6,47.5,42.7,42,47.9,45.7,46.4,42.8,43.9,42.5,47.4,45,56.2,52.9,54.7,45.3,48.4,50.4,50.4,49.4,49.4,45.9,61.1,53.1,50.4,49.3,50,44.8,46.1,33.6,36.5,37.2,37.5,33.6,36.4,48.6,41.9,44.3,47,49.4,47.1,47.3,42.9,44.4,46.3,47,46.8,49.3,51.2,NA,NA,NA,NA,NA,NA,NA,NA,NA,NA,NA,NA,NA,NA,NA,NA,NA,NA,NA,NA,NA,NA,NA,NA,NA,NA,NA,NA,NA,NA,NA,NA,NA,NA,NA,NA,NA,NA,NA,NA,NA,NA,NA,NA,NA,NA,NA,NA,NA,NA,NA,NA,NA,NA,NA,NA,NA,NA,NA,NA,NA,NA,NA,NA,NA,NA,NA,NA,NA,NA,NA,NA,NA,NA,NA,NA,NA,NA,NA,NA,NA,NA,NA
80. Men age 15-49 years who are anaemic (<13.0 g/dl) (%),35.4,33.6,24.8,23.9,12,35.5,28.2,10.1,8.6,11.6,23.7,20,21.3,20.3,18.5,20,19.4,13.9,32.4,24.8,21.2,15.3,19.1,31.9,28,33.4,28.8,33.8,31.9,8.4,19.9,15.9,22.8,21.2,15.3,15.5,13.6,13.4,11.8,17.6,15.9,11.5,11.4,19.1,16.2,17.5,13.3,19,16.4,15.4,17.1,12.8,12.8,23,23,6.3,17.7,13.3,18.3,15.5,17.4,20.1,17.3,9.7,9.9,15.3,12.8,13.3,15,16.1,14.2,14.9,16.1,16.6,9.7,20.6,16.5,18.2,9.6,27,20.8,17,19.5,NA,NA,NA,NA,NA,NA,NA,NA,NA,NA,NA,NA,NA,NA,NA,NA,NA,NA,NA,NA,NA,NA,NA,NA,NA,NA,NA,NA,NA,NA,NA,NA,NA,NA,NA,NA,NA,NA,NA,NA,NA,NA,NA,NA,NA,NA,NA,NA,NA,NA,NA,NA,NA,NA,NA,NA,NA,NA,NA,NA,NA,NA,NA,NA,NA,NA,NA,NA,NA,NA,NA,NA,NA,NA,NA,NA,NA,NA,NA,NA,NA,NA,NA
81. Blood sugar level - high (>140 mg/dl) (%),3.8,3.7,5.1,5.7,5.1,4.2,4.5,3.2,3.5,6.8,4.3,5.3,3.4,4,6.6,5.5,5.9,4.1,4.3,4.2,5.3,3.5,4.8,4.3,4.7,4.5,4.6,3.9,4,4.2,4.1,4.1,4.1,3.5,1.9,2.8,3.8,4.4,4.8,3.8,4.1,2.2,2.5,6.3,2.8,4.5,4.1,5.4,4.7,4,4.1,6.4,6.4,11.8,11.8,8.1,4.3,6.3,4.6,4.5,4.6,4.4,4.3,4.6,4.9,3.5,3.6,4.6,4.6,7.8,5.6,6.4,3.6,4.4,5.8,5.8,8.4,8.6,5.3,6.4,6.1,5.4,6.1,NA,NA,NA,NA,NA,NA,NA,NA,NA,NA,NA,NA,NA,NA,NA,NA,NA,NA,NA,NA,NA,NA,NA,NA,NA,NA,NA,NA,NA,NA,NA,NA,NA,NA,NA,NA,NA,NA,NA,NA,NA,NA,NA,NA,NA,NA,NA,NA,NA,NA,NA,NA,NA,NA,NA,NA,NA,NA,NA,NA,NA,NA,NA,NA,NA,NA,NA,NA,NA,NA,NA,NA,NA,NA,NA,NA,NA,NA,NA,NA,NA,NA,NA
82. Blood sugar level - very high (>160 mg/dl) (%),1,1.2,2.2,2.5,2.2,1.3,1.6,1.1,1.6,4.3,1.5,2.5,1.4,2,3.2,2.2,2.6,1.1,1.6,1.4,2.5,1.3,2.1,1.2,2.3,1.7,1.9,1.1,1.1,1.9,1,1.3,1.8,1.6,0.8,1.2,2.1,2.5,0.8,1.4,1.2,1.4,1.4,1.9,1,1.5,2.5,1,1.8,1.5,1.6,3.5,3.5,3.9,3.9,2.7,2.8,2.7,2.5,2,2.3,1.9,2.1,2.2,2.3,1.6,1.8,2,2.1,3.6,2.2,2.7,2.1,2.7,2.5,2.8,4.6,5.1,3.5,3.8,3.7,2.3,3.1,NA,NA,NA,NA,NA,NA,NA,NA,NA,NA,NA,NA,NA,NA,NA,NA,NA,NA,NA,NA,NA,NA,NA,NA,NA,NA,NA,NA,NA,NA,NA,NA,NA,NA,NA,NA,NA,NA,NA,NA,NA,NA,NA,NA,NA,NA,NA,NA,NA,NA,NA,NA,NA,NA,NA,NA,NA,NA,NA,NA,NA,NA,NA,NA,NA,NA,NA,NA,NA,NA,NA,NA,NA,NA,NA,NA,NA,NA,NA,NA,NA,NA,NA
83. Blood sugar level - high (>140 mg/dl) (%),5.3,4.9,8.2,7.7,7.9,1.7,3.6,3.4,3.1,8.2,9.3,8.9,7.9,8.9,4.5,10.2,7.9,7.3,1.6,3.9,8.4,14.5,10.6,8.7,9.3,9,10.4,4.1,4.4,6.8,8,7.6,4.3,5.3,6.1,6.4,6.3,6.9,7.4,9.3,8.7,2.9,2.2,4.7,4.8,4.8,6.7,5.6,6.1,5.4,4.5,4.9,4.9,14,14,11.2,11,11.1,5.2,1.6,4,2.7,5.1,1,0.9,5.2,6.7,7.2,6.5,9.6,4.4,6.3,2.7,2.1,9,10.6,12.7,12.1,7.6,3.5,5,11.2,8.9,NA,NA,NA,NA,NA,NA,NA,NA,NA,NA,NA,NA,NA,NA,NA,NA,NA,NA,NA,NA,NA,NA,NA,NA,NA,NA,NA,NA,NA,NA,NA,NA,NA,NA,NA,NA,NA,NA,NA,NA,NA,NA,NA,NA,NA,NA,NA,NA,NA,NA,NA,NA,NA,NA,NA,NA,NA,NA,NA,NA,NA,NA,NA,NA,NA,NA,NA,NA,NA,NA,NA,NA,NA,NA,NA,NA,NA,NA,NA,NA,NA,NA,NA
84. Blood sugar level - very high (>160 mg/dl) (%),0,0,4.5,4.2,6,1.7,3,2.4,1.8,6,4.1,4.7,1.9,4,2.8,3.4,3.1,5.4,0,2.2,3.8,10.4,6.1,2.9,4.2,3,3.5,1.6,1.4,5.2,1.2,2.6,2.6,3,3,2.4,2.5,3,6.4,3.3,4.2,2,1.5,1.1,1.1,1.1,2.7,1.3,1.9,0,0,1.8,1.8,6.6,6.6,0,4.7,2.9,5.2,0,3.4,1.4,0.9,1,0.9,2.5,4.7,0,0,4.9,0,1.8,2.7,2.1,4.8,3.9,6.7,5.7,3.7,3.5,3.6,8.7,7.1,NA,NA,NA,NA,NA,NA,NA,NA,NA,NA,NA,NA,NA,NA,NA,NA,NA,NA,NA,NA,NA,NA,NA,NA,NA,NA,NA,NA,NA,NA,NA,NA,NA,NA,NA,NA,NA,NA,NA,NA,NA,NA,NA,NA,NA,NA,NA,NA,NA,NA,NA,NA,NA,NA,NA,NA,NA,NA,NA,NA,NA,NA,NA,NA,NA,NA,NA,NA,NA,NA,NA,NA,NA,NA,NA,NA,NA,NA,NA,NA,NA,NA,NA
85. Slightly above normal (Systolic 140-159 mm of Hg and/or Diastolic 90-99 mm of Hg) (%),6.6,6.2,6.7,6.8,6.7,7.8,7.5,7.7,7.7,6.9,6.9,6.9,5.1,5.8,6.4,8.1,7.4,7.5,7.5,7.5,7.2,7.1,7.2,6.6,8,8.2,8.4,5.8,5.5,9.9,3.9,6.1,5.6,5.7,5.9,5.8,9.6,9.4,8.5,5.8,6.6,7.3,7.5,6.2,7.4,6.8,4.5,4.8,4.7,7.7,7.2,9.5,9.5,11.1,11.1,7.4,7.4,7.4,5.5,7.7,6.3,4.5,4.9,6.1,6.1,5,5.8,6.1,6.2,6.2,5.5,5.7,7.8,8.1,8.1,9,10.2,10.2,8.1,9.5,9,5.8,6.8,NA,NA,NA,NA,NA,NA,NA,NA,NA,NA,NA,NA,NA,NA,NA,NA,NA,NA,NA,NA,NA,NA,NA,NA,NA,NA,NA,NA,NA,NA,NA,NA,NA,NA,NA,NA,NA,NA,NA,NA,NA,NA,NA,NA,NA,NA,NA,NA,NA,NA,NA,NA,NA,NA,NA,NA,NA,NA,NA,NA,NA,NA,NA,NA,NA,NA,NA,NA,NA,NA,NA,NA,NA,NA,NA,NA,NA,NA,NA,NA,NA,NA,NA
86. Moderately high (Systolic 160-179 mm of Hg and/or Diastolic 100-109 mm of Hg) (%),0.9,1.2,1.3,1.2,0.5,1.6,1.3,0.9,1,1.8,1.4,1.6,1.5,1.4,2.2,1.4,1.8,2.4,1.5,1.8,1.2,0.8,1.1,1.9,2.4,3.1,2.6,0.8,1,2.1,2.1,2.1,0.6,1.1,1,1.3,1.2,1.3,1.1,0.7,0.8,1.6,1.6,0.2,1.6,0.9,0.7,0.8,0.7,1.6,1.7,0.9,0.9,1.2,1.2,0.5,1.4,0.9,1.3,1.2,1.3,1.1,1.8,0.5,1.2,1.3,1.4,1,1.5,2.4,1.6,1.9,1.3,1.4,1.4,2,2.3,2.2,1.6,3.6,2.9,1.8,2.2,NA,NA,NA,NA,NA,NA,NA,NA,NA,NA,NA,NA,NA,NA,NA,NA,NA,NA,NA,NA,NA,NA,NA,NA,NA,NA,NA,NA,NA,NA,NA,NA,NA,NA,NA,NA,NA,NA,NA,NA,NA,NA,NA,NA,NA,NA,NA,NA,NA,NA,NA,NA,NA,NA,NA,NA,NA,NA,NA,NA,NA,NA,NA,NA,NA,NA,NA,NA,NA,NA,NA,NA,NA,NA,NA,NA,NA,NA,NA,NA,NA,NA,NA
87. Very high (Systolic ?180 mm of Hg and/or Diastolic ?110 mm of Hg) (%),0.5,0.5,1,0.9,0.4,1.1,0.9,0.5,0.8,0.8,1.6,1.3,0.7,0.7,1.5,1,1.2,0.8,0.3,0.5,0.4,0.3,0.4,0.3,0.3,1.3,1.2,0.4,0.4,0.5,0.2,0.3,0.8,0.6,0.8,1.1,0.3,0.4,0.4,0.6,0.5,0.5,0.6,1.2,0.8,1,0,0.7,0.3,0.3,0.6,0.4,0.4,0.2,0.2,1,0.3,0.7,0,0.5,0.2,1.1,0.8,0.8,0.7,0.6,0.5,0.4,0.7,1.3,0.2,0.6,0.9,0.9,0.4,0.6,0.7,0.8,1.8,1.1,1.3,0.3,0.4,NA,NA,NA,NA,NA,NA,NA,NA,NA,NA,NA,NA,NA,NA,NA,NA,NA,NA,NA,NA,NA,NA,NA,NA,NA,NA,NA,NA,NA,NA,NA,NA,NA,NA,NA,NA,NA,NA,NA,NA,NA,NA,NA,NA,NA,NA,NA,NA,NA,NA,NA,NA,NA,NA,NA,NA,NA,NA,NA,NA,NA,NA,NA,NA,NA,NA,NA,NA,NA,NA,NA,NA,NA,NA,NA,NA,NA,NA,NA,NA,NA,NA,NA
88. Slightly above normal (Systolic 140-159 mm of Hg and/or Diastolic 90-99 mm of Hg) (%),12.5,13.3,15.8,16.9,12.2,9.4,10.2,8.4,11.7,13,8.7,10,11.2,10.5,9.6,11.2,10.6,11.5,9.3,10.2,21,7.6,16.3,9.6,11.4,8.7,10,6.3,8.2,21.6,1.7,8.6,3,2.6,10.5,15.3,12.1,11.8,21.4,6.9,11.1,12.5,14.8,8.6,7.5,8,1.1,17.3,10,9.2,10,13.9,13.9,25.9,25.9,6.4,21.9,15.9,5.4,7.9,6.3,6.5,5,5.1,6.1,11.5,11.3,17.6,17.6,18,11.2,13.7,12.9,14.1,27.4,25.5,19.1,18.7,20.6,14.4,16.6,11.9,15,NA,NA,NA,NA,NA,NA,NA,NA,NA,NA,NA,NA,NA,NA,NA,NA,NA,NA,NA,NA,NA,NA,NA,NA,NA,NA,NA,NA,NA,NA,NA,NA,NA,NA,NA,NA,NA,NA,NA,NA,NA,NA,NA,NA,NA,NA,NA,NA,NA,NA,NA,NA,NA,NA,NA,NA,NA,NA,NA,NA,NA,NA,NA,NA,NA,NA,NA,NA,NA,NA,NA,NA,NA,NA,NA,NA,NA,NA,NA,NA,NA,NA,NA
89. Moderately high (Systolic 160-179 mm of Hg and/or Diastolic 100-109 mm of Hg) (%),4.1,4.4,2.7,2.9,5.9,6.1,6,2.4,4,3.1,1.4,1.9,3.8,3.1,1.6,2.4,2.1,1.3,0,0.5,2,3.7,2.6,1,0.8,3.8,4.2,2.2,1.9,4.9,2,3,3.2,3.5,0,0.6,2.1,2.7,1.2,3.2,2.6,1,0.8,7.8,2.5,4.9,1.2,0.9,1,5.2,4.8,1.7,1.7,9.3,9.3,3.8,0,1.5,6.9,5.5,6.4,6.3,7.1,1,0.8,2.5,3.7,1.1,1.4,3,3.9,3.6,0,1.3,0,3.4,9.9,8.4,3.2,3.7,3.5,1,1.7,NA,NA,NA,NA,NA,NA,NA,NA,NA,NA,NA,NA,NA,NA,NA,NA,NA,NA,NA,NA,NA,NA,NA,NA,NA,NA,NA,NA,NA,NA,NA,NA,NA,NA,NA,NA,NA,NA,NA,NA,NA,NA,NA,NA,NA,NA,NA,NA,NA,NA,NA,NA,NA,NA,NA,NA,NA,NA,NA,NA,NA,NA,NA,NA,NA,NA,NA,NA,NA,NA,NA,NA,NA,NA,NA,NA,NA,NA,NA,NA,NA,NA,NA
90. Very high (Systolic ?180 mm of Hg and/or Diastolic ?110 mm of Hg) (%),0,0.4,0.9,1.3,1.9,1.7,1.8,0,0,0,1.5,1,0.8,1.5,3.1,2.4,2.7,0,0,0,1.5,4.3,2.5,0,0.8,2.9,2.5,0.6,0.5,1.8,1.6,1.7,0,0,1.7,1.4,0.7,1.2,6,1.6,2.8,0,0,0,0,0,0,0,0,0,0,1,1,0,0,0,0,0,1.7,0,1.1,1.1,0.7,0,0,0.8,0.6,0,0.8,0,0,0,0.9,1.5,0,0,1.9,1.6,2.8,1.6,2.1,2.1,1.5,NA,NA,NA,NA,NA,NA,NA,NA,NA,NA,NA,NA,NA,NA,NA,NA,NA,NA,NA,NA,NA,NA,NA,NA,NA,NA,NA,NA,NA,NA,NA,NA,NA,NA,NA,NA,NA,NA,NA,NA,NA,NA,NA,NA,NA,NA,NA,NA,NA,NA,NA,NA,NA,NA,NA,NA,NA,NA,NA,NA,NA,NA,NA,NA,NA,NA,NA,NA,NA,NA,NA,NA,NA,NA,NA,NA,NA,NA,NA,NA,NA,NA,NA
91. Cervix (%),35.6,36.9,52.8,47.7,40.8,44.4,43.4,51.2,49.7,41.8,32.7,36.2,49,49.9,43.6,46.2,45.2,40.9,44.3,43.1,32.4,52.1,38,51.3,56.2,50.5,48.6,49.6,50.1,53,39.4,44.4,51.2,49.2,44.1,45.3,45.1,46,51,57.8,55.7,52.4,49.9,46.4,54.9,50.6,28.4,33.9,30.9,46.9,43.8,41.2,41.2,39.4,39.4,38,31.2,34.9,35.6,40.2,37.2,53.3,52.8,54.7,52.1,47.2,46.8,49.7,49.1,38.8,49.6,45.7,32.2,33.7,36.3,37.6,40.1,37.7,39.4,40,39.8,43.2,38.3,NA,NA,NA,NA,NA,NA,NA,NA,NA,NA,NA,NA,NA,NA,NA,NA,NA,NA,NA,NA,NA,NA,NA,NA,NA,NA,NA,NA,NA,NA,NA,NA,NA,NA,NA,NA,NA,NA,NA,NA,NA,NA,NA,NA,NA,NA,NA,NA,NA,NA,NA,NA,NA,NA,NA,NA,NA,NA,NA,NA,NA,NA,NA,NA,NA,NA,NA,NA,NA,NA,NA,NA,NA,NA,NA,NA,NA,NA,NA,NA,NA,NA,NA
92. Breast (%),23.5,23.2,41.9,38.1,22.2,24,23.5,26.1,21.7,10.5,9.3,9.7,30.2,31.6,18.6,21.4,20.3,12.5,13.1,12.9,11.9,22.4,14.8,25.2,36.2,18.3,18,34.3,34,12.6,12,12.2,36.2,35.9,11.2,15.8,20.9,23.8,23.2,29.3,27.4,27.6,27.3,23,28.6,25.7,10,11.6,10.7,25.5,25.6,33.7,33.7,26.5,26.5,17.7,14.7,16.4,13.5,17.3,14.9,28.4,28.9,38.4,37.4,13.4,14.6,19.7,20.4,13.5,13.2,13.3,14.4,13.6,13,15.6,29.1,27.2,20.6,17.9,18.8,24.5,21.2,NA,NA,NA,NA,NA,NA,NA,NA,NA,NA,NA,NA,NA,NA,NA,NA,NA,NA,NA,NA,NA,NA,NA,NA,NA,NA,NA,NA,NA,NA,NA,NA,NA,NA,NA,NA,NA,NA,NA,NA,NA,NA,NA,NA,NA,NA,NA,NA,NA,NA,NA,NA,NA,NA,NA,NA,NA,NA,NA,NA,NA,NA,NA,NA,NA,NA,NA,NA,NA,NA,NA,NA,NA,NA,NA,NA,NA,NA,NA,NA,NA,NA,NA
93. Oral cavity (%),14.9,13.9,41,35.6,11.2,14.9,13.9,8.6,7.8,10.9,11,11,28.3,29.2,15.5,14.5,14.9,13.2,10.3,11.3,12.8,13.7,13,8.8,14.4,10.8,10.6,35.9,36.6,19.8,6.3,11.3,30.1,30.9,9.4,13.9,17.2,19.7,7.9,9.3,8.9,21.9,22.2,7.8,10.9,9.3,8.8,10.2,9.4,14.3,14.4,30.2,30.2,18.6,18.6,21.8,14.7,18.5,12.7,12.4,12.6,14.2,14.4,34.3,34,11.2,11.8,10.9,12.4,12.6,11,11.6,11.5,10.5,13.3,15.7,24.8,23.9,13.3,10.9,11.7,18.2,16.2,NA,NA,NA,NA,NA,NA,NA,NA,NA,NA,NA,NA,NA,NA,NA,NA,NA,NA,NA,NA,NA,NA,NA,NA,NA,NA,NA,NA,NA,NA,NA,NA,NA,NA,NA,NA,NA,NA,NA,NA,NA,NA,NA,NA,NA,NA,NA,NA,NA,NA,NA,NA,NA,NA,NA,NA,NA,NA,NA,NA,NA,NA,NA,NA,NA,NA,NA,NA,NA,NA,NA,NA,NA,NA,NA,NA,NA,NA,NA,NA,NA,NA,NA
