Residence,Pashchim Champaran - Rural,Pashchim Champaran - Total,Purba Champaran - Rural,Purba Champaran - Total,Sheohar - Rural,Sheohar - Total,Sitamarhi - Rural,Sitamarhi - Total,Madhubani - Rural,Madhubani - Total,Supaul - Rural,Supaul - Total,Araria - Rural,Araria - Total,Kishanganj - Rural,Kishanganj - Total,Purnia - Rural,Purnia - Total,Katihar - Rural,Katihar - Total,Madhepura - Rural,Madhepura - Total,Saharsa - Rural,Saharsa - Total,Darbhanga - Rural,Darbhanga - Total,Muzaffarpur - Rural,Muzaffarpur - Total,Gopalganj - Rural,Gopalganj - Total,Siwan - Rural,Siwan - Total,Saran - Rural,Saran - Total,Vaishali - Rural,Vaishali - Total,Samastipur - Rural,Samastipur - Total,Begusarai - Rural,Begusarai - Total,Khagaria - Rural,Khagaria - Total,Bhagalpur - Rural,Bhagalpur - Total,Banka - Rural,Banka - Total,Munger - Rural,Munger - Total,Lakhisarai - Rural,Lakhisarai - Total,Sheikhpura - Rural,Sheikhpura - Total,Nalanda - Rural,Nalanda - Total,Patna - Urban,Patna - Rural,Patna - Total,Bhojpur - Rural,Bhojpur - Total,Buxar - Rural,Buxar - Total,Kaimur (Bhabua) - Rural,Kaimur (Bhabua) - Total,Rohtas - Rural,Rohtas - Total,Aurangabad - Rural,Aurangabad - Total,Gaya - Rural,Gaya - Total,Nawada - Rural,Nawada - Total,Jamui - Rural,Jamui - Total,Jehanabad - Rural,Jehanabad - Total,Arwal - Rural,Arwal - Total,Note of Pashchim Champaran - Rural,Note of Pashchim Champaran - Total,Note of Purba Champaran - Rural,Note of Purba Champaran - Total,Note of Sheohar - Rural,Note of Sheohar - Total,Note of Sitamarhi - Rural,Note of Sitamarhi - Total,Note of Madhubani - Rural,Note of Madhubani - Total,Note of Supaul - Rural,Note of Supaul - Total,Note of Araria - Rural,Note of Araria - Total,Note of Kishanganj - Rural,Note of Kishanganj - Total,Note of Purnia - Rural,Note of Purnia - Total,Note of Katihar - Rural,Note of Katihar - Total,Note of Madhepura - Rural,Note of Madhepura - Total,Note of Saharsa - Rural,Note of Saharsa - Total,Note of Darbhanga - Rural,Note of Darbhanga - Total,Note of Muzaffarpur - Rural,Note of Muzaffarpur - Total,Note of Gopalganj - Rural,Note of Gopalganj - Total,Note of Siwan - Rural,Note of Siwan - Total,Note of Saran - Rural,Note of Saran - Total,Note of Vaishali - Rural,Note of Vaishali - Total,Note of Samastipur - Rural,Note of Samastipur - Total,Note of Begusarai - Rural,Note of Begusarai - Total,Note of Khagaria - Rural,Note of Khagaria - Total,Note of Bhagalpur - Rural,Note of Bhagalpur - Total,Note of Banka - Rural,Note of Banka - Total,Note of Munger - Rural,Note of Munger - Total,Note of Lakhisarai - Rural,Note of Lakhisarai - Total,Note of Sheikhpura - Rural,Note of Sheikhpura - Total,Note of Nalanda - Rural,Note of Nalanda - Total,Note of Patna - Urban,Note of Patna - Rural,Note of Patna - Total,Note of Bhojpur - Rural,Note of Bhojpur - Total,Note of Buxar - Rural,Note of Buxar - Total,Note of Kaimur (Bhabua) - Rural,Note of Kaimur (Bhabua) - Total,Note of Rohtas - Rural,Note of Rohtas - Total,Note of Aurangabad - Rural,Note of Aurangabad - Total,Note of Gaya - Rural,Note of Gaya - Total,Note of Nawada - Rural,Note of Nawada - Total,Note of Jamui - Rural,Note of Jamui - Total,Note of Jehanabad - Rural,Note of Jehanabad - Total,Note of Arwal - Rural,Note of Arwal - Total
Households surveyed,1226,1438,1675,1828,269,280,1313,1419,1591,1656,784,824,1016,1093,574,629,1053,1225,1071,1176,712,750,627,683,1440,1586,1617,1797,785,847,977,1034,1115,1237,1054,1170,1489,1564,898,1120,560,591,892,1170,728,757,375,511,262,314,158,198,769,944,1138,1027,2165,677,826,458,528,478,510,770,894,690,767,1176,1378,592,681,536,581,327,378,206,223,NA,NA,NA,NA,NA,NA,NA,NA,NA,NA,NA,NA,NA,NA,NA,NA,NA,NA,NA,NA,NA,NA,NA,NA,NA,NA,NA,NA,NA,NA,NA,NA,NA,NA,NA,NA,NA,NA,NA,NA,NA,NA,NA,NA,NA,NA,NA,NA,NA,NA,NA,NA,NA,NA,NA,NA,NA,NA,NA,NA,NA,NA,NA,NA,NA,NA,NA,NA,NA,NA,NA,NA,NA,NA,NA,NA,NA
Women age 15-49 years interviewed,1298,1541,2045,2242,297,309,1547,1686,1892,1970,1001,1043,1232,1332,718,786,1232,1440,1106,1233,831,877,757,814,1750,1902,1885,2069,1128,1217,1439,1522,1468,1653,1359,1552,1629,1709,1141,1420,667,704,1099,1482,894,929,397,560,335,401,210,263,849,1066,1464,1316,2780,1009,1216,633,729,581,624,1133,1313,864,971,1804,2083,774,899,682,735,379,444,273,297,NA,NA,NA,NA,NA,NA,NA,NA,NA,NA,NA,NA,NA,NA,NA,NA,NA,NA,NA,NA,NA,NA,NA,NA,NA,NA,NA,NA,NA,NA,NA,NA,NA,NA,NA,NA,NA,NA,NA,NA,NA,NA,NA,NA,NA,NA,NA,NA,NA,NA,NA,NA,NA,NA,NA,NA,NA,NA,NA,NA,NA,NA,NA,NA,NA,NA,NA,NA,NA,NA,NA,NA,NA,NA,NA,NA,NA
Men age 15-49 years interviewed,181,238,170,200,29,32,179,200,234,249,100,104,128,135,80,90,142,178,111,135,77,83,82,95,197,218,229,262,117,121,152,167,166,194,135,156,165,179,149,206,77,85,142,183,121,133,52,75,36,46,21,30,90,125,232,184,416,115,147,80,99,74,84,135,184,74,89,183,226,77,92,84,93,39,48,28,33,NA,NA,NA,NA,NA,NA,NA,NA,NA,NA,NA,NA,NA,NA,NA,NA,NA,NA,NA,NA,NA,NA,NA,NA,NA,NA,NA,NA,NA,NA,NA,NA,NA,NA,NA,NA,NA,NA,NA,NA,NA,NA,NA,NA,NA,NA,NA,NA,NA,NA,NA,NA,NA,NA,NA,NA,NA,NA,NA,NA,NA,NA,NA,NA,NA,NA,NA,NA,NA,NA,NA,NA,NA,NA,NA,NA,NA
1. Population (female) age 6+ years who ever attended school (%),49.9,52.8,50.3,50.6,51.6,52,51.9,53.4,51.1,51.6,47.7,47.6,51.7,52.5,45.8,46.8,54.9,57.8,49,51.5,44.6,46.4,46,48,52,53.8,56.5,57.8,62.5,61.7,62.3,62.5,59.6,61.5,57.4,58.7,55.2,56.4,54.6,57.2,52.5,53.7,54.8,59.7,52,52.6,64,67.6,59.2,60.1,55.8,59.4,54.4,56.7,75.6,59.9,67.9,60.9,62.4,64.3,66.5,59.9,61.4,66.2,67.2,60,61.2,54.9,56.2,53.4,56.3,52.3,53,56.8,59.6,59.3,59.3,NA,NA,NA,NA,NA,NA,NA,NA,NA,NA,NA,NA,NA,NA,NA,NA,NA,NA,NA,NA,NA,NA,NA,NA,NA,NA,NA,NA,NA,NA,NA,NA,NA,NA,NA,NA,NA,NA,NA,NA,NA,NA,NA,NA,NA,NA,NA,NA,NA,NA,NA,NA,NA,NA,NA,NA,NA,NA,NA,NA,NA,NA,NA,NA,NA,NA,NA,NA,NA,NA,NA,NA,NA,NA,NA,NA,NA
2. Population below age 15 years (%),41.6,41.4,43.1,42.9,43.3,43.5,41.8,41.6,40.5,40.4,42.3,42.4,43.3,42.7,41,40.6,43.3,41.9,41.9,41.2,44.9,44.4,41.3,40.8,41.6,41.3,38.2,37.4,38.6,38.3,36.1,36,38.8,38,37.9,37.2,39.9,39.8,40.4,40,43.1,42.5,39.8,38.2,39.1,38.9,36.5,35.2,39.1,39.1,42.5,40.8,40.4,39.8,30.8,36.5,33.6,36.7,36.1,37.6,37,38.1,38.2,37,36.6,37.1,36.7,40.3,39.4,39.5,38.7,39.5,39,37.6,37.1,38.6,38.2,NA,NA,NA,NA,NA,NA,NA,NA,NA,NA,NA,NA,NA,NA,NA,NA,NA,NA,NA,NA,NA,NA,NA,NA,NA,NA,NA,NA,NA,NA,NA,NA,NA,NA,NA,NA,NA,NA,NA,NA,NA,NA,NA,NA,NA,NA,NA,NA,NA,NA,NA,NA,NA,NA,NA,NA,NA,NA,NA,NA,NA,NA,NA,NA,NA,NA,NA,NA,NA,NA,NA,NA,NA,NA,NA,NA,NA
3. Sex ratio of the total population (females per 1000 males),934,936,1054,1064,1155,1143,1105,1103,1151,1147,1129,1123,1108,1110,1102,1086,1107,1091,1045,1039,1132,1130,1051,1044,1158,1145,1074,1059,1159,1160,1126,1119,1074,1075,1050,1023,1062,1063,1050,1044,1054,1043,1014,1015,1005,1006,986,970,1056,1013,1120,1104,1058,1037,923,1009,964,1066,1033,1054,1034,1026,1027,1031,1029,1088,1084,1096,1076,1158,1169,1046,1036,1135,1103,1141,1145,NA,NA,NA,NA,NA,NA,NA,NA,NA,NA,NA,NA,NA,NA,NA,NA,NA,NA,NA,NA,NA,NA,NA,NA,NA,NA,NA,NA,NA,NA,NA,NA,NA,NA,NA,NA,NA,NA,NA,NA,NA,NA,NA,NA,NA,NA,NA,NA,NA,NA,NA,NA,NA,NA,NA,NA,NA,NA,NA,NA,NA,NA,NA,NA,NA,NA,NA,NA,NA,NA,NA,NA,NA,NA,NA,NA,NA
4. Sex ratio at birth for children born in the last five years (females per 1000 males),874,893,862,894,897,900,978,993,941,954,919,909,965,969,970,945,926,912,892,860,882,895,976,968,964,974,924,930,1035,1042,976,983,998,976,851,829,1045,1049,1016,955,984,970,855,916,745,766,904,878,952,934,1020,1013,885,859,969,1059,1017,986,885,961,962,885,893,846,892,919,905,943,945,948,983,903,900,841,846,917,932,NA,NA,NA,NA,NA,NA,NA,NA,NA,NA,NA,NA,NA,NA,NA,NA,NA,NA,NA,NA,NA,NA,NA,NA,NA,NA,NA,NA,NA,NA,NA,NA,NA,NA,NA,NA,NA,NA,NA,NA,NA,NA,NA,NA,NA,NA,NA,NA,NA,NA,NA,NA,NA,NA,NA,NA,NA,NA,NA,NA,NA,NA,NA,NA,NA,NA,NA,NA,NA,NA,NA,NA,NA,NA,NA,NA,NA
5. Children under age 5 years whose birth was registered (%),49.9,50.5,43,44.7,52.6,52.2,55.7,56.5,53.6,53.7,57.4,55.9,49.6,50.5,64.9,66.2,57.2,59.4,61.7,62.4,55.2,56.3,51.2,52,65.3,65.4,59.2,60,60.4,60.1,67.5,67.1,55.6,56.3,77.9,78.5,57.7,58.9,70.2,68,62.3,62.5,80.6,78.7,80.5,80.8,63.8,63.4,50.4,51.6,60.1,59,62.4,63.2,62.5,70.5,66.8,89.5,89.2,64.7,63.2,61.8,62.6,67.9,64.9,55.4,57.2,57.2,56.2,50.2,51,52,53,66,63.6,88.1,88.8,NA,NA,NA,NA,NA,NA,NA,NA,NA,NA,NA,NA,NA,NA,NA,NA,NA,NA,NA,NA,NA,NA,NA,NA,NA,NA,NA,NA,NA,NA,NA,NA,NA,NA,NA,NA,NA,NA,NA,NA,NA,NA,NA,NA,NA,NA,NA,NA,NA,NA,NA,NA,NA,NA,NA,NA,NA,NA,NA,NA,NA,NA,NA,NA,NA,NA,NA,NA,NA,NA,NA,NA,NA,NA,NA,NA,NA
6. Households with electricity (%),38.6,46.1,37.6,40.4,59,59.7,37.2,39.4,52.8,53.7,59.9,60.9,45.6,48.6,49.5,51.1,45.3,50.6,25.1,31.6,51.1,53.3,55.6,58.3,55.5,58.4,70.9,72.7,56.5,56.8,51.5,53.2,55.9,59,60.4,63.1,37.6,39.9,59.7,63.6,52.3,54.2,64.1,69.2,46.7,47.2,61.3,68.8,77.1,79.3,77.7,79.1,63.5,69.3,96.3,76,86.6,59.4,64.5,61.5,65.7,72,73.6,79.7,81.1,56.7,59.7,68,71.2,50.5,56.7,59.8,62,64.8,68.8,43.9,47.1,NA,NA,NA,NA,NA,NA,NA,NA,NA,NA,NA,NA,NA,NA,NA,NA,NA,NA,NA,NA,NA,NA,NA,NA,NA,NA,NA,NA,NA,NA,NA,NA,NA,NA,NA,NA,NA,NA,NA,NA,NA,NA,NA,NA,NA,NA,NA,NA,NA,NA,NA,NA,NA,NA,NA,NA,NA,NA,NA,NA,NA,NA,NA,NA,NA,NA,NA,NA,NA,NA,NA,NA,NA,NA,NA,NA,NA
7. Households with an improved drinking-water source1 (%),96.6,96.1,99.3,99.4,99.6,99.5,100,100,99.7,99.6,100,99.9,99.6,99.6,98.7,98.8,100,99.7,99.9,99.2,100,100,99.7,99.7,99.9,99.9,99.7,99.4,98.9,99,98.6,98.4,98.4,98.4,98.1,97.6,98.6,98.5,99.1,99.1,99.1,98.8,97.3,97.3,92.8,92.9,88.6,90.5,92.9,93.8,94.6,94.4,98.7,97.9,98.5,99.1,98.8,99.9,99.9,99.9,99.7,95,95.3,99.3,99.4,98.8,98.8,96.3,96.7,98.6,98.8,77.5,78.6,99.3,99.4,99,99.1,NA,NA,NA,NA,NA,NA,NA,NA,NA,NA,NA,NA,NA,NA,NA,NA,NA,NA,NA,NA,NA,NA,NA,NA,NA,NA,NA,NA,NA,NA,NA,NA,NA,NA,NA,NA,NA,NA,NA,NA,NA,NA,NA,NA,NA,NA,NA,NA,NA,NA,NA,NA,NA,NA,NA,NA,NA,NA,NA,NA,NA,NA,NA,NA,NA,NA,NA,NA,NA,NA,NA,NA,NA,NA,NA,NA,NA
8. Households using improved sanitation facility2 (%),12.4,21.4,19.8,20.5,20.6,21,17.5,20.2,18.2,19.1,15.3,15.8,9.8,12.5,14.4,15.9,11,14.4,16.3,21.5,12.9,15,13.9,16.6,25.1,27.7,24.1,28.5,26.1,26.4,22.2,23.6,22,25.4,30.4,30.5,17.5,19.2,30.5,34.2,28.9,30.8,26.5,32.3,13.8,14.3,27.4,34.1,35.6,36.8,29.6,33.6,24.4,31,67.6,30.3,49.9,21.2,26.2,23.3,27.9,19,21.5,22.1,25.9,22.6,27.1,23.3,26.8,23.8,28.8,12.7,14.8,24.9,29.3,20.8,21.3,NA,NA,NA,NA,NA,NA,NA,NA,NA,NA,NA,NA,NA,NA,NA,NA,NA,NA,NA,NA,NA,NA,NA,NA,NA,NA,NA,NA,NA,NA,NA,NA,NA,NA,NA,NA,NA,NA,NA,NA,NA,NA,NA,NA,NA,NA,NA,NA,NA,NA,NA,NA,NA,NA,NA,NA,NA,NA,NA,NA,NA,NA,NA,NA,NA,NA,NA,NA,NA,NA,NA,NA,NA,NA,NA,NA,NA
9. Households using clean fuel for cooking3 (%),7.8,18.1,12.1,14.4,9.9,11.1,9.1,12.8,10.9,12.2,5.7,6.1,2.2,5.2,3,5.6,2.7,8.6,4.2,10,5.2,9,8.4,12.9,12.7,18.3,15.4,21.9,19.3,20.4,17.1,20,11.5,17.4,16.1,21,11.7,14,12.3,16.5,10.5,13.4,10.8,23.2,8.1,9.3,15.7,26.3,11.3,14.7,7.8,16.5,13.2,23.4,81.1,19.2,51.7,13.3,21,15.5,23.3,9.1,13.8,10.9,17.9,10.4,16.6,10.2,15.6,14,21,6.6,9.2,10.3,20.1,7.9,10.2,NA,NA,NA,NA,NA,NA,NA,NA,NA,NA,NA,NA,NA,NA,NA,NA,NA,NA,NA,NA,NA,NA,NA,NA,NA,NA,NA,NA,NA,NA,NA,NA,NA,NA,NA,NA,NA,NA,NA,NA,NA,NA,NA,NA,NA,NA,NA,NA,NA,NA,NA,NA,NA,NA,NA,NA,NA,NA,NA,NA,NA,NA,NA,NA,NA,NA,NA,NA,NA,NA,NA,NA,NA,NA,NA,NA,NA
10. Households using iodized salt (%),89.7,89.9,91.8,91.7,90.1,90.4,95,95.4,79.7,80,98.4,98.2,96.2,95.3,95.6,95.9,95.2,95.9,97.7,97.9,96.1,96.3,93.2,93.7,90.7,91.6,94.4,94.7,90.6,91.2,96.2,96.2,79.3,80.4,94.9,95.5,87,87.6,98,98.3,97.2,97.2,88.3,89.7,89.7,89.7,95.5,95.7,98.7,98.9,93.2,94.4,97.3,97.8,99.7,97.5,98.7,92.3,92,98.2,98.4,96.3,96.5,99.1,99.2,93.1,93.7,98.3,98.6,97.8,98,92.1,92.8,97,97.2,93.2,92.7,NA,NA,NA,NA,NA,NA,NA,NA,NA,NA,NA,NA,NA,NA,NA,NA,NA,NA,NA,NA,NA,NA,NA,NA,NA,NA,NA,NA,NA,NA,NA,NA,NA,NA,NA,NA,NA,NA,NA,NA,NA,NA,NA,NA,NA,NA,NA,NA,NA,NA,NA,NA,NA,NA,NA,NA,NA,NA,NA,NA,NA,NA,NA,NA,NA,NA,NA,NA,NA,NA,NA,NA,NA,NA,NA,NA,NA
11. Households with any usual member covered by a health scheme or health insurance (%),11.1,10,10.5,10.8,7.8,7.5,6.2,6.5,12.2,12.1,8.7,8.4,5.5,5.4,10.2,10.9,18.5,17,16.9,15.7,9.4,9.3,9.4,9.3,14.9,15.2,10,10.2,8.6,8.7,12.1,12,8.5,8.3,24.7,24.3,11.9,11.6,13.5,12.2,7.7,7.9,24.3,23.9,16.1,16,6.9,8.1,10.5,9.3,20.4,21.1,29.8,27.2,7.2,11.8,9.4,17.2,14.7,9.3,10.9,21.1,20,5.6,5.6,21.4,20.5,3,2.8,19.3,18.7,2.6,2.7,17.7,17.7,24.9,25,NA,NA,NA,NA,NA,NA,NA,NA,NA,NA,NA,NA,NA,NA,NA,NA,NA,NA,NA,NA,NA,NA,NA,NA,NA,NA,NA,NA,NA,NA,NA,NA,NA,NA,NA,NA,NA,NA,NA,NA,NA,NA,NA,NA,NA,NA,NA,NA,NA,NA,NA,NA,NA,NA,NA,NA,NA,NA,NA,NA,NA,NA,NA,NA,NA,NA,NA,NA,NA,NA,NA,NA,NA,NA,NA,NA,NA
12. Women who are literate (%),39.5,44.4,44,44.6,40.4,40.9,36.2,37.6,40.1,40.9,36.1,35.9,36.6,38.8,32.2,33.7,35.6,41.1,36.4,40.2,29.7,32.6,36.5,39,40.9,43.5,51.7,53.8,57.5,57,61.3,61.6,55,57.5,51.2,54.1,49.3,50,47.3,50.7,41.8,44.2,46.3,54.6,42,42.7,57.2,62.5,50.7,52.4,43.6,49.1,44.8,48.8,75.1,53.2,64.7,54.1,56.4,59.6,62.9,58,59.7,62.6,64.2,56.9,59.3,48.1,50.2,43.2,47.5,42.8,44.4,51,55.3,54.2,54.6,NA,NA,NA,NA,NA,NA,NA,NA,NA,NA,NA,NA,NA,NA,NA,NA,NA,NA,NA,NA,NA,NA,NA,NA,NA,NA,NA,NA,NA,NA,NA,NA,NA,NA,NA,NA,NA,NA,NA,NA,NA,NA,NA,NA,NA,NA,NA,NA,NA,NA,NA,NA,NA,NA,NA,NA,NA,NA,NA,NA,NA,NA,NA,NA,NA,NA,NA,NA,NA,NA,NA,NA,NA,NA,NA,NA,NA
13. Men who are literate (%),70.4,75.1,63.2,67,70.6,69.5,65.1,66.2,76.3,76.6,81.7,80.7,64.8,64.9,46.9,46.8,74.4,78.5,62,65.7,76,76.9,62.1,63.2,79.7,79.9,75,76.9,85.1,85.6,88.7,89.1,80.8,82.1,80.6,82.4,78.9,80.6,67.1,75.2,74,76.3,75.8,77,78.4,79.8,84.7,86.7,80.3,77.9,69.6,76.6,76.4,76.5,93.3,76,85.6,85.7,87.3,87.6,89.1,79.1,80.5,78.6,82,90.1,91,78.4,79.9,65.5,68.7,76.8,75.5,74.6,78,82.4,84.8,NA,NA,NA,NA,NA,NA,NA,NA,NA,NA,NA,NA,NA,NA,NA,NA,NA,NA,NA,NA,NA,NA,NA,NA,NA,NA,NA,NA,NA,NA,NA,NA,NA,NA,NA,NA,NA,NA,NA,NA,NA,NA,NA,NA,NA,NA,NA,NA,NA,NA,NA,NA,NA,NA,NA,NA,NA,NA,NA,NA,NA,NA,NA,NA,NA,NA,NA,NA,NA,NA,NA,NA,NA,NA,NA,NA,NA
14. Women with 10 or more years of schooling (%),11.9,17.2,12.1,13.1,13.8,13.8,10.8,12.2,18,18.8,13.6,13.4,11.5,12.9,10.9,12.1,11.9,15.1,12.3,15.2,12.4,14.9,15.1,17.8,15.9,18.7,20.8,23.6,26.8,26.7,28.7,29.4,24.1,28.1,25.8,28.2,21.9,23.1,18.5,21.4,18.5,20.7,18.4,26.4,16.6,17.4,23.9,29.3,25.1,25.3,17.7,22.1,21,24.8,52.2,25.6,39.6,25.9,28.5,26.7,31.1,27.3,28.8,29.6,32.3,29.3,32.1,23.2,24.5,21.8,26.4,15.3,16.5,29.7,33,30.5,30.6,NA,NA,NA,NA,NA,NA,NA,NA,NA,NA,NA,NA,NA,NA,NA,NA,NA,NA,NA,NA,NA,NA,NA,NA,NA,NA,NA,NA,NA,NA,NA,NA,NA,NA,NA,NA,NA,NA,NA,NA,NA,NA,NA,NA,NA,NA,NA,NA,NA,NA,NA,NA,NA,NA,NA,NA,NA,NA,NA,NA,NA,NA,NA,NA,NA,NA,NA,NA,NA,NA,NA,NA,NA,NA,NA,NA,NA
15. Women age 20-24 years married before age 18 years (%),38.2,37.9,39.7,43.5,48.2,48.7,50.5,49.7,41.5,40.9,56.7,56.9,45.7,44.5,24.3,24.4,36.9,36.8,39.7,38.6,58.5,56.3,39.8,37.4,43.5,41.2,35,35.4,27,28.3,26.4,27.5,29.8,26.9,48.7,46,50.4,49.6,55,53.2,47.4,46.1,33.9,27,46.8,45.5,39,32.6,43.4,42.8,41.1,40.4,49.4,41.7,25.3,30.2,27.7,33.6,32,32.5,30.7,31.7,29.8,30.3,28.3,34.9,31.4,51.3,47.6,44.5,40.1,51.9,50.8,39.7,36.6,38.9,38.9,NA,NA,NA,NA,NA,NA,NA,NA,NA,NA,NA,NA,NA,NA,NA,NA,NA,NA,NA,NA,NA,NA,NA,NA,NA,NA,NA,NA,NA,NA,NA,NA,NA,NA,NA,NA,NA,NA,NA,NA,NA,NA,NA,NA,NA,NA,NA,NA,NA,NA,NA,NA,NA,NA,NA,NA,NA,NA,NA,NA,NA,NA,NA,NA,NA,NA,NA,NA,NA,NA,NA,NA,NA,NA,NA,NA,NA
16. Men age 25-29 years married before age 21 years (%),NA,NA,NA,NA,NA,NA,NA,NA,NA,NA,NA,NA,NA,NA,NA,NA,NA,42.7,NA,NA,NA,NA,NA,27.8,NA,NA,40.6,44.2,NA,NA,NA,NA,NA,NA,NA,NA,NA,NA,NA,NA,NA,NA,24,20.5,NA,NA,NA,NA,NA,NA,NA,NA,NA,NA,18.6,NA,32.8,NA,NA,NA,NA,NA,NA,NA,NA,NA,36.3,NA,NA,NA,NA,72.4,66.3,NA,NA,NA,NA,*,*,*,*,*,*,*,*,*,*,*,*,*,*,*,*,*,NA,*,*,*,*,*,NA,*,*,NA,NA,*,*,*,*,*,*,*,*,*,*,*,*,*,*,NA,NA,*,*,*,*,*,*,*,*,*,*,NA,*,NA,*,*,*,*,*,*,*,*,*,NA,*,*,*,*,NA,NA,*,*,*,*
17. Women age 15-19 years who were already mothers or pregnant at the time of the survey (%),23.4,19.9,18,17.7,13.7,14,11.7,11.1,12.3,12,17.9,18.6,12.2,11.2,7.1,6.6,12.7,12.3,15.8,14.3,20.2,19.2,12.6,11.8,11.5,11.5,13,13.1,5.3,6.5,6.1,5.9,9.9,10.4,12.6,12.7,20,19.3,17.9,15.4,17.6,16.8,8.7,8.2,10.4,10.6,9.4,9.1,10.8,12.4,14,14,16.3,14.7,6.7,10.7,8.6,7.9,7.2,6.3,5.5,9.3,8.8,11.1,10.2,7.2,7.2,14.1,14.9,11,10.8,14.7,14.9,13.6,13,9.8,9.7,NA,NA,NA,NA,NA,NA,NA,NA,NA,NA,NA,NA,NA,NA,NA,NA,NA,NA,NA,NA,NA,NA,NA,NA,NA,NA,NA,NA,NA,NA,NA,NA,NA,NA,NA,NA,NA,NA,NA,NA,NA,NA,NA,NA,NA,NA,NA,NA,NA,NA,NA,NA,NA,NA,NA,NA,NA,NA,NA,NA,NA,NA,NA,NA,NA,NA,NA,NA,NA,NA,NA,NA,NA,NA,NA,NA,NA
18. Any method (%),3.7,4,5.7,5.5,18.2,18.7,34,33.8,16.5,16.5,34.1,33.7,30.3,29.9,12.7,12.2,30.9,31.6,25.6,26.7,22.9,23.7,28.1,29.2,16.4,17.4,9.1,9.2,8.8,9.1,9.6,9.9,8.5,8.7,23.6,24,11.9,13,33.6,35.2,27.7,28.3,20.4,24.6,26,26.9,34.4,35.4,32.4,34.7,32.1,32.6,31.3,30.5,43.8,34.9,39.4,24.9,27.7,34.1,35,34,34.1,42.6,44.8,32.1,32.8,32.6,35.7,29.8,30.6,24,23.7,32.6,34.9,28.7,29,NA,NA,NA,NA,NA,NA,NA,NA,NA,NA,NA,NA,NA,NA,NA,NA,NA,NA,NA,NA,NA,NA,NA,NA,NA,NA,NA,NA,NA,NA,NA,NA,NA,NA,NA,NA,NA,NA,NA,NA,NA,NA,NA,NA,NA,NA,NA,NA,NA,NA,NA,NA,NA,NA,NA,NA,NA,NA,NA,NA,NA,NA,NA,NA,NA,NA,NA,NA,NA,NA,NA,NA,NA,NA,NA,NA,NA
19. Any modern method (%),3.6,3.9,5.7,5.5,17.7,17.9,31.9,31.9,16.2,16.2,34,33.6,29.5,29.1,12.4,12,30.3,30.2,25.6,26.7,22.9,23.7,27.3,28.4,15.8,16.9,9.1,9.2,8.6,8.8,9.2,9.4,7.8,8,23.1,23.4,11.6,12.6,33.5,34.6,27.2,27.6,19,22.9,24.8,25.8,33.2,33.6,32.1,34.4,30.9,31.3,30.8,30.1,41.8,34.1,38,23.4,26.5,32.6,33.3,34,34.1,40.5,42.4,32.1,32.8,32.5,33.8,29.7,29.1,23.5,23.2,31,32.3,26.7,27.2,NA,NA,NA,NA,NA,NA,NA,NA,NA,NA,NA,NA,NA,NA,NA,NA,NA,NA,NA,NA,NA,NA,NA,NA,NA,NA,NA,NA,NA,NA,NA,NA,NA,NA,NA,NA,NA,NA,NA,NA,NA,NA,NA,NA,NA,NA,NA,NA,NA,NA,NA,NA,NA,NA,NA,NA,NA,NA,NA,NA,NA,NA,NA,NA,NA,NA,NA,NA,NA,NA,NA,NA,NA,NA,NA,NA,NA
20. Female sterilization (%),2,2,3.9,3.6,15.2,15.4,27,26.8,14.3,14.2,32.7,32.1,27.2,26.2,9.3,8.9,28.1,27.5,24.1,24.9,22.1,22.8,25.4,26,14.1,15.2,8.4,8.5,6.8,7.1,6.4,6.6,4.9,5,21,21.4,7.5,8.2,32.1,32.6,25.1,25.2,17.8,20.7,23.4,24.3,30.3,30.7,28.9,30.5,28.1,27.8,28.7,27.4,34.8,31.5,33.2,20.9,23.3,30,29.8,32.5,32.2,38.8,40.2,30.4,30.5,30.4,31.5,26.8,26.1,21.7,21.4,27.1,27.9,24.1,24.8,NA,NA,NA,NA,NA,NA,NA,NA,NA,NA,NA,NA,NA,NA,NA,NA,NA,NA,NA,NA,NA,NA,NA,NA,NA,NA,NA,NA,NA,NA,NA,NA,NA,NA,NA,NA,NA,NA,NA,NA,NA,NA,NA,NA,NA,NA,NA,NA,NA,NA,NA,NA,NA,NA,NA,NA,NA,NA,NA,NA,NA,NA,NA,NA,NA,NA,NA,NA,NA,NA,NA,NA,NA,NA,NA,NA,NA
21. Male sterilization (%),0,0,0,0,0.1,0.1,0,0,0,0,0.1,0.1,0,0,0,0,0.1,0.1,0,0,0,0,0,0,0,0,0,0,0.1,0.1,0,0,0,0,0.1,0.1,0,0,0,0.1,0,0,0,0,0,0,0,0,0.1,0.1,0,0,0.1,0.1,0.1,0,0.1,0,0,0,0,0,0,0.3,0.2,0.2,0.2,0,0,0.1,0.1,0,0,0,0.1,0,0,NA,NA,NA,NA,NA,NA,NA,NA,NA,NA,NA,NA,NA,NA,NA,NA,NA,NA,NA,NA,NA,NA,NA,NA,NA,NA,NA,NA,NA,NA,NA,NA,NA,NA,NA,NA,NA,NA,NA,NA,NA,NA,NA,NA,NA,NA,NA,NA,NA,NA,NA,NA,NA,NA,NA,NA,NA,NA,NA,NA,NA,NA,NA,NA,NA,NA,NA,NA,NA,NA,NA,NA,NA,NA,NA,NA,NA
22. IUD/PPIUD (%),0.1,0.1,0.3,0.3,0.4,0.4,0.6,0.6,0.1,0.2,0.3,0.4,0.2,0.2,0.2,0.1,0,0,0.4,0.5,0.1,0.2,0.5,0.5,1.2,1.1,0,0.1,0.2,0.1,0.2,0.2,0.3,0.4,0.1,0.1,1.2,1.3,0.4,0.4,0.3,0.4,0,0.6,0.4,0.5,0.3,0.3,0.6,1,1,1.2,0.8,0.8,2,0.7,1.4,0.3,0.5,0.5,0.5,0.3,0.5,0.2,0.2,0.2,0.6,0.5,0.6,0.7,0.9,0.3,0.3,1,1,0.6,0.5,NA,NA,NA,NA,NA,NA,NA,NA,NA,NA,NA,NA,NA,NA,NA,NA,NA,NA,NA,NA,NA,NA,NA,NA,NA,NA,NA,NA,NA,NA,NA,NA,NA,NA,NA,NA,NA,NA,NA,NA,NA,NA,NA,NA,NA,NA,NA,NA,NA,NA,NA,NA,NA,NA,NA,NA,NA,NA,NA,NA,NA,NA,NA,NA,NA,NA,NA,NA,NA,NA,NA,NA,NA,NA,NA,NA,NA
23. Pill (%),0.6,0.5,0.6,0.7,0.6,0.6,1.5,1.6,1,0.9,0.4,0.6,0.6,1.3,1.6,1.4,0.6,0.9,0.3,0.2,0.2,0.2,0.7,1,0.5,0.5,0.3,0.3,1,0.9,1.7,1.6,0.9,0.8,0.5,0.5,0.8,0.8,0.9,1,0.6,0.6,0.3,0.2,0.3,0.3,0.4,0.3,0.9,1,1.1,1,0.7,1,0.7,0.8,0.8,1.1,1.3,0.4,0.8,0.3,0.5,0.6,0.7,0.5,0.5,0.6,0.5,1.2,1,0.7,0.9,1.8,2,0.5,0.4,NA,NA,NA,NA,NA,NA,NA,NA,NA,NA,NA,NA,NA,NA,NA,NA,NA,NA,NA,NA,NA,NA,NA,NA,NA,NA,NA,NA,NA,NA,NA,NA,NA,NA,NA,NA,NA,NA,NA,NA,NA,NA,NA,NA,NA,NA,NA,NA,NA,NA,NA,NA,NA,NA,NA,NA,NA,NA,NA,NA,NA,NA,NA,NA,NA,NA,NA,NA,NA,NA,NA,NA,NA,NA,NA,NA,NA
24. Condom (%),0.5,0.8,0.8,0.8,1.2,1.3,2.2,2.2,0.6,0.7,0.2,0.2,0.8,0.8,1.2,1.4,1,0.9,0.9,1,0.3,0.3,0.2,0.4,0,0,0.3,0.2,0.3,0.3,0.8,0.9,1.6,1.7,1,1,1.4,1.5,0.1,0.6,0.4,0.7,0.5,1,0.5,0.5,1.4,1.7,1.1,1.1,0.6,0.7,0.4,0.8,3.2,0.9,2,0.8,1.1,1.3,1.5,0.7,0.9,0.6,1.1,0.6,0.8,0.9,1.1,0.9,1,0.4,0.4,1,1,1.4,1.3,NA,NA,NA,NA,NA,NA,NA,NA,NA,NA,NA,NA,NA,NA,NA,NA,NA,NA,NA,NA,NA,NA,NA,NA,NA,NA,NA,NA,NA,NA,NA,NA,NA,NA,NA,NA,NA,NA,NA,NA,NA,NA,NA,NA,NA,NA,NA,NA,NA,NA,NA,NA,NA,NA,NA,NA,NA,NA,NA,NA,NA,NA,NA,NA,NA,NA,NA,NA,NA,NA,NA,NA,NA,NA,NA,NA,NA
25. Total unmet need (%),22.5,22.4,23.6,23.6,25.7,26,19.6,19.6,21.9,22.2,18,18.3,19.7,19.3,23.7,24.9,22.3,22.8,22.5,22.3,17.5,17.4,19.9,19.8,23.8,23.9,19.6,19.2,24.7,24.5,25.4,25,25.5,26.2,21.7,20.7,26,25.6,21.7,21.4,22.3,22.1,19.8,19.3,19.3,18.9,21.4,21.3,22.9,21.9,20.6,19.8,22.3,23.1,17,18.6,17.8,19.7,18.9,16.2,17.2,19.2,19.2,17.3,16.9,19.9,19.9,19.9,18.6,21.9,21.5,22.2,22.1,18,17.5,20.4,20.8,NA,NA,NA,NA,NA,NA,NA,NA,NA,NA,NA,NA,NA,NA,NA,NA,NA,NA,NA,NA,NA,NA,NA,NA,NA,NA,NA,NA,NA,NA,NA,NA,NA,NA,NA,NA,NA,NA,NA,NA,NA,NA,NA,NA,NA,NA,NA,NA,NA,NA,NA,NA,NA,NA,NA,NA,NA,NA,NA,NA,NA,NA,NA,NA,NA,NA,NA,NA,NA,NA,NA,NA,NA,NA,NA,NA,NA
26. Unmet need for spacing (%),8.3,8.6,10.1,10.1,12,12.2,10.2,10.1,6.9,7.3,9.1,9.1,9.3,9,7.9,8.1,10,10.5,9.9,9.4,8.2,8.3,10.3,10.3,9.8,9.4,9.9,9.4,8.9,8.8,9.9,9.4,9.9,10.5,10.2,9.5,11.3,11.1,11.2,10.2,12.3,12,9.3,9.6,8.2,8.2,11.5,11.2,9.8,9.9,8.5,8.1,11.7,11.4,8.1,7.8,7.9,8.7,8.2,5.9,6.2,8.7,8.4,7.7,7.7,11.1,10.5,12.2,10.9,10.2,9.7,10.2,9.8,8,7.7,9.9,9.9,NA,NA,NA,NA,NA,NA,NA,NA,NA,NA,NA,NA,NA,NA,NA,NA,NA,NA,NA,NA,NA,NA,NA,NA,NA,NA,NA,NA,NA,NA,NA,NA,NA,NA,NA,NA,NA,NA,NA,NA,NA,NA,NA,NA,NA,NA,NA,NA,NA,NA,NA,NA,NA,NA,NA,NA,NA,NA,NA,NA,NA,NA,NA,NA,NA,NA,NA,NA,NA,NA,NA,NA,NA,NA,NA,NA,NA
27. Health worker ever talked to female non-users about family planning5 (%),12.7,12.8,8.1,8.4,12.7,12.8,15.5,16.5,8.6,8.6,7.3,7.1,20.4,20,8.9,8.6,22,21.7,9.5,11.3,8.3,8,18.4,17.8,5.4,5.2,5.6,5.4,8.9,8.6,8.2,8.1,9.4,9.2,14.6,12.8,12.2,11.9,13.2,12.3,11,10.9,8.8,8.6,11.6,11.8,15.5,19.8,13.3,14,26.7,23,13.5,14.3,27.3,21.1,24.2,8.3,9.4,10.9,11.8,7.6,7.5,13.1,14.6,10,10.2,10.9,10.8,20.2,18.5,20.8,20.9,25.3,22.6,11.1,10.7,NA,NA,NA,NA,NA,NA,NA,NA,NA,NA,NA,NA,NA,NA,NA,NA,NA,NA,NA,NA,NA,NA,NA,NA,NA,NA,NA,NA,NA,NA,NA,NA,NA,NA,NA,NA,NA,NA,NA,NA,NA,NA,NA,NA,NA,NA,NA,NA,NA,NA,NA,NA,NA,NA,NA,NA,NA,NA,NA,NA,NA,NA,NA,NA,NA,NA,NA,NA,NA,NA,NA,NA,NA,NA,NA,NA,NA
28. Current users ever told about side effects of current method (%),NA,NA,NA,32.3,21.7,21.7,39,40,12.3,11.8,39,38.1,36.7,35.8,29.7,29.7,49.3,48.5,34.5,34.3,33.9,32,40,38.4,40,40.6,21.7,23,37.6,37.5,51.5,49.4,NA,NA,29.8,30.5,39.9,39.7,20.5,25,30.5,31.7,22.8,21.5,26.2,28.1,41.5,41.1,43,45,51.5,46.5,26.5,25.3,48.7,53.6,51.3,38.8,37.3,33.3,37,21.9,23.3,28.1,26.4,31.3,31.7,23.8,23.3,31.4,32.3,54.6,54,47.9,46,29,28.9,*,*,*,NA,NA,NA,NA,NA,NA,NA,NA,NA,NA,NA,NA,NA,NA,NA,NA,NA,NA,NA,NA,NA,NA,NA,NA,NA,NA,NA,NA,NA,*,*,NA,NA,NA,NA,NA,NA,NA,NA,NA,NA,NA,NA,NA,NA,NA,NA,NA,NA,NA,NA,NA,NA,NA,NA,NA,NA,NA,NA,NA,NA,NA,NA,NA,NA,NA,NA,NA,NA,NA,NA,NA,NA,NA
29. Mothers who had antenatal check-up in the first trimester (%),18.9,22.5,22.3,22.1,27.3,28.2,32.7,32.5,27.8,27.3,31.5,32.4,37.7,36.9,37.8,38,34.2,35.5,31.5,33.3,34.6,35.6,33.5,35.7,24,25.4,23.8,25.1,39.8,38.8,40,39.7,31.3,34.2,32.2,32.5,27,29.3,32.1,33,32.9,33.9,41.6,43.4,40.8,40.9,37.9,42.1,37.1,37.3,41.9,42.4,37.5,40.2,63.5,41.9,51.9,39.5,42.3,43.4,46.5,29.9,30,40.9,41.5,40.9,42.2,30.8,33.3,42.3,43.9,35.2,36.4,42.5,44.3,43.2,44.3,NA,NA,NA,NA,NA,NA,NA,NA,NA,NA,NA,NA,NA,NA,NA,NA,NA,NA,NA,NA,NA,NA,NA,NA,NA,NA,NA,NA,NA,NA,NA,NA,NA,NA,NA,NA,NA,NA,NA,NA,NA,NA,NA,NA,NA,NA,NA,NA,NA,NA,NA,NA,NA,NA,NA,NA,NA,NA,NA,NA,NA,NA,NA,NA,NA,NA,NA,NA,NA,NA,NA,NA,NA,NA,NA,NA,NA
30. Mothers who had at least 4 antenatal care visits (%),12.3,14.2,12.2,12.1,13.4,13.4,16.8,16.6,14.3,13.8,11,11,15.7,16.2,14.6,15.5,7.7,12.2,8.6,8.9,8.9,9.3,9.3,10.1,8.4,9.4,10.1,10.9,19.8,20.3,21,21.4,17.7,20.5,18.6,19.3,10.4,11.6,7.9,7.9,12.5,13.2,16.4,20.1,16.5,16.8,22.1,24.4,17.1,17.9,12.3,13.4,8.5,9,31.6,13.1,21.7,14.3,16.1,21,23.3,8.7,10.1,13.1,13.9,15.7,16.2,9.2,11.8,12.9,13.6,10.1,10.4,15,17,11.6,11.5,NA,NA,NA,NA,NA,NA,NA,NA,NA,NA,NA,NA,NA,NA,NA,NA,NA,NA,NA,NA,NA,NA,NA,NA,NA,NA,NA,NA,NA,NA,NA,NA,NA,NA,NA,NA,NA,NA,NA,NA,NA,NA,NA,NA,NA,NA,NA,NA,NA,NA,NA,NA,NA,NA,NA,NA,NA,NA,NA,NA,NA,NA,NA,NA,NA,NA,NA,NA,NA,NA,NA,NA,NA,NA,NA,NA,NA
31. Mothers whose last birth was protected against neonatal tetanus6 (%),80.7,81,80.4,81.5,88.2,88.5,90.6,90.6,85.4,85.2,88.2,87.8,88.2,88.7,83.3,83.8,90.9,91.7,92.2,92.3,87,87.1,86.8,87.2,83.6,84.2,89.7,90.2,88.1,88.3,90.6,90.3,87.1,87.2,90.8,90.6,84.1,84.5,85.5,87.8,90.6,90.6,93.5,93.4,95.7,95.9,92.9,93.9,94.3,94.8,93.4,94,94.5,94.9,94.1,93.5,93.8,96.2,96.1,93.2,93.8,92.8,92.8,94.7,94.1,98.2,98.3,95.2,94.8,94.1,94.8,88.5,88.4,95.5,95.4,95.2,95.3,NA,NA,NA,NA,NA,NA,NA,NA,NA,NA,NA,NA,NA,NA,NA,NA,NA,NA,NA,NA,NA,NA,NA,NA,NA,NA,NA,NA,NA,NA,NA,NA,NA,NA,NA,NA,NA,NA,NA,NA,NA,NA,NA,NA,NA,NA,NA,NA,NA,NA,NA,NA,NA,NA,NA,NA,NA,NA,NA,NA,NA,NA,NA,NA,NA,NA,NA,NA,NA,NA,NA,NA,NA,NA,NA,NA,NA
32. Mothers who consumed iron folic acid for 100 days or more when they were pregnant (%),12.7,14.1,3.4,3.8,2.5,2.6,5.1,4.7,13.7,13.3,8.6,8.2,8.1,7.9,16.6,15.4,7.2,9.6,6.8,6.5,1.5,2.6,11.8,12.5,6.6,6.6,4,4.7,13.9,13.7,20.1,19.6,6.5,7.2,14.6,14.6,9.3,9.8,6.2,5.9,5.9,6,19.1,17.5,17.1,17,9.3,10.2,3.6,4.5,10.8,10.4,6.5,7.1,16.2,25.3,21.1,8.9,10.3,7.4,9.2,2.7,3.3,7.1,7.1,7.9,7.6,5.7,5.6,8.2,8.8,13.5,12.7,14.1,13.3,5.9,6,NA,NA,NA,NA,NA,NA,NA,NA,NA,NA,NA,NA,NA,NA,NA,NA,NA,NA,NA,NA,NA,NA,NA,NA,NA,NA,NA,NA,NA,NA,NA,NA,NA,NA,NA,NA,NA,NA,NA,NA,NA,NA,NA,NA,NA,NA,NA,NA,NA,NA,NA,NA,NA,NA,NA,NA,NA,NA,NA,NA,NA,NA,NA,NA,NA,NA,NA,NA,NA,NA,NA,NA,NA,NA,NA,NA,NA
33. Mothers who had full antenatal care7 (%),2.2,2.2,1,1.2,0.9,1,2.7,2.5,5,4.8,3.2,3.1,1.9,1.8,2.6,2.4,1.6,4.6,2,2.1,0.7,1.1,3.2,3.8,2.3,2.6,1.3,1.7,3.8,3.7,8.9,9,3,3.1,5.8,5.6,1.6,2.2,1.1,1.1,2,2,3.9,4.4,5.8,6,5,5.5,2.3,3.4,3.2,3.3,1.2,1.9,9.7,6.2,7.9,3.3,3.6,3.9,5.2,1.2,1.6,1.8,2.1,4.6,4.3,3.6,3.7,2.1,1.9,2.5,2.3,4.1,4.2,2.2,2.3,NA,NA,NA,NA,NA,NA,NA,NA,NA,NA,NA,NA,NA,NA,NA,NA,NA,NA,NA,NA,NA,NA,NA,NA,NA,NA,NA,NA,NA,NA,NA,NA,NA,NA,NA,NA,NA,NA,NA,NA,NA,NA,NA,NA,NA,NA,NA,NA,NA,NA,NA,NA,NA,NA,NA,NA,NA,NA,NA,NA,NA,NA,NA,NA,NA,NA,NA,NA,NA,NA,NA,NA,NA,NA,NA,NA,NA
34. Registered pregnancies for which the mother received Mother and Child Protection (MCP) card (%),82.9,81.9,74.2,73.7,80.7,80.4,79.9,79.3,82.1,82.1,83.2,83.5,78.9,78.8,77.2,77.3,86.6,86.7,74.4,73.8,76.1,76.1,79.6,80.1,76,74.2,87,85.4,79.1,79.7,72.9,72.7,81.2,81.3,88.9,89.3,76.7,77.4,76.4,76,84.5,84.7,88.5,84.9,81,80.6,83.6,82.7,82.8,82.3,81.3,82.2,75.5,72.1,77.9,82.7,80.9,88.1,88.4,81.8,80.4,74.7,73.9,73.5,74.8,76.9,75,79.1,79.5,76.4,76.5,79.8,80.2,86.5,85.4,93.2,93,NA,NA,NA,NA,NA,NA,NA,NA,NA,NA,NA,NA,NA,NA,NA,NA,NA,NA,NA,NA,NA,NA,NA,NA,NA,NA,NA,NA,NA,NA,NA,NA,NA,NA,NA,NA,NA,NA,NA,NA,NA,NA,NA,NA,NA,NA,NA,NA,NA,NA,NA,NA,NA,NA,NA,NA,NA,NA,NA,NA,NA,NA,NA,NA,NA,NA,NA,NA,NA,NA,NA,NA,NA,NA,NA,NA,NA
35. Mothers who received postnatal care from a doctor/nurse/LHV/ANM/midwife/other health personnel within 2 days of delivery (%),26.2,28.4,21.2,21.2,35.2,34.5,39.4,38.1,33.9,33.4,47.9,48,43.4,43.2,40.1,40.6,44.8,46.8,37.8,40.3,36.3,37.2,40.7,40.4,24.1,25.2,23.9,23.6,27.2,28.3,36.3,36.3,33,34.5,40.4,40.9,33.6,35.5,56.5,58.9,55.6,55.8,44.9,51.4,44.9,45.4,57.2,59.4,42.9,41.6,57.8,57.2,57.1,56,54.6,70.7,63.2,50.3,52.6,58.2,58.1,55.7,56.1,59,57.1,58.5,58.3,51,53.1,50.5,51.7,39.5,40,67.7,66.9,50.4,50.1,NA,NA,NA,NA,NA,NA,NA,NA,NA,NA,NA,NA,NA,NA,NA,NA,NA,NA,NA,NA,NA,NA,NA,NA,NA,NA,NA,NA,NA,NA,NA,NA,NA,NA,NA,NA,NA,NA,NA,NA,NA,NA,NA,NA,NA,NA,NA,NA,NA,NA,NA,NA,NA,NA,NA,NA,NA,NA,NA,NA,NA,NA,NA,NA,NA,NA,NA,NA,NA,NA,NA,NA,NA,NA,NA,NA,NA
36. Mothers who received financial assistance under Janani Suraksha Yojana (JSY) for births delivered in an institution (%),35.4,34.9,36.4,36.3,55.4,56.4,60.5,59.3,40.9,39.7,79,77.4,68.2,67.2,44.5,44.8,68.6,62.5,73.5,71.9,76.7,75.5,68.8,67.6,51.5,49.4,43.8,42.6,42.7,40.9,30.4,29.3,23.6,23.6,47.3,46.1,53.8,53,79.4,76.7,73.7,73.3,65.1,61.4,65.6,66,68.6,65.4,70.5,67.5,69.2,65.3,66.2,63.4,32.4,62.7,47.8,61.7,61.1,55.8,53.5,56.7,56.1,50.4,48.8,63.9,63.3,60.4,57.1,57.3,57.3,58.9,60.2,61.3,58.2,67.7,67.6,NA,NA,NA,NA,NA,NA,NA,NA,NA,NA,NA,NA,NA,NA,NA,NA,NA,NA,NA,NA,NA,NA,NA,NA,NA,NA,NA,NA,NA,NA,NA,NA,NA,NA,NA,NA,NA,NA,NA,NA,NA,NA,NA,NA,NA,NA,NA,NA,NA,NA,NA,NA,NA,NA,NA,NA,NA,NA,NA,NA,NA,NA,NA,NA,NA,NA,NA,NA,NA,NA,NA,NA,NA,NA,NA,NA,NA
37. Average out of pocket expenditure per delivery in public health facility (Rs.),3198,3156.1,2563.5,2538.5,2233.6,2194.7,2335.1,2277.9,2639,2597.9,2037.6,1966.2,1837.5,2318,2270.4,2146.9,1218.9,1278.5,1067.4,1030.1,1086.5,1075.5,1307.4,1285.1,2543.7,2529.4,1643.3,1970.1,4694.5,4474,1625.1,1609.4,2739,2868,1230.1,1437.6,1408.4,1389.3,1310,1209.9,919.4,932.9,935.5,1036.5,1136.7,1123.3,1393.8,1287.4,1095.5,1084,1205.1,1198.1,802,888.5,1322.9,1827.2,1647,1261.8,1214.4,1328.7,1333.1,1253.2,1231.6,1059.1,1058.1,1941,1906.7,948,1027.6,1317.7,1278.5,1201.8,1215.4,1217.4,1224.6,1262.6,1226,NA,NA,NA,NA,NA,NA,NA,NA,NA,NA,NA,NA,NA,NA,NA,NA,NA,NA,NA,NA,NA,NA,NA,NA,NA,NA,NA,NA,NA,NA,NA,NA,NA,NA,NA,NA,NA,NA,NA,NA,NA,NA,NA,NA,NA,NA,NA,NA,NA,NA,NA,NA,NA,NA,NA,NA,NA,NA,NA,NA,NA,NA,NA,NA,NA,NA,NA,NA,NA,NA,NA,NA,NA,NA,NA,NA,NA
38. Children born at home who were taken to a health facility for check-up within 24 hours of birth (%),3,2.7,0,0,1.1,1.1,1.2,1.1,1.6,1.6,1.1,1,2.9,3,1.8,1.6,2.6,2.4,1.2,1.2,1,1,1.8,1.8,1.8,1.7,0.9,0.9,2.5,2.4,3.3,3.2,4,4.5,2.4,2.2,3.7,3.6,2.5,4.5,3.3,3.3,1.7,1.5,0,0,4.3,3.6,0.8,0.7,4,3.4,1.3,1.1,NA,0,1.2,0,0,2.9,3.9,0,0,8.9,7.4,1,0.9,1.3,1.3,0,1.7,1.2,1.1,1.7,1.6,0,0,NA,NA,NA,NA,NA,NA,NA,NA,NA,NA,NA,NA,NA,NA,NA,NA,NA,NA,NA,NA,NA,NA,NA,NA,NA,NA,NA,NA,NA,NA,NA,NA,NA,NA,NA,NA,NA,NA,NA,NA,NA,NA,NA,NA,NA,NA,NA,NA,NA,NA,NA,NA,NA,NA,*,NA,NA,NA,NA,NA,NA,NA,NA,NA,NA,NA,NA,NA,NA,NA,NA,NA,NA,NA,NA,NA,NA
39. Children who received postnatal care from a doctor/nurse/LHV/ANM/midwife/other health personnel within 2 days of delivery (%),10.8,10.4,4.7,4.3,8.9,8.6,9.6,9.3,6.2,5.9,8.8,8.5,10.6,10.8,8.1,9.2,13.1,16.9,7.8,7.5,3.8,3.7,10,9.7,6.2,5.9,4.3,4,8,7.8,8.3,8.9,13,13,7.2,7.8,11.2,11.1,14.2,19.4,14.6,14.8,6.2,7.9,6.9,7.3,29.9,25.2,17.1,19.9,29,25.4,7.8,10.4,5.6,11.5,8.8,8.1,7.8,19.1,20.4,4.3,5.5,28.1,29.5,4,6.1,14.7,20.2,17.2,18.5,5.7,5.5,34,33.6,7.8,8.1,NA,NA,NA,NA,NA,NA,NA,NA,NA,NA,NA,NA,NA,NA,NA,NA,NA,NA,NA,NA,NA,NA,NA,NA,NA,NA,NA,NA,NA,NA,NA,NA,NA,NA,NA,NA,NA,NA,NA,NA,NA,NA,NA,NA,NA,NA,NA,NA,NA,NA,NA,NA,NA,NA,NA,NA,NA,NA,NA,NA,NA,NA,NA,NA,NA,NA,NA,NA,NA,NA,NA,NA,NA,NA,NA,NA,NA
40. Institutional births (%),63.9,64.2,47,45.1,52.9,52.7,37.9,37.3,51.2,50.3,61.1,61.1,51.2,51.6,41.7,41.8,59.2,61.5,49.1,51.8,59.8,60.9,58.8,59.6,46.9,47.1,61.7,62.3,74.8,75.2,75.1,75.2,61.6,62,78.3,78.7,72.9,73.4,77.1,75.3,70.9,71.2,66.3,69.4,71.1,70.7,81.5,83.5,63.9,64.1,73.9,74.6,78.8,78.5,91,82.7,86.4,79.1,80.4,81.2,81.6,79.7,80.1,82.1,80.7,70.4,71.5,54.5,56.8,65,67.8,58,59.4,82.7,83,69.8,69.9,NA,NA,NA,NA,NA,NA,NA,NA,NA,NA,NA,NA,NA,NA,NA,NA,NA,NA,NA,NA,NA,NA,NA,NA,NA,NA,NA,NA,NA,NA,NA,NA,NA,NA,NA,NA,NA,NA,NA,NA,NA,NA,NA,NA,NA,NA,NA,NA,NA,NA,NA,NA,NA,NA,NA,NA,NA,NA,NA,NA,NA,NA,NA,NA,NA,NA,NA,NA,NA,NA,NA,NA,NA,NA,NA,NA,NA
41. Institutional births in public facility (%),53.2,52,30.4,29.4,42.4,42.4,29,28.5,40.7,39.9,55.2,55.2,44,44,34,33.6,53.3,53.8,42.4,44.5,54.1,54.2,51.8,52,34.9,33.7,41.9,41.9,51.2,51.9,54.2,53.7,44.8,44,59.4,58.9,63.3,62.7,68.6,65.1,61,61.1,55.4,54.7,54.9,54.7,64.2,62.5,50.3,49.2,60.4,58.8,60.8,58,38.9,60.1,50.6,55,56.7,53.8,52.4,55,54.5,43.8,42,51.9,52,36.5,35.5,44,46,43,44.6,56,54,57.2,57.4,NA,NA,NA,NA,NA,NA,NA,NA,NA,NA,NA,NA,NA,NA,NA,NA,NA,NA,NA,NA,NA,NA,NA,NA,NA,NA,NA,NA,NA,NA,NA,NA,NA,NA,NA,NA,NA,NA,NA,NA,NA,NA,NA,NA,NA,NA,NA,NA,NA,NA,NA,NA,NA,NA,NA,NA,NA,NA,NA,NA,NA,NA,NA,NA,NA,NA,NA,NA,NA,NA,NA,NA,NA,NA,NA,NA,NA
42. Home delivery conducted by skilled health personnel (out of total deliveries) (%),12,12,14.4,14.6,9.1,9.3,10.4,9.6,13.5,13.2,12.1,11.5,11,11,17.2,16.6,6.7,6.2,6,5.8,3.9,3.9,4.3,4.6,14.2,13.7,6.7,6.3,7.5,6.9,9,8.9,17.2,17.3,6,5.9,5,5.1,4.9,5.2,7.8,7.7,8,7.9,3.9,4.5,4.4,4.5,3.8,4.5,8,8.4,4.6,4.2,2.3,2,2.1,2.9,2.8,4,3.7,3.2,3.1,2,2.4,3.4,3.4,13.2,12.4,4.7,5.1,6.7,6.5,2.7,2.9,4.3,4.1,NA,NA,NA,NA,NA,NA,NA,NA,NA,NA,NA,NA,NA,NA,NA,NA,NA,NA,NA,NA,NA,NA,NA,NA,NA,NA,NA,NA,NA,NA,NA,NA,NA,NA,NA,NA,NA,NA,NA,NA,NA,NA,NA,NA,NA,NA,NA,NA,NA,NA,NA,NA,NA,NA,NA,NA,NA,NA,NA,NA,NA,NA,NA,NA,NA,NA,NA,NA,NA,NA,NA,NA,NA,NA,NA,NA,NA
43. Births assisted by a doctor/nurse/LHV/ANM/other health personnel (%),70.7,71,59,57.6,60.1,60,48,46.3,63.8,62.7,69.7,69.3,61.5,61.9,58.4,58,59.6,62.1,54.7,57.2,63.1,64.2,62.3,63.2,59.8,59.6,65.2,65.6,78.7,78.5,78.2,78.3,76.2,77,82.4,82.8,74.9,75.5,79.8,78.8,76.8,77.1,71.8,75,72.7,73,83.5,85.4,66.6,67.6,80.1,81.6,83.4,82.6,93.2,76.9,84.2,79.8,81.3,84.2,83.6,82.8,82.9,84.1,83.2,73.1,74,67.5,69,68.7,72,64.2,65.3,82.8,83.6,70.5,70.6,NA,NA,NA,NA,NA,NA,NA,NA,NA,NA,NA,NA,NA,NA,NA,NA,NA,NA,NA,NA,NA,NA,NA,NA,NA,NA,NA,NA,NA,NA,NA,NA,NA,NA,NA,NA,NA,NA,NA,NA,NA,NA,NA,NA,NA,NA,NA,NA,NA,NA,NA,NA,NA,NA,NA,NA,NA,NA,NA,NA,NA,NA,NA,NA,NA,NA,NA,NA,NA,NA,NA,NA,NA,NA,NA,NA,NA
44. Births delivered by caesarean section (%),3.7,5,3.7,3.6,3.7,3.9,3.5,3.6,6.2,6.1,3.4,3.4,5.2,5.5,7.5,7.9,2.2,3.9,2.9,3.2,2.8,3.1,3.3,3.7,4.8,5.5,6.8,7.4,8.5,8.6,4,4.1,8.5,10.1,6.8,7.1,3.5,4.3,2.6,2.9,3,3.1,3.4,5.2,4.6,4.6,6.1,6.4,4.9,5.2,5.4,5.5,8.3,9.6,22.3,10.1,15.6,6.4,7.4,6.3,6.5,4.7,5.3,7.8,8,10.9,11.2,8.7,9.5,7.1,7.4,5.1,4.9,11.3,12.1,6.7,6.7,NA,NA,NA,NA,NA,NA,NA,NA,NA,NA,NA,NA,NA,NA,NA,NA,NA,NA,NA,NA,NA,NA,NA,NA,NA,NA,NA,NA,NA,NA,NA,NA,NA,NA,NA,NA,NA,NA,NA,NA,NA,NA,NA,NA,NA,NA,NA,NA,NA,NA,NA,NA,NA,NA,NA,NA,NA,NA,NA,NA,NA,NA,NA,NA,NA,NA,NA,NA,NA,NA,NA,NA,NA,NA,NA,NA,NA
45. Births in a private health facility delivered by caesarean section (%),21.4,29.5,19.5,18.9,28.3,29.4,30.6,32.9,43.3,43,41.8,40.8,54.5,55,50.3,51.3,29,41.2,38.4,38.9,40.3,39.1,40.8,43.3,28.1,28.6,28.2,28.6,30.9,30.8,12.5,12.7,39.7,42.7,30.1,29.9,26.7,31,17,19.1,24.6,24.8,24,28.7,19.6,20.1,26.5,24.1,24.4,25.6,31.5,26.5,42.7,40.7,38.3,34.2,36.9,23.9,27.3,18.8,18.5,16.3,18.4,18.4,19,47.7,47.1,43.7,39.8,28.1,28.9,25.8,25.2,39.5,39.3,43.2,43.5,NA,NA,NA,NA,NA,NA,NA,NA,NA,NA,NA,NA,NA,NA,NA,NA,NA,NA,NA,NA,NA,NA,NA,NA,NA,NA,NA,NA,NA,NA,NA,NA,NA,NA,NA,NA,NA,NA,NA,NA,NA,NA,NA,NA,NA,NA,NA,NA,NA,NA,NA,NA,NA,NA,NA,NA,NA,NA,NA,NA,NA,NA,NA,NA,NA,NA,NA,NA,NA,NA,NA,NA,NA,NA,NA,NA,NA
46. Births in a public health facility delivered by caesarean section (%),2.6,2.8,1.6,2.2,1.8,2,2.8,2.6,4.1,4,1.8,1.7,2.9,3.1,10.7,10.9,0.8,1.3,0.8,0.8,1,0.9,0.8,0.8,4.1,4.9,2.8,3.7,2.4,2.7,2.6,2.5,4,5.5,1.8,1.9,1.4,1.5,1.6,1.4,0.9,0.9,1.5,1.8,2.5,2.4,2.4,2.1,3.1,2.7,1.9,2.3,1,2.2,5.9,4,4.7,1.3,1.7,2.2,2.1,1.2,1.1,1.7,1.6,4.1,3.8,2.2,2.9,2.8,2.3,2.8,2.6,1.5,1.4,2.3,2.2,NA,NA,NA,NA,NA,NA,NA,NA,NA,NA,NA,NA,NA,NA,NA,NA,NA,NA,NA,NA,NA,NA,NA,NA,NA,NA,NA,NA,NA,NA,NA,NA,NA,NA,NA,NA,NA,NA,NA,NA,NA,NA,NA,NA,NA,NA,NA,NA,NA,NA,NA,NA,NA,NA,NA,NA,NA,NA,NA,NA,NA,NA,NA,NA,NA,NA,NA,NA,NA,NA,NA,NA,NA,NA,NA,NA,NA
47. Children age 12-23 months fully immunized (BCG measles and 3 doses each of polio/DPT) (%),30.4,29.4,51.3,49.3,59.6,59.3,60.7,62.6,50.3,48.9,66.3,65.9,53,53.9,55,54.9,62.7,65.8,70.2,71.2,63.4,62.2,78.2,78,54,52.9,56,55,65.2,64.3,63.4,63.3,55,55.1,70.6,70.2,58.5,57.4,80.1,77.1,65.7,65.9,68.4,66.7,65.2,64.9,61.9,63.7,62.7,59.1,63.9,63.5,63.3,65.2,69.8,69.7,69.7,70.6,71.9,62.5,63.9,72.2,70.5,75.6,75.6,78.3,77.6,69.9,67.6,62.9,63.5,56.1,55.5,66.9,67.5,74.9,74.1,NA,NA,NA,NA,NA,NA,NA,NA,NA,NA,NA,NA,NA,NA,NA,NA,NA,NA,NA,NA,NA,NA,NA,NA,NA,NA,NA,NA,NA,NA,NA,NA,NA,NA,NA,NA,NA,NA,NA,NA,NA,NA,NA,NA,NA,NA,NA,NA,NA,NA,NA,NA,NA,NA,NA,NA,NA,NA,NA,NA,NA,NA,NA,NA,NA,NA,NA,NA,NA,NA,NA,NA,NA,NA,NA,NA,NA
48. Children age 12-23 months who have received BCG (%),73.3,74.3,86.3,84.9,95.3,94.6,87.4,87.4,93,91.9,93.4,93.7,89.5,89.6,85.8,85.9,95.4,95.9,96.3,96.5,95.3,95.4,96.9,96.8,91.2,91.5,89.6,90.1,93.3,93,85.2,85,88.3,87.9,93.2,93.4,89.7,89.3,100,99.5,97.5,97.5,98.6,98.3,96.8,97,92.4,94,88.3,89.3,92.2,91.7,93.5,94.5,92.5,86.2,88.8,92.5,93,89.3,89.6,96.7,96.7,98.9,99,97.5,96.7,96.3,95.3,96.1,95.6,83.3,83.8,96.2,96.5,100,100,NA,NA,NA,NA,NA,NA,NA,NA,NA,NA,NA,NA,NA,NA,NA,NA,NA,NA,NA,NA,NA,NA,NA,NA,NA,NA,NA,NA,NA,NA,NA,NA,NA,NA,NA,NA,NA,NA,NA,NA,NA,NA,NA,NA,NA,NA,NA,NA,NA,NA,NA,NA,NA,NA,NA,NA,NA,NA,NA,NA,NA,NA,NA,NA,NA,NA,NA,NA,NA,NA,NA,NA,NA,NA,NA,NA,NA
49. Children age 12-23 months who have received 3 doses of polio vaccine (%),57.1,54.5,70,71.1,70.5,70,66,67.5,69.3,67.7,73.5,72.8,65.2,66.2,69.1,68.8,71.1,73.3,79.3,79.7,74.6,75.4,82.6,82.5,66.9,65.3,69.8,68.8,80.4,78.7,69.8,69.4,70.7,70.7,76.6,76,69.6,69.1,85.1,82.2,73.4,73.5,82.9,80.1,77,76.1,68.3,72.6,78.3,75.3,70.1,70.5,75.9,77.2,78.4,72.2,74.8,83,83.2,72,74.9,80.2,80.7,80.6,80.1,87,87.7,78.4,76.2,70.3,73,64.1,63.3,74.1,75.4,82.8,81.6,NA,NA,NA,NA,NA,NA,NA,NA,NA,NA,NA,NA,NA,NA,NA,NA,NA,NA,NA,NA,NA,NA,NA,NA,NA,NA,NA,NA,NA,NA,NA,NA,NA,NA,NA,NA,NA,NA,NA,NA,NA,NA,NA,NA,NA,NA,NA,NA,NA,NA,NA,NA,NA,NA,NA,NA,NA,NA,NA,NA,NA,NA,NA,NA,NA,NA,NA,NA,NA,NA,NA,NA,NA,NA,NA,NA,NA
50. Children age 12-23 months who have received 3 doses of DPT vaccine (%),64.4,64.3,71.5,69.2,79.8,79.5,78.4,79.1,70.1,68.5,83.4,82.8,74.8,75.9,72.6,72.6,84.6,85.5,85.5,85.6,82.3,82.1,87.9,87.6,71.8,72,75.1,75.8,82.7,81.6,76.2,75.7,70.7,71.5,83.3,83.1,83.2,82.3,90,89,89.2,89.3,89.5,88.4,80.6,80.2,88.6,90.1,82,80.1,83.5,83.5,82.9,82.8,86.8,83.9,85.1,86.3,86.7,81.9,82.6,91.5,90.7,92.8,93.6,95.1,95.4,82.8,80.9,82.5,82.6,71.4,71.7,87.6,88.5,91.8,91.1,NA,NA,NA,NA,NA,NA,NA,NA,NA,NA,NA,NA,NA,NA,NA,NA,NA,NA,NA,NA,NA,NA,NA,NA,NA,NA,NA,NA,NA,NA,NA,NA,NA,NA,NA,NA,NA,NA,NA,NA,NA,NA,NA,NA,NA,NA,NA,NA,NA,NA,NA,NA,NA,NA,NA,NA,NA,NA,NA,NA,NA,NA,NA,NA,NA,NA,NA,NA,NA,NA,NA,NA,NA,NA,NA,NA,NA
51. Children age 12-23 months who have received measles vaccine (%),59.6,56.7,66.8,64.9,76.6,75.8,82.3,82.6,74.3,72.5,83.5,82.4,71.5,72.6,69.3,69,88.3,89.5,86.4,86.4,79.1,78.2,89.5,88.8,75.4,75.4,78.6,79.1,82.9,81.8,77.5,76.9,67.9,69,83.2,83,76.6,75.7,94.1,92.4,83.4,83.5,87.3,85.4,86.1,86.7,82.4,83.3,70.3,68.5,83.9,82.2,83.5,84.7,86.8,82.3,84.2,83.2,82.5,76.5,77.2,86.2,85.2,89.9,89.9,88.6,88.3,85.5,85.5,82.8,83,69.3,69.3,88.6,88.2,90.6,91.1,NA,NA,NA,NA,NA,NA,NA,NA,NA,NA,NA,NA,NA,NA,NA,NA,NA,NA,NA,NA,NA,NA,NA,NA,NA,NA,NA,NA,NA,NA,NA,NA,NA,NA,NA,NA,NA,NA,NA,NA,NA,NA,NA,NA,NA,NA,NA,NA,NA,NA,NA,NA,NA,NA,NA,NA,NA,NA,NA,NA,NA,NA,NA,NA,NA,NA,NA,NA,NA,NA,NA,NA,NA,NA,NA,NA,NA
52. Children age 12-23 months who have received 3 doses of Hepatitis B vaccine (%),45.7,44.2,57.2,56.7,68.3,67.8,62.2,64,50.8,49.3,72.9,71.9,60.6,61.9,62.3,62.3,65.3,67.2,54,55,68.1,68.4,75,75.2,61.1,59.8,58.9,58.6,68.5,66.1,64.3,64.2,62.1,62.2,69.3,68.3,66.3,65.2,79.1,76.8,72.8,73,70.1,67.6,64.9,64.5,73.2,74.6,64.6,61.9,65.9,66.8,69.2,68.8,74.8,77.4,76.3,71.6,73.5,68.2,69.5,79.9,79.3,72.9,73.7,75.4,75.8,73.8,72.7,72,72.4,63.7,63.6,72.6,72.8,77.8,78.5,NA,NA,NA,NA,NA,NA,NA,NA,NA,NA,NA,NA,NA,NA,NA,NA,NA,NA,NA,NA,NA,NA,NA,NA,NA,NA,NA,NA,NA,NA,NA,NA,NA,NA,NA,NA,NA,NA,NA,NA,NA,NA,NA,NA,NA,NA,NA,NA,NA,NA,NA,NA,NA,NA,NA,NA,NA,NA,NA,NA,NA,NA,NA,NA,NA,NA,NA,NA,NA,NA,NA,NA,NA,NA,NA,NA,NA
53. Children age 9-59 months who received a vitamin A dose in last 6 months (%),60,59.6,45.7,46.5,50.3,49.8,55.3,56.7,62,61.2,78.3,75.3,59.4,61,70.3,70.4,70.5,71.9,65,64.5,57.7,57.3,60.4,60.2,73.1,70.7,58.1,58.9,68,67.1,70.3,70.7,58.6,60,75.7,76.1,63.9,63.2,70.3,66.1,66.7,66.6,70.3,72.7,64,64,69,68.6,59.8,62.1,65.3,60.5,64.2,58.5,63,49.5,55.7,63.2,64.7,64.2,65.3,48.5,48,62.8,59.1,60.2,59.5,67.6,63.1,59,57,49.5,49.9,58.7,56.7,58.8,60,NA,NA,NA,NA,NA,NA,NA,NA,NA,NA,NA,NA,NA,NA,NA,NA,NA,NA,NA,NA,NA,NA,NA,NA,NA,NA,NA,NA,NA,NA,NA,NA,NA,NA,NA,NA,NA,NA,NA,NA,NA,NA,NA,NA,NA,NA,NA,NA,NA,NA,NA,NA,NA,NA,NA,NA,NA,NA,NA,NA,NA,NA,NA,NA,NA,NA,NA,NA,NA,NA,NA,NA,NA,NA,NA,NA,NA
54. Children age 12-23 months who received most of the vaccinations in public health facility (%),94.8,95.4,91.7,92.4,98.4,98.5,96.1,96.3,94.5,94.6,97.9,98,93.3,92.5,97.2,96.2,99,96.8,98,98.1,100,100,96.9,97,96.2,94.2,94.8,93.2,94.3,92.5,93.5,93,91.5,91.1,97.2,97.3,97.2,96.5,96.9,97.3,99.3,99.3,98.5,98.3,99.1,99.1,100,98.9,94.7,95.2,96.6,97.1,100,98.9,72.5,94.1,84.6,97.3,96.9,95.9,93.5,100,98.9,99,99.1,98.2,98.3,97.3,96.3,96.7,96.2,96,95.1,99,98.6,96.7,96.9,NA,NA,NA,NA,NA,NA,NA,NA,NA,NA,NA,NA,NA,NA,NA,NA,NA,NA,NA,NA,NA,NA,NA,NA,NA,NA,NA,NA,NA,NA,NA,NA,NA,NA,NA,NA,NA,NA,NA,NA,NA,NA,NA,NA,NA,NA,NA,NA,NA,NA,NA,NA,NA,NA,NA,NA,NA,NA,NA,NA,NA,NA,NA,NA,NA,NA,NA,NA,NA,NA,NA,NA,NA,NA,NA,NA,NA
55. Children age 12-23 months who received most of the vaccinations in private health facility (%),5.2,4.7,8.3,7.6,1.6,1.6,1.7,1.6,5.5,5.4,1.4,1.3,5.8,5.8,2.8,3.8,0,2.4,2.1,1.9,0,0,3.1,3,3.8,5.8,5.2,6.8,3.9,5.8,5.5,6,6.6,5.9,2.2,2.1,2.8,3.5,3.1,2.7,0,0,0.7,1.1,0.9,0.9,0,1.1,5.3,4.8,2.5,2.2,0,1.1,23.7,6,13.7,2.7,3.2,4.1,6.5,0,1.1,1,0.9,0,0,2.8,3.8,2.1,2.9,4,4.9,1,1.5,3.3,3.1,NA,NA,NA,NA,NA,NA,NA,NA,NA,NA,NA,NA,NA,NA,NA,NA,NA,NA,NA,NA,NA,NA,NA,NA,NA,NA,NA,NA,NA,NA,NA,NA,NA,NA,NA,NA,NA,NA,NA,NA,NA,NA,NA,NA,NA,NA,NA,NA,NA,NA,NA,NA,NA,NA,NA,NA,NA,NA,NA,NA,NA,NA,NA,NA,NA,NA,NA,NA,NA,NA,NA,NA,NA,NA,NA,NA,NA
56. Prevalence of diarrhoea (reported) in the last 2 weeks preceding the survey (%),10.1,10,16.6,16.8,13.9,14,14.1,13.5,9.5,9.7,9.8,9.3,15.1,14.4,6.2,6.8,14.8,16,10.7,10.6,10.1,9.8,8.4,8.5,15.5,15.2,15.9,16,18.6,18.1,12.2,11.7,15.2,14.5,10.4,10.4,11.9,11.5,8.2,7,7,7,8.9,8,7.3,7.3,11.4,11.5,6,8.7,7.4,6.8,7.6,6.8,4.3,3.4,3.8,11.6,12.6,5.7,6.4,5,5.1,3.5,3.1,6,6,4.6,4.6,7.5,7,5.5,5.5,7.5,7.4,9.2,9.2,NA,NA,NA,NA,NA,NA,NA,NA,NA,NA,NA,NA,NA,NA,NA,NA,NA,NA,NA,NA,NA,NA,NA,NA,NA,NA,NA,NA,NA,NA,NA,NA,NA,NA,NA,NA,NA,NA,NA,NA,NA,NA,NA,NA,NA,NA,NA,NA,NA,NA,NA,NA,NA,NA,NA,NA,NA,NA,NA,NA,NA,NA,NA,NA,NA,NA,NA,NA,NA,NA,NA,NA,NA,NA,NA,NA,NA
57. Children with diarrhoea in the last 2 weeks who received oral rehydration salts (ORS) (%),45,49.5,44,45.2,52.5,51.5,38.7,38.4,47.3,46,37.1,37.1,46.9,47.2,61.1,58.9,41.1,50.3,41.1,44.6,40.8,41.6,45.9,43.9,45.3,44.7,26.8,29.9,38.4,37.4,37.4,37,47.6,46.8,49.9,52,48,47.4,67.6,65,48,47.3,55.9,56.5,59,58.7,72.2,66.1,47.4,63.8,62.2,55.9,42.2,44.5,NA,NA,56.4,31.1,37.2,55.2,62.9,29,27.6,NA,NA,16.8,15.8,32.1,39.2,38.7,42.4,51,53.2,38.5,37.8,38.4,40.6,NA,NA,NA,NA,NA,NA,NA,NA,NA,NA,NA,NA,NA,NA,NA,NA,NA,NA,NA,NA,NA,NA,NA,NA,NA,NA,NA,NA,NA,NA,NA,NA,NA,NA,NA,NA,NA,NA,NA,NA,NA,NA,NA,NA,NA,NA,NA,NA,NA,NA,NA,NA,NA,NA,*,*,NA,NA,NA,NA,NA,NA,NA,*,*,NA,NA,NA,NA,NA,NA,NA,NA,NA,NA,NA,NA
58. Children with diarrhoea in the last 2 weeks who received zinc (%),24.1,26.2,8,11.2,14.7,14.1,16,15.3,19.4,18.2,25.9,25.9,17.5,17.4,33.4,31,23,25.4,8.4,7.9,10.9,12.1,47.7,44.9,22,21.8,6.8,7.6,12.8,13,15.7,16.6,14.2,13.6,34.5,35,21.2,20.9,34.9,33.5,25.2,26.2,41.2,40.2,30.4,29.3,28.5,25.4,8.8,15.7,18.1,16.3,14.2,13,NA,NA,41.4,22.9,28.4,11.1,12.8,18.3,22.4,NA,NA,16.2,15.3,18,16.1,33,31,24.5,25.6,21.2,19.7,18.4,18.6,NA,NA,NA,NA,NA,NA,NA,NA,NA,NA,NA,NA,NA,NA,NA,NA,NA,NA,NA,NA,NA,NA,NA,NA,NA,NA,NA,NA,NA,NA,NA,NA,NA,NA,NA,NA,NA,NA,NA,NA,NA,NA,NA,NA,NA,NA,NA,NA,NA,NA,NA,NA,NA,NA,*,*,NA,NA,NA,NA,NA,NA,NA,*,*,NA,NA,NA,NA,NA,NA,NA,NA,NA,NA,NA,NA
59. Children with diarrhoea in the last 2 weeks taken to a health facility (%),37.4,40.4,41.6,42.6,64.2,62.4,49.2,48.5,62.8,62.1,63.8,63.8,48.5,48.7,66.6,66.7,74.2,72.4,50,51.5,50.9,51.6,49.9,47.6,54.6,55.7,56.7,54.7,59.5,59.1,58.8,59.3,48.5,50.8,59.3,56.6,58.9,59.4,72.1,71.2,71.5,71.9,70.5,72.5,64.4,64,70.7,67.1,66.5,64.4,59.8,61.1,52.1,56.2,NA,NA,57,28,28.4,29.2,35.5,47.4,45,NA,NA,39,42.5,54.6,54.7,67.6,63.4,41.2,41.6,53.1,49.4,36.6,37.8,NA,NA,NA,NA,NA,NA,NA,NA,NA,NA,NA,NA,NA,NA,NA,NA,NA,NA,NA,NA,NA,NA,NA,NA,NA,NA,NA,NA,NA,NA,NA,NA,NA,NA,NA,NA,NA,NA,NA,NA,NA,NA,NA,NA,NA,NA,NA,NA,NA,NA,NA,NA,NA,NA,*,*,NA,NA,NA,NA,NA,NA,NA,*,*,NA,NA,NA,NA,NA,NA,NA,NA,NA,NA,NA,NA
60. Prevalence of symptoms of acute respiratory infection (ARI) in the last 2 weeks preceding the survey (%),1.6,1.5,4.3,4,4.5,4.8,1.7,1.6,1.8,1.9,2.6,2.4,4,3.8,1.2,1.2,4,4.9,3.1,2.8,2.9,2.9,0.9,1,5.2,4.9,4.9,4.7,8.5,8.2,2.3,2.2,4,3.8,3.1,3,1.7,1.6,1.5,1.2,1.9,1.9,1.1,1.1,2.3,2.3,2.1,1.8,1.1,1.9,2,2.7,1.3,1,0.9,0.4,0.6,1.6,1.7,2.3,3.4,1.4,1.3,1.1,1,0.6,1.2,2.1,1.9,1.6,1.5,1,0.9,1.8,1.7,1.7,1.6,NA,NA,NA,NA,NA,NA,NA,NA,NA,NA,NA,NA,NA,NA,NA,NA,NA,NA,NA,NA,NA,NA,NA,NA,NA,NA,NA,NA,NA,NA,NA,NA,NA,NA,NA,NA,NA,NA,NA,NA,NA,NA,NA,NA,NA,NA,NA,NA,NA,NA,NA,NA,NA,NA,NA,NA,NA,NA,NA,NA,NA,NA,NA,NA,NA,NA,NA,NA,NA,NA,NA,NA,NA,NA,NA,NA,NA
61. Children with fever or symptoms of ARI in the last 2 weeks preceding the survey taken to a health facility (%),51.5,49,56.5,55.7,66.9,66.3,63,61.5,73,72.8,59.1,59.5,50.9,51.9,58.8,60.4,71.3,66.3,66.5,66.2,51.5,53.7,66.8,64.9,53.4,54.6,56.8,55.6,71.3,72,65.6,64.5,49.1,51.6,61,59.8,58.1,58.1,71.5,66.2,68.4,68.7,55.3,57.2,47.3,48.7,78.9,74.9,71.4,67.4,63.5,64.6,66.7,63.8,78.2,NA,64.5,32.6,33,56.8,59,59.4,57.2,87.6,88.1,65.7,61,70.2,68.9,62.4,62.3,55.1,56.2,68.9,68.1,48.6,46.4,NA,NA,NA,NA,NA,NA,NA,NA,NA,NA,NA,NA,NA,NA,NA,NA,NA,NA,NA,NA,NA,NA,NA,NA,NA,NA,NA,NA,NA,NA,NA,NA,NA,NA,NA,NA,NA,NA,NA,NA,NA,NA,NA,NA,NA,NA,NA,NA,NA,NA,NA,NA,NA,NA,NA,*,NA,NA,NA,NA,NA,NA,NA,NA,NA,NA,NA,NA,NA,NA,NA,NA,NA,NA,NA,NA,NA
62. Children under age 3 years breastfed within one hour of birth8 (%),30.8,32.1,41.6,40.6,33.2,33.1,36,34.4,32.3,32.6,23,25.3,30.1,29.6,30.8,30.1,40.9,43.9,42.4,44.2,46.1,47.3,24.8,26,21.3,22.6,37.3,36.7,31.6,32.7,30.9,31,42,43.6,35,35.1,37.5,37.7,27.4,29.8,32.2,32.4,35.3,33.7,36.1,35,37.3,35,37.6,39.2,40.4,40.1,42.6,47.1,34.9,42,39,28.8,28,30.8,31.4,41,40.9,17.5,20.4,42.6,42.8,25.6,29,37.5,42.6,32.5,34.4,50.5,50,37.6,39.3,NA,NA,NA,NA,NA,NA,NA,NA,NA,NA,NA,NA,NA,NA,NA,NA,NA,NA,NA,NA,NA,NA,NA,NA,NA,NA,NA,NA,NA,NA,NA,NA,NA,NA,NA,NA,NA,NA,NA,NA,NA,NA,NA,NA,NA,NA,NA,NA,NA,NA,NA,NA,NA,NA,NA,NA,NA,NA,NA,NA,NA,NA,NA,NA,NA,NA,NA,NA,NA,NA,NA,NA,NA,NA,NA,NA,NA
63. Children under age 6 months exclusively breastfed9 (%),48.2,48.7,49,51.7,56,55,42.7,38.4,62.6,63.2,69.3,68.3,50,51.2,67.7,66.8,57.8,60,65.9,62.4,63.7,64.4,61.1,59.9,62,61.4,77.7,78.9,64.9,61.4,64,63.3,72.6,73.8,63.9,63.4,46.7,44,25.5,27.3,48.3,48.4,60.6,61.7,55.3,54.3,36.4,46.4,31.1,32.7,47,41.2,36.7,36.7,38,33.2,35.4,60.5,57,58.3,56.2,35.2,34.1,40,42.6,54.3,51.9,28.6,28.4,33.8,32.8,38.8,40.2,34,35.9,43.9,43.2,NA,NA,NA,NA,NA,NA,NA,NA,NA,NA,NA,NA,NA,NA,NA,NA,NA,NA,NA,NA,NA,NA,NA,NA,NA,NA,NA,NA,NA,NA,NA,NA,NA,NA,NA,NA,NA,NA,NA,NA,NA,NA,NA,NA,NA,NA,NA,NA,NA,NA,NA,NA,NA,NA,NA,NA,NA,NA,NA,NA,NA,NA,NA,NA,NA,NA,NA,NA,NA,NA,NA,NA,NA,NA,NA,NA,NA
64. Children age 6-8 months receiving solid or semi-solid food and breastmilk9 (%),NA,41.4,41.2,42.3,29.7,30.9,38.3,38.5,19.7,23.8,16.4,17.6,32.1,30.9,38.7,40.9,22,18.6,24.2,25.6,26.5,24.8,11,14.9,33.5,34.1,33.7,33.1,39.9,37.5,42.2,39.9,NA,34.9,NA,19.1,17.1,19.3,29.5,27.9,24.2,25,31.9,36.5,23.6,23.1,37.9,39.2,27.9,36.8,45.3,45.1,30,29.9,NA,17.8,32,26,33.2,32.7,31.4,23.4,23.4,32.8,29.5,48.3,48.3,28.5,27.5,47.1,45.4,27.7,26.8,NA,43.2,44.2,44.2,*,NA,NA,NA,NA,NA,NA,NA,NA,NA,NA,NA,NA,NA,NA,NA,NA,NA,NA,NA,NA,NA,NA,NA,NA,NA,NA,NA,NA,NA,NA,NA,*,NA,*,NA,NA,NA,NA,NA,NA,NA,NA,NA,NA,NA,NA,NA,NA,NA,NA,NA,NA,NA,*,NA,NA,NA,NA,NA,NA,NA,NA,NA,NA,NA,NA,NA,NA,NA,NA,NA,NA,*,NA,NA,NA
65. Breastfeeding children age 6-23 months receiving an adequate diet9 10 (%),9.4,8.2,7.7,8.6,11,10.8,7.1,8.6,9.2,8.7,3.6,3.4,12,11.9,10.4,10,13.7,12.4,6.7,8.3,2.8,2.6,1.7,2.9,5.4,5.1,8.2,8.5,6.1,5.7,10.1,9.7,4.5,4.1,11.7,11.2,5.3,5.1,2.1,4.2,6.3,6.2,4.5,6,6,5.8,12.4,11.4,8.7,7.4,18.8,17.9,4.3,6,7.7,1.3,3.8,8.7,8.1,8.9,8.2,4.5,4.5,0.8,0.7,9.4,9.2,7.5,6.7,13.4,16.6,4.3,4.6,13.4,13.3,3.4,3.2,NA,NA,NA,NA,NA,NA,NA,NA,NA,NA,NA,NA,NA,NA,NA,NA,NA,NA,NA,NA,NA,NA,NA,NA,NA,NA,NA,NA,NA,NA,NA,NA,NA,NA,NA,NA,NA,NA,NA,NA,NA,NA,NA,NA,NA,NA,NA,NA,NA,NA,NA,NA,NA,NA,NA,NA,NA,NA,NA,NA,NA,NA,NA,NA,NA,NA,NA,NA,NA,NA,NA,NA,NA,NA,NA,NA,NA
66. Non-breastfeeding children age 6-23 months receiving an adequate diet9 10 (%),NA,NA,NA,NA,NA,NA,NA,NA,NA,NA,NA,NA,NA,NA,NA,NA,NA,6.9,NA,NA,NA,NA,3.4,3.4,15.5,14.1,NA,NA,NA,NA,11.8,11.5,NA,NA,2.1,2.1,NA,NA,NA,NA,11.3,11,15.1,14.2,NA,NA,NA,NA,NA,NA,15.4,13.1,NA,NA,NA,NA,5.4,NA,15.1,NA,NA,NA,NA,NA,0,NA,NA,4.1,4,3.4,6,NA,4,NA,NA,NA,9.8,*,*,*,*,*,*,*,*,*,*,*,*,*,*,*,*,*,NA,*,*,*,*,NA,NA,NA,NA,*,*,*,*,NA,NA,*,*,NA,NA,*,*,*,*,NA,NA,NA,NA,*,*,*,*,*,*,NA,NA,*,*,*,*,NA,*,NA,*,*,*,*,*,NA,*,*,NA,NA,NA,NA,*,NA,*,*,*,NA
67. Total children age 6-23 months receiving an adequate diet9 10 (%),10.2,9,8,9.3,10,10.3,7.4,8.8,9.8,9.7,4.7,4.4,10.6,10.7,9.9,9.5,13.2,11.7,6.5,7.9,3.1,3,2,2.9,6.9,6.5,7.7,7.8,7.3,7.4,10.4,10,5.5,4.9,10.3,10,5.3,5.1,3.1,4.8,7,6.8,6.3,7.2,5.9,5.7,11.9,11.1,9.5,8.3,18.1,16.9,6,7.1,8.2,1.1,4,9.9,9,8.7,9,4.6,4.5,0.6,0.6,9.5,9.1,7.1,6.4,11.5,14.6,4.3,4.5,15,14.6,3.9,4.1,NA,NA,NA,NA,NA,NA,NA,NA,NA,NA,NA,NA,NA,NA,NA,NA,NA,NA,NA,NA,NA,NA,NA,NA,NA,NA,NA,NA,NA,NA,NA,NA,NA,NA,NA,NA,NA,NA,NA,NA,NA,NA,NA,NA,NA,NA,NA,NA,NA,NA,NA,NA,NA,NA,NA,NA,NA,NA,NA,NA,NA,NA,NA,NA,NA,NA,NA,NA,NA,NA,NA,NA,NA,NA,NA,NA,NA
68. Children under 5 years who are stunted11 (%),45.9,43.6,47.2,47.2,53.1,53,58.1,57.3,51.9,51.8,47.7,48.1,49,48.4,46.7,46.9,53.9,52.1,50.4,49.2,52.7,51.8,44.8,43.9,49.2,49,48.6,47.9,36,35.6,38.2,37.9,46,46.1,53.6,53.7,49.2,49.2,44.6,44.9,50.5,49.8,48.6,46.6,50.3,49.6,48.4,46.6,51.2,50.6,47.5,46.4,55.7,54.1,34.7,51.4,43.5,44.3,43.5,45.4,43.9,55,53.8,48.1,48.5,48.8,48.3,53.5,52.9,50.4,48.4,46.7,45.9,54.7,52.1,51.1,50.2,NA,NA,NA,NA,NA,NA,NA,NA,NA,NA,NA,NA,NA,NA,NA,NA,NA,NA,NA,NA,NA,NA,NA,NA,NA,NA,NA,NA,NA,NA,NA,NA,NA,NA,NA,NA,NA,NA,NA,NA,NA,NA,NA,NA,NA,NA,NA,NA,NA,NA,NA,NA,NA,NA,NA,NA,NA,NA,NA,NA,NA,NA,NA,NA,NA,NA,NA,NA,NA,NA,NA,NA,NA,NA,NA,NA,NA
69. Children under 5 years who are wasted11 (%),22.2,21.7,17.9,18,15.3,14.8,15.7,15.8,19.2,19.1,21.4,20.9,23,22.8,22.9,22.8,20.6,20.8,21.7,20.7,24.4,24.2,23.7,24,16.8,16.6,17.5,17.5,16.7,16.5,15.3,15,17.7,18.1,15.5,15.1,18.1,18.4,20.4,18.4,17,17,24.8,23.1,26,26,21.4,21.5,21.2,20.1,28.9,28.9,23.7,24.3,29.9,27.2,28.5,24.5,26,20.5,19.6,21.6,21.4,19.4,19.9,25.1,24.8,26.6,25.6,21.3,21.4,29.1,29.4,18.5,19.6,29.2,30.7,NA,NA,NA,NA,NA,NA,NA,NA,NA,NA,NA,NA,NA,NA,NA,NA,NA,NA,NA,NA,NA,NA,NA,NA,NA,NA,NA,NA,NA,NA,NA,NA,NA,NA,NA,NA,NA,NA,NA,NA,NA,NA,NA,NA,NA,NA,NA,NA,NA,NA,NA,NA,NA,NA,NA,NA,NA,NA,NA,NA,NA,NA,NA,NA,NA,NA,NA,NA,NA,NA,NA,NA,NA,NA,NA,NA,NA
70. Children under 5 years who are severely wasted12 (%),7.2,7.1,4.4,4.8,4.5,4.3,4.6,4.6,6.2,6.3,7.5,7.2,7.3,7.2,9.4,9.2,5.7,5.7,6.6,6.1,8.8,9.1,10.4,10.5,4.9,4.9,5.7,5.6,5.5,5.4,6.3,6,4.1,4.6,4.8,4.9,6.2,6.1,6.5,5.8,6.4,6.6,8.9,7.8,9.3,9.3,4.9,5.6,7.1,6.4,9.7,10.8,7,6.9,10.9,12.1,11.5,10.5,12.3,6.1,5.7,6.9,6.9,6.7,6.7,7.4,7.2,7.2,7.6,6.3,6.9,11,10.9,8.1,8.5,15.3,16.4,NA,NA,NA,NA,NA,NA,NA,NA,NA,NA,NA,NA,NA,NA,NA,NA,NA,NA,NA,NA,NA,NA,NA,NA,NA,NA,NA,NA,NA,NA,NA,NA,NA,NA,NA,NA,NA,NA,NA,NA,NA,NA,NA,NA,NA,NA,NA,NA,NA,NA,NA,NA,NA,NA,NA,NA,NA,NA,NA,NA,NA,NA,NA,NA,NA,NA,NA,NA,NA,NA,NA,NA,NA,NA,NA,NA,NA
71. Children under 5 years who are underweight11 (%),41.7,39.1,40.7,40.8,42.9,42.8,47.9,47.7,45.6,45.4,43.2,43.4,46.7,45.4,45.3,45.4,48.3,47,46.2,45.1,50,49.2,45.2,44.4,40.9,41.1,42.3,42.3,30.2,30.5,32.2,31.6,40.3,40.4,41.9,41.3,40.4,41.3,40.7,39.1,42.9,42.4,44.5,40.8,49.1,48.5,44.8,43.7,47.6,47.3,52,51.7,50,50.2,36.7,49.2,43.3,46,47.2,43.1,41.2,49.1,48.1,44.7,45.1,48,47.6,54,53.1,47.8,45.9,48.1,47.2,49.3,47.1,53.8,54,NA,NA,NA,NA,NA,NA,NA,NA,NA,NA,NA,NA,NA,NA,NA,NA,NA,NA,NA,NA,NA,NA,NA,NA,NA,NA,NA,NA,NA,NA,NA,NA,NA,NA,NA,NA,NA,NA,NA,NA,NA,NA,NA,NA,NA,NA,NA,NA,NA,NA,NA,NA,NA,NA,NA,NA,NA,NA,NA,NA,NA,NA,NA,NA,NA,NA,NA,NA,NA,NA,NA,NA,NA,NA,NA,NA,NA
72. Women whose Body Mass Index (BMI) is below normal (BMI <18.5 kg/m2) (%),29.2,27,29.5,28.9,33.4,33.1,34.4,33.6,32.7,32,38.6,38.6,40,38.3,35.2,34.5,39.9,38.8,33.5,32.4,33.6,32.9,35.5,34.6,32.9,31.2,33.7,33,25.3,25.7,25,24.2,24.3,23.9,29.4,28.9,30,29.7,33.4,31,31.5,31.1,29,26.2,32.2,32,30.9,28.8,28.4,27.6,36.8,35.6,33.3,30.7,19.9,28.6,24,24.7,24.1,25.4,24.7,29,28.6,27.5,26.9,32.7,30.9,37.4,36.1,33.1,33.6,37.9,37.5,31.2,30.6,31.4,30.8,NA,NA,NA,NA,NA,NA,NA,NA,NA,NA,NA,NA,NA,NA,NA,NA,NA,NA,NA,NA,NA,NA,NA,NA,NA,NA,NA,NA,NA,NA,NA,NA,NA,NA,NA,NA,NA,NA,NA,NA,NA,NA,NA,NA,NA,NA,NA,NA,NA,NA,NA,NA,NA,NA,NA,NA,NA,NA,NA,NA,NA,NA,NA,NA,NA,NA,NA,NA,NA,NA,NA,NA,NA,NA,NA,NA,NA
73. Men whose Body Mass Index (BMI) is below normal (BMI <18.5 kg/m2) (%),31,26.2,26.5,24.9,25.7,25.1,35.2,34.2,22.8,23.1,28.8,28.8,39.4,39,17,16.9,34.2,32,23.2,21.9,32.9,31.3,27.5,25.6,25,24.3,31.8,30.5,25.3,24.3,17.7,17.4,27,23.7,25.6,26.2,33.4,30.8,25.3,25.1,22.1,21.9,26.2,23.8,26.5,25.8,24.7,31.1,16.4,15.8,21.3,27,25.7,25.2,14.3,21.8,17.6,20,18.7,20.8,19.5,27.8,26.6,26.4,28.4,34,32.1,24.5,23.1,28.5,28.8,25.5,25.6,29.7,27.2,28.6,28.2,NA,NA,NA,NA,NA,NA,NA,NA,NA,NA,NA,NA,NA,NA,NA,NA,NA,NA,NA,NA,NA,NA,NA,NA,NA,NA,NA,NA,NA,NA,NA,NA,NA,NA,NA,NA,NA,NA,NA,NA,NA,NA,NA,NA,NA,NA,NA,NA,NA,NA,NA,NA,NA,NA,NA,NA,NA,NA,NA,NA,NA,NA,NA,NA,NA,NA,NA,NA,NA,NA,NA,NA,NA,NA,NA,NA,NA
74. Women who are overweight or obese (BMI >=25.0 kg/m2) (%),9.8,13.6,9.6,10.2,9.4,9.6,7.7,8.9,8.9,8.9,5.6,5.6,4.6,6.2,5.4,6.1,5.8,8.7,6.1,8,7.2,8.3,6.7,7.7,9.8,11.9,9.2,10.5,16.4,16.1,16,17,17.1,18.1,12.6,13.9,7.5,8.4,8.4,9.9,10,10.7,8.4,12.4,6,6.2,12.7,16.1,10.5,11.5,9.3,10.7,7.1,10.2,25.7,12.3,19.5,12.3,14.4,14.7,17.2,11.6,13.7,13.5,15.5,10.7,12.2,9.6,11.1,9.5,11,6.9,7,9.5,10.9,7.8,7.8,NA,NA,NA,NA,NA,NA,NA,NA,NA,NA,NA,NA,NA,NA,NA,NA,NA,NA,NA,NA,NA,NA,NA,NA,NA,NA,NA,NA,NA,NA,NA,NA,NA,NA,NA,NA,NA,NA,NA,NA,NA,NA,NA,NA,NA,NA,NA,NA,NA,NA,NA,NA,NA,NA,NA,NA,NA,NA,NA,NA,NA,NA,NA,NA,NA,NA,NA,NA,NA,NA,NA,NA,NA,NA,NA,NA,NA
75. Men who are overweight or obese (BMI >=25.0 kg/m2) (%),10.2,13.9,6.2,10.9,13.2,12.1,6.4,7.5,9.8,10.4,8.8,9.6,6.1,6.2,7.7,7.4,4.4,7.5,5.5,6.3,9.9,12,7,6.1,14,13.8,17,19.3,20,22.2,12.8,15.3,15.8,18.5,11.4,14.7,5,5.6,15.9,12.5,12,13.3,8.5,9.2,12.4,13.4,17.1,17.2,8.2,10.7,6.6,8.9,8.4,10.6,21,9.2,15.8,8.9,13.7,8.6,13.5,12.2,15.5,11.6,9.5,21.6,21,17.1,17.9,9.4,8.7,11.7,11.6,10.2,11.4,6.1,6.8,NA,NA,NA,NA,NA,NA,NA,NA,NA,NA,NA,NA,NA,NA,NA,NA,NA,NA,NA,NA,NA,NA,NA,NA,NA,NA,NA,NA,NA,NA,NA,NA,NA,NA,NA,NA,NA,NA,NA,NA,NA,NA,NA,NA,NA,NA,NA,NA,NA,NA,NA,NA,NA,NA,NA,NA,NA,NA,NA,NA,NA,NA,NA,NA,NA,NA,NA,NA,NA,NA,NA,NA,NA,NA,NA,NA,NA
76. Children age 6-59 months who are anaemic (<11.0 g/dl) (%),63.2,62.3,66.5,65.7,64,63.7,68.6,69,62.3,62.9,72.5,72.4,63.3,61.8,63.6,65.2,67.1,66.5,63.4,61.3,61.5,61.4,69,68.4,70,69.9,58.5,58.5,62.6,63.1,63.2,63.1,61.3,61.9,67.8,67.4,64.6,65.4,61.9,62.7,63.6,63.4,71,70.1,70,70.4,61,62.5,64.8,66.3,67.2,66,59.8,59,47.6,55,51.6,69,70.6,59.9,59.8,63.5,63,63.5,61.3,54.5,53.4,59.4,59,56.8,56.4,60,61.3,62.6,61.4,65.3,66.8,NA,NA,NA,NA,NA,NA,NA,NA,NA,NA,NA,NA,NA,NA,NA,NA,NA,NA,NA,NA,NA,NA,NA,NA,NA,NA,NA,NA,NA,NA,NA,NA,NA,NA,NA,NA,NA,NA,NA,NA,NA,NA,NA,NA,NA,NA,NA,NA,NA,NA,NA,NA,NA,NA,NA,NA,NA,NA,NA,NA,NA,NA,NA,NA,NA,NA,NA,NA,NA,NA,NA,NA,NA,NA,NA,NA,NA
77. Non-pregnant women age 15-49 years who are anaemic (<12.0 g/dl) (%),56.2,57.9,53.9,54.8,55.7,55.6,60.4,59.1,61.8,61.7,68.6,68.6,68,66.3,67,68,68.5,68.4,65.3,64.3,57.4,57.4,61.3,60.6,65.6,66.4,52.3,52.2,59.1,59.2,60.4,60.1,52.7,54.1,63.6,62,59.4,59.6,59.4,60.1,59.8,60.1,60.3,61.6,66.7,67,65.3,66.7,61,62.4,66.5,67.2,64.4,62.6,52.1,64.8,58,59.1,61.8,52,51.5,57.4,57.3,62.7,61.6,53.9,54.2,62.6,61.2,61.5,59.7,63.5,63.1,58.7,56.9,56.3,57.3,NA,NA,NA,NA,NA,NA,NA,NA,NA,NA,NA,NA,NA,NA,NA,NA,NA,NA,NA,NA,NA,NA,NA,NA,NA,NA,NA,NA,NA,NA,NA,NA,NA,NA,NA,NA,NA,NA,NA,NA,NA,NA,NA,NA,NA,NA,NA,NA,NA,NA,NA,NA,NA,NA,NA,NA,NA,NA,NA,NA,NA,NA,NA,NA,NA,NA,NA,NA,NA,NA,NA,NA,NA,NA,NA,NA,NA
78. Pregnant women age 15-49 years who are anaemic (<11.0 g/dl) (%),62.5,64,49.4,52.8,45.3,46,68.9,68,52.6,54,64,63.9,60.4,58.4,60.5,62,72.9,72.2,58.6,57.8,58.2,58.5,58.9,58.2,61,62.3,54.6,55.7,51,51.6,67.7,67,54.2,50.4,61.1,64.5,56.4,56.3,46.7,51,55.9,56.2,55.9,61.9,66.5,67.4,56.1,58.6,58.3,57.5,64.1,61,52.5,51.2,41.5,40.2,40.7,48.6,51.9,47.8,49.2,63.2,64.3,67,67.2,54.8,55,67.7,68.1,51.8,48.1,46.5,48,56.4,55.1,57.9,57.8,NA,NA,NA,NA,NA,NA,NA,NA,NA,NA,NA,NA,NA,NA,NA,NA,NA,NA,NA,NA,NA,NA,NA,NA,NA,NA,NA,NA,NA,NA,NA,NA,NA,NA,NA,NA,NA,NA,NA,NA,NA,NA,NA,NA,NA,NA,NA,NA,NA,NA,NA,NA,NA,NA,NA,NA,NA,NA,NA,NA,NA,NA,NA,NA,NA,NA,NA,NA,NA,NA,NA,NA,NA,NA,NA,NA,NA
79. All women age 15-49 years who are anaemic (%),56.8,58.5,53.6,54.7,55,55,61.1,59.9,61.1,61.1,68.2,68.1,67.4,65.6,66.7,67.6,69,68.8,64.8,63.8,57.5,57.5,61.1,60.4,65.2,66.1,52.5,52.4,58.7,58.8,60.8,60.5,52.7,53.9,63.4,62.2,59.2,59.4,58.1,59.3,59.4,59.8,59.9,61.6,66.7,67,64.6,66.1,60.8,62.1,66.3,66.8,63.4,61.6,51.7,63,57.1,58.3,61.1,51.7,51.3,57.8,57.8,63,62,53.9,54.3,63,61.8,60.8,58.8,62.1,61.9,58.5,56.7,56.4,57.4,NA,NA,NA,NA,NA,NA,NA,NA,NA,NA,NA,NA,NA,NA,NA,NA,NA,NA,NA,NA,NA,NA,NA,NA,NA,NA,NA,NA,NA,NA,NA,NA,NA,NA,NA,NA,NA,NA,NA,NA,NA,NA,NA,NA,NA,NA,NA,NA,NA,NA,NA,NA,NA,NA,NA,NA,NA,NA,NA,NA,NA,NA,NA,NA,NA,NA,NA,NA,NA,NA,NA,NA,NA,NA,NA,NA,NA
80. Men age 15-49 years who are anaemic (<13.0 g/dl) (%),27.4,26,23.3,24.1,21.5,21.2,38.2,36,40.8,38.1,46.6,45.9,55.8,56,40.7,42.6,35.4,33.6,38.3,33.3,30.9,30.5,42.5,38.9,40.4,38.8,33.2,34.5,27.1,26.1,36.1,35.5,22.7,22,37.5,35.6,35.4,38.5,35.8,31.6,29.9,29.6,42.7,41.4,44.4,43.1,36.9,37.2,53.1,55,34.3,35.2,24,19.1,23.4,35.7,28.9,37.6,37.7,29.8,24.2,17.7,15.7,15.2,14.7,17.1,16.5,29.5,25.7,25.7,28.9,33.5,32.3,25.7,23.9,29.6,33.1,NA,NA,NA,NA,NA,NA,NA,NA,NA,NA,NA,NA,NA,NA,NA,NA,NA,NA,NA,NA,NA,NA,NA,NA,NA,NA,NA,NA,NA,NA,NA,NA,NA,NA,NA,NA,NA,NA,NA,NA,NA,NA,NA,NA,NA,NA,NA,NA,NA,NA,NA,NA,NA,NA,NA,NA,NA,NA,NA,NA,NA,NA,NA,NA,NA,NA,NA,NA,NA,NA,NA,NA,NA,NA,NA,NA,NA
81. Blood sugar level - high (>140 mg/dl) (%),3.7,4.2,6.2,5.8,6.2,6.2,3.9,4.3,2.4,2.4,4.3,4.2,4.1,4.2,4.6,4.7,3.9,4,5.2,5.2,4.6,4.6,3.9,3.8,4.4,4.7,3.7,3.7,6.1,5.9,4.6,4.7,5.1,5.6,3.3,4.3,2.3,2.4,2.4,2.4,3.1,3.2,3.9,3.9,3.7,3.8,3.4,3.9,2.6,2.7,3.1,3.3,2.6,2.9,4.3,3.4,3.9,4.1,4.2,3.6,4,5.8,6.3,5.2,5.1,5.2,5.4,3.8,4,5.1,5,2.9,2.9,5.2,5.1,4.1,4.3,NA,NA,NA,NA,NA,NA,NA,NA,NA,NA,NA,NA,NA,NA,NA,NA,NA,NA,NA,NA,NA,NA,NA,NA,NA,NA,NA,NA,NA,NA,NA,NA,NA,NA,NA,NA,NA,NA,NA,NA,NA,NA,NA,NA,NA,NA,NA,NA,NA,NA,NA,NA,NA,NA,NA,NA,NA,NA,NA,NA,NA,NA,NA,NA,NA,NA,NA,NA,NA,NA,NA,NA,NA,NA,NA,NA,NA
82. Blood sugar level - very high (>160 mg/dl) (%),1.5,1.4,3.3,3.1,3.4,3.4,1.8,2.1,0.8,0.8,2,2,1.5,1.5,2.2,2.2,1.7,1.8,2.6,2.8,1.3,1.3,1.6,1.5,1.8,2,1.2,1.2,2.8,2.7,1.9,2.1,2.5,2.5,1.5,2.2,0.7,0.9,1.2,1.2,1.4,1.6,0.9,1,1.7,1.8,1.3,1.9,0.8,0.9,1.9,1.9,1,1.1,1.9,1.9,1.9,2.2,2.3,2,2,2.1,2.3,2.5,2.4,1.7,1.9,2.4,2.4,1.5,1.7,1.1,1.2,1.3,1.6,1.9,2.1,NA,NA,NA,NA,NA,NA,NA,NA,NA,NA,NA,NA,NA,NA,NA,NA,NA,NA,NA,NA,NA,NA,NA,NA,NA,NA,NA,NA,NA,NA,NA,NA,NA,NA,NA,NA,NA,NA,NA,NA,NA,NA,NA,NA,NA,NA,NA,NA,NA,NA,NA,NA,NA,NA,NA,NA,NA,NA,NA,NA,NA,NA,NA,NA,NA,NA,NA,NA,NA,NA,NA,NA,NA,NA,NA,NA,NA
83. Blood sugar level - high (>140 mg/dl) (%),5.9,6.2,10.7,10.8,6.7,7.7,5.6,6.7,3.7,3.4,5.2,5,6.6,6.7,10.2,13.7,3.9,4.2,5.4,5.3,4.1,5.7,3.5,3.8,2.7,2.4,12.2,14.1,3.2,3.1,11,10.1,6.2,8.7,5.4,6.3,11.7,11.8,5.5,4,4.9,4.4,3.2,3,6.6,7.6,7.3,8.4,5.2,4.6,5.6,4.7,4.2,4,6.9,6,6.5,6.8,7,6.1,5,5.6,5.9,4.1,5.3,20.2,17.6,4.8,5.1,7.2,7.6,3.7,3.8,4.4,5.9,7.6,7.6,NA,NA,NA,NA,NA,NA,NA,NA,NA,NA,NA,NA,NA,NA,NA,NA,NA,NA,NA,NA,NA,NA,NA,NA,NA,NA,NA,NA,NA,NA,NA,NA,NA,NA,NA,NA,NA,NA,NA,NA,NA,NA,NA,NA,NA,NA,NA,NA,NA,NA,NA,NA,NA,NA,NA,NA,NA,NA,NA,NA,NA,NA,NA,NA,NA,NA,NA,NA,NA,NA,NA,NA,NA,NA,NA,NA,NA
84. Blood sugar level - very high (>160 mg/dl) (%),3.9,2.9,6.2,5.2,3.2,3.7,3.2,4.6,2.9,2.7,3.5,3.3,1.9,1.8,2.4,5,0,1.1,1.1,1.8,1,1.9,2.6,3,0.6,0.5,2.5,4,2.2,2.1,6,5.5,3.6,4.7,2.7,3.1,2.9,2.7,2.4,1.7,2.4,2.2,2.4,1.9,3.9,4.5,2.3,2.8,1.7,1.9,0.9,1.4,3.2,3.3,3.1,4.2,3.6,6,5.6,3.7,3,1.5,2.3,2.7,3.7,12.9,10.8,3,3.2,3.6,3,2.4,2.6,1.5,2.7,1.5,1.3,NA,NA,NA,NA,NA,NA,NA,NA,NA,NA,NA,NA,NA,NA,NA,NA,NA,NA,NA,NA,NA,NA,NA,NA,NA,NA,NA,NA,NA,NA,NA,NA,NA,NA,NA,NA,NA,NA,NA,NA,NA,NA,NA,NA,NA,NA,NA,NA,NA,NA,NA,NA,NA,NA,NA,NA,NA,NA,NA,NA,NA,NA,NA,NA,NA,NA,NA,NA,NA,NA,NA,NA,NA,NA,NA,NA,NA
85. Slightly above normal (Systolic 140-159 mm of Hg and/or Diastolic 90-99 mm of Hg) (%),4.5,4.8,5.8,5.9,4.8,4.6,5.5,5.9,3.5,3.4,4.7,4.7,4.5,4.4,6,5.9,5,4.6,4,3.9,4.3,4.3,3.2,3.2,3.9,4,2.8,3.1,5.5,5.2,5.2,5.5,5.1,4.7,4.5,4.4,4.4,4.5,3.3,3.8,2.6,2.9,1.9,2.6,2.9,2.9,3.9,3.3,3.4,3.9,3.5,3.1,2.5,2.6,3.9,5,4.4,4.7,4.1,5.3,5.4,4.7,4.6,5.6,5.2,5.8,5.5,6.2,6,5.5,5.2,3.8,3.6,3.1,3.1,4.3,4.2,NA,NA,NA,NA,NA,NA,NA,NA,NA,NA,NA,NA,NA,NA,NA,NA,NA,NA,NA,NA,NA,NA,NA,NA,NA,NA,NA,NA,NA,NA,NA,NA,NA,NA,NA,NA,NA,NA,NA,NA,NA,NA,NA,NA,NA,NA,NA,NA,NA,NA,NA,NA,NA,NA,NA,NA,NA,NA,NA,NA,NA,NA,NA,NA,NA,NA,NA,NA,NA,NA,NA,NA,NA,NA,NA,NA,NA
86. Moderately high (Systolic 160-179 mm of Hg and/or Diastolic 100-109 mm of Hg) (%),2.3,2.1,1.4,1.5,0.7,0.8,1.4,1.5,0.5,0.5,0.6,0.6,1.6,1.6,1.2,1.2,0.7,0.6,0.5,0.5,1,0.9,0.6,0.6,0.7,0.7,1.1,1,0.9,0.9,1.6,1.6,0.6,0.7,0.6,0.6,0.3,0.4,0.5,0.5,0.6,0.5,0.7,0.8,0.5,0.5,0.7,0.6,0.5,0.4,0.3,0.6,1.3,1,0.6,0.7,0.6,0.8,0.7,1.2,1.1,0.6,0.6,1.4,1.4,1.3,1.2,0.8,0.8,0.6,0.6,0.4,0.4,1.1,0.9,0.9,0.8,NA,NA,NA,NA,NA,NA,NA,NA,NA,NA,NA,NA,NA,NA,NA,NA,NA,NA,NA,NA,NA,NA,NA,NA,NA,NA,NA,NA,NA,NA,NA,NA,NA,NA,NA,NA,NA,NA,NA,NA,NA,NA,NA,NA,NA,NA,NA,NA,NA,NA,NA,NA,NA,NA,NA,NA,NA,NA,NA,NA,NA,NA,NA,NA,NA,NA,NA,NA,NA,NA,NA,NA,NA,NA,NA,NA,NA
87. Very high (Systolic ?180 mm of Hg and/or Diastolic ?110 mm of Hg) (%),0.8,0.8,0.4,0.5,1,1,0.5,0.6,0.8,0.8,0.6,0.5,0.8,0.7,0.6,0.7,0.5,0.4,0.6,0.5,0.5,0.4,0.4,0.4,0.9,0.8,0.4,0.5,1.3,1.2,0.5,0.4,1.1,1.2,0.1,0.3,0.5,0.5,0.5,0.7,0.4,0.4,0.5,0.4,0.3,0.3,0,0.3,0.1,0.2,0.1,0.1,0.2,0.3,0.3,0.4,0.4,0.6,0.5,0.4,0.4,0.2,0.2,0.6,0.7,0.8,0.8,0.6,0.6,0.5,0.6,0.3,0.3,0.3,0.4,0.2,0.2,NA,NA,NA,NA,NA,NA,NA,NA,NA,NA,NA,NA,NA,NA,NA,NA,NA,NA,NA,NA,NA,NA,NA,NA,NA,NA,NA,NA,NA,NA,NA,NA,NA,NA,NA,NA,NA,NA,NA,NA,NA,NA,NA,NA,NA,NA,NA,NA,NA,NA,NA,NA,NA,NA,NA,NA,NA,NA,NA,NA,NA,NA,NA,NA,NA,NA,NA,NA,NA,NA,NA,NA,NA,NA,NA,NA,NA
88. Slightly above normal (Systolic 140-159 mm of Hg and/or Diastolic 90-99 mm of Hg) (%),7.7,13.5,7.6,6.4,2.3,2.1,5.9,6.2,7.4,6.9,3.4,3.3,6.1,5.8,7.8,9.2,5.6,6.9,5.7,5.6,5.1,6.6,8.9,8.8,6.8,9.6,8.6,8.3,6.2,6,8.1,9.3,7.1,6,7.9,7.6,9.9,11.1,9.6,7.5,4.2,5.1,4.7,7.4,5,5.6,3.9,6,5.4,8.4,10.8,9,7.4,8.7,8.9,8.1,8.5,10.2,8,7.7,8.9,5.6,5.9,8.2,9.3,4.2,3.5,8.8,8.4,4.7,3.9,5.3,5.8,7.6,9.6,3.1,3.2,NA,NA,NA,NA,NA,NA,NA,NA,NA,NA,NA,NA,NA,NA,NA,NA,NA,NA,NA,NA,NA,NA,NA,NA,NA,NA,NA,NA,NA,NA,NA,NA,NA,NA,NA,NA,NA,NA,NA,NA,NA,NA,NA,NA,NA,NA,NA,NA,NA,NA,NA,NA,NA,NA,NA,NA,NA,NA,NA,NA,NA,NA,NA,NA,NA,NA,NA,NA,NA,NA,NA,NA,NA,NA,NA,NA,NA
89. Moderately high (Systolic 160-179 mm of Hg and/or Diastolic 100-109 mm of Hg) (%),1.1,3.4,0,1.9,0,0.8,3.2,2.8,0,0.6,2.7,3.1,0,0,2.5,2.2,0.9,0.8,0,0,1,0.9,0.9,0.8,2.1,1.9,1,0.9,4.2,4,0.7,0.6,3.5,3,1.8,1.6,1,1,0.8,0.6,1.7,2.2,0,0,0,0,1.8,1.8,0.9,0.7,0,0,0,0,1.4,0.6,1,1.4,1.1,1.8,1.5,0.7,0.6,1.5,1.1,0,0,1.6,1.3,1.8,1.5,1.3,1.7,0,0,0,0,NA,NA,NA,NA,NA,NA,NA,NA,NA,NA,NA,NA,NA,NA,NA,NA,NA,NA,NA,NA,NA,NA,NA,NA,NA,NA,NA,NA,NA,NA,NA,NA,NA,NA,NA,NA,NA,NA,NA,NA,NA,NA,NA,NA,NA,NA,NA,NA,NA,NA,NA,NA,NA,NA,NA,NA,NA,NA,NA,NA,NA,NA,NA,NA,NA,NA,NA,NA,NA,NA,NA,NA,NA,NA,NA,NA,NA
90. Very high (Systolic ?180 mm of Hg and/or Diastolic ?110 mm of Hg) (%),0.9,0.7,0,0,1.1,1,0,0,0,0,0,0,0,0,1.6,2.6,0,0.6,1.1,0.9,0,0,0,0,1,0.9,0.9,0.8,2,1.9,0.8,0.7,1.8,1.6,0,0,0,0,0,0.5,0.8,0.7,0,0,0.7,0.7,0,0,0,0,1,1.6,0,0.9,0.3,0.6,0.5,0.7,1,1.5,1.2,0,0,0.8,0.6,0,0,0.9,0.7,0,0,0,0,0,0,0.8,0.7,NA,NA,NA,NA,NA,NA,NA,NA,NA,NA,NA,NA,NA,NA,NA,NA,NA,NA,NA,NA,NA,NA,NA,NA,NA,NA,NA,NA,NA,NA,NA,NA,NA,NA,NA,NA,NA,NA,NA,NA,NA,NA,NA,NA,NA,NA,NA,NA,NA,NA,NA,NA,NA,NA,NA,NA,NA,NA,NA,NA,NA,NA,NA,NA,NA,NA,NA,NA,NA,NA,NA,NA,NA,NA,NA,NA,NA
91. Cervix (%),13.4,12.6,9.4,9.2,5.9,5.9,8.7,8.2,14.6,14.8,6.8,6.7,15.3,14.5,12.1,13.6,15.9,15.1,16.5,15.6,9.3,9.5,9.7,9.3,10.8,11.1,10.5,9.9,9,9.3,16,16.1,15,14.8,24.1,24.1,11.8,11.4,12,10.8,8.5,8.7,11.1,15.7,11.7,12.5,11.5,14.4,16.5,15.5,18.3,18.1,14.1,13.3,3.8,15.4,9.3,9.3,10.6,16.3,16.3,14,13.7,7.8,7.8,14.8,14.7,7.3,7.7,13,12.6,6.8,6.3,13.5,15.1,11.9,13.3,NA,NA,NA,NA,NA,NA,NA,NA,NA,NA,NA,NA,NA,NA,NA,NA,NA,NA,NA,NA,NA,NA,NA,NA,NA,NA,NA,NA,NA,NA,NA,NA,NA,NA,NA,NA,NA,NA,NA,NA,NA,NA,NA,NA,NA,NA,NA,NA,NA,NA,NA,NA,NA,NA,NA,NA,NA,NA,NA,NA,NA,NA,NA,NA,NA,NA,NA,NA,NA,NA,NA,NA,NA,NA,NA,NA,NA
92. Breast (%),4.3,4.4,3.1,3.1,5,4.8,7.4,7.8,7.9,7.9,2.2,2.1,10.3,9.7,5,5.1,3.1,3.1,6.9,6.4,2.5,2.8,2.7,2.5,3.9,4.2,3.2,3.1,4.5,4.3,5.2,5.2,7.1,8.3,5.8,5.5,3.1,2.9,4.8,4.3,4.3,4.1,2.3,3.1,2.1,2.2,3,3,4,3.8,10.8,10,8.6,7.4,2.1,4,3,1.8,2.4,5.5,5.4,5.2,5.1,1.5,1.5,5.7,5.2,1.8,1.7,8.8,8.4,2.3,2.2,5.3,6.3,1.9,2.3,NA,NA,NA,NA,NA,NA,NA,NA,NA,NA,NA,NA,NA,NA,NA,NA,NA,NA,NA,NA,NA,NA,NA,NA,NA,NA,NA,NA,NA,NA,NA,NA,NA,NA,NA,NA,NA,NA,NA,NA,NA,NA,NA,NA,NA,NA,NA,NA,NA,NA,NA,NA,NA,NA,NA,NA,NA,NA,NA,NA,NA,NA,NA,NA,NA,NA,NA,NA,NA,NA,NA,NA,NA,NA,NA,NA,NA
93. Oral cavity (%),4.7,4.7,2.9,2.7,4.4,4.5,4.3,4.5,9.1,9.4,3.3,3.4,7.2,6.9,6.4,6.1,3.6,4.4,7.5,7.3,2,2.2,4.2,4.7,6.5,6.2,2.9,3.1,7.3,7.2,5.8,5.8,7.6,8.1,5,5.2,5.7,6,10.8,10.5,7.8,8.5,3.5,3.3,2.7,3,3,3.8,4.3,4.9,6.3,6.8,5,4.2,10.3,4.9,7.7,2.6,3.5,5,5.7,5,4.7,9.5,9.6,6.2,5.9,7.1,8.1,3.8,4,3.8,3.6,5.3,6.5,2.6,3.1,NA,NA,NA,NA,NA,NA,NA,NA,NA,NA,NA,NA,NA,NA,NA,NA,NA,NA,NA,NA,NA,NA,NA,NA,NA,NA,NA,NA,NA,NA,NA,NA,NA,NA,NA,NA,NA,NA,NA,NA,NA,NA,NA,NA,NA,NA,NA,NA,NA,NA,NA,NA,NA,NA,NA,NA,NA,NA,NA,NA,NA,NA,NA,NA,NA,NA,NA,NA,NA,NA,NA,NA,NA,NA,NA,NA,NA
