Residence,Panchkula - Urban,Panchkula - Rural,Panchkula - Total,Ambala - Urban,Ambala - Rural,Ambala - Total,Yamunanagar - Urban,Yamunanagar - Rural,Yamunanagar - Total,Kurukshetra - Rural,Kurukshetra - Total,Kaithal - Rural,Kaithal - Total,Karnal - Urban,Karnal - Rural,Karnal - Total,Panipat - Urban,Panipat - Rural,Panipat - Total,Sonipat - Urban,Sonipat - Rural,Sonipat - Total,Jind - Rural,Jind - Total,Fatehabad - Rural,Fatehabad - Total,Sirsa - Rural,Sirsa - Total,Hisar - Urban,Hisar - Rural,Hisar - Total,Bhiwani - Rural,Bhiwani - Total,Rohtak - Urban,Rohtak - Rural,Rohtak - Total,Jhajjar - Rural,Jhajjar - Total,Mahendragarh - Rural,Mahendragarh - Total,Rewari - Rural,Rewari - Total,Gurgaon - Urban,Gurgaon - Rural,Gurgaon - Total,Mewat - Rural,Mewat - Total,Faridabad - Urban,Faridabad - Total,Palwal - Rural,Palwal - Total,Note of Panchkula - Urban,Note of Panchkula - Rural,Note of Panchkula - Total,Note of Ambala - Urban,Note of Ambala - Rural,Note of Ambala - Total,Note of Yamunanagar - Urban,Note of Yamunanagar - Rural,Note of Yamunanagar - Total,Note of Kurukshetra - Rural,Note of Kurukshetra - Total,Note of Kaithal - Rural,Note of Kaithal - Total,Note of Karnal - Urban,Note of Karnal - Rural,Note of Karnal - Total,Note of Panipat - Urban,Note of Panipat - Rural,Note of Panipat - Total,Note of Sonipat - Urban,Note of Sonipat - Rural,Note of Sonipat - Total,Note of Jind - Rural,Note of Jind - Total,Note of Fatehabad - Rural,Note of Fatehabad - Total,Note of Sirsa - Rural,Note of Sirsa - Total,Note of Hisar - Urban,Note of Hisar - Rural,Note of Hisar - Total,Note of Bhiwani - Rural,Note of Bhiwani - Total,Note of Rohtak - Urban,Note of Rohtak - Rural,Note of Rohtak - Total,Note of Jhajjar - Rural,Note of Jhajjar - Total,Note of Mahendragarh - Rural,Note of Mahendragarh - Total,Note of Rewari - Rural,Note of Rewari - Total,Note of Gurgaon - Urban,Note of Gurgaon - Rural,Note of Gurgaon - Total,Note of Mewat - Rural,Note of Mewat - Total,Note of Faridabad - Urban,Note of Faridabad - Total,Note of Palwal - Rural,Note of Palwal - Total
Households surveyed,418,418,836,416,418,834,418,418,836,594,837,660,836,418,418,836,417,417,834,418,418,836,638,836,682,837,637,835,417,418,835,678,830,416,415,831,614,832,712,822,602,819,401,395,796,708,793,612,781,608,800,NA,NA,NA,NA,NA,NA,NA,NA,NA,NA,NA,NA,NA,NA,NA,NA,NA,NA,NA,NA,NA,NA,NA,NA,NA,NA,NA,NA,NA,NA,NA,NA,NA,NA,NA,NA,NA,NA,NA,NA,NA,NA,NA,NA,NA,NA,NA,NA,NA,NA,NA
Women age 15-49 years interviewed,448,505,953,531,531,1062,538,558,1096,730,1010,796,1007,470,520,990,508,446,954,486,530,1016,828,1075,903,1104,850,1101,528,561,1089,901,1101,483,507,990,779,1031,973,1108,743,1011,415,507,922,948,1058,747,966,755,1008,NA,NA,NA,NA,NA,NA,NA,NA,NA,NA,NA,NA,NA,NA,NA,NA,NA,NA,NA,NA,NA,NA,NA,NA,NA,NA,NA,NA,NA,NA,NA,NA,NA,NA,NA,NA,NA,NA,NA,NA,NA,NA,NA,NA,NA,NA,NA,NA,NA,NA,NA
Men age 15-49 years interviewed,71,77,148,72,80,152,76,88,164,115,160,107,145,76,86,162,69,80,149,91,94,185,111,142,137,186,118,157,82,84,166,129,170,85,89,174,133,175,157,189,125,163,62,79,141,137,173,95,125,113,155,NA,NA,NA,NA,NA,NA,NA,NA,NA,NA,NA,NA,NA,NA,NA,NA,NA,NA,NA,NA,NA,NA,NA,NA,NA,NA,NA,NA,NA,NA,NA,NA,NA,NA,NA,NA,NA,NA,NA,NA,NA,NA,NA,NA,NA,NA,NA,NA,NA,NA,NA
1. Population (female) age 6+ years who ever attended school (%),85.1,70.8,79.4,89.4,75.6,81.9,82.4,72.5,76.3,70,71.4,62.6,64.9,81.9,68.9,73.1,78.3,71.1,74.8,79.2,71.8,74.3,66.4,68.7,63.2,65.1,59.8,64.9,78.6,62.1,67.2,66.3,68.9,77.5,67.2,71.4,71,72.6,67.8,70,66.8,68.8,77.7,73.9,76.7,46.6,47.1,76.3,73.5,57,61.9,NA,NA,NA,NA,NA,NA,NA,NA,NA,NA,NA,NA,NA,NA,NA,NA,NA,NA,NA,NA,NA,NA,NA,NA,NA,NA,NA,NA,NA,NA,NA,NA,NA,NA,NA,NA,NA,NA,NA,NA,NA,NA,NA,NA,NA,NA,NA,NA,NA,NA,NA
2. Population below age 15 years (%),20.7,25,22.4,21.9,23.6,22.8,22.7,24.8,24,25.4,24,27.9,27.1,24.5,26.3,25.7,28.7,26.8,27.7,25.8,25.8,25.8,27.3,27.5,26.2,25.5,27.7,27,22.3,27.1,25.6,28,27.9,28.2,28.5,28.4,27.2,27.2,23,23.6,24.9,25.6,31,27.7,30.2,45.4,43.9,30.8,31.1,34.7,33.5,NA,NA,NA,NA,NA,NA,NA,NA,NA,NA,NA,NA,NA,NA,NA,NA,NA,NA,NA,NA,NA,NA,NA,NA,NA,NA,NA,NA,NA,NA,NA,NA,NA,NA,NA,NA,NA,NA,NA,NA,NA,NA,NA,NA,NA,NA,NA,NA,NA,NA,NA
3. Sex ratio of the total population (females per 1000 males),750,829,780,864,831,846,829,892,867,904,892,891,889,869,886,881,844,848,846,853,818,830,878,893,916,908,928,913,895,877,883,963,980,904,925,916,915,894,877,876,891,894,788,889,812,955,932,808,826,879,880,NA,NA,NA,NA,NA,NA,NA,NA,NA,NA,NA,NA,NA,NA,NA,NA,NA,NA,NA,NA,NA,NA,NA,NA,NA,NA,NA,NA,NA,NA,NA,NA,NA,NA,NA,NA,NA,NA,NA,NA,NA,NA,NA,NA,NA,NA,NA,NA,NA,NA,NA
4. Sex ratio at birth for children born in the last five years (females per 1000 males),697,835,751,676,773,730,661,590,616,837,823,840,949,720,948,880,810,1036,918,897,836,855,995,1003,961,922,853,847,881,748,776,999,999,807,1010,930,694,713,712,698,579,704,924,893,916,941,891,631,686,970,888,NA,NA,NA,NA,NA,NA,NA,NA,NA,NA,NA,NA,NA,NA,NA,NA,NA,NA,NA,NA,NA,NA,NA,NA,NA,NA,NA,NA,NA,NA,NA,NA,NA,NA,NA,NA,NA,NA,NA,NA,NA,NA,NA,NA,NA,NA,NA,NA,NA,NA,NA
5. Children under age 5 years whose birth was registered (%),93.4,100,96.2,97.5,99.3,98.5,93.4,100,97.5,100,99.7,99.4,99.2,98.3,100,99.6,96.1,95.9,96,96.4,98.3,97.7,99.7,98.6,97.6,97.2,96.5,96.6,97.4,99.6,99.1,96.9,97.2,92.8,97.2,95.6,99.2,97.9,96.6,96.7,93.9,93.3,91.5,89.9,91.1,74.8,75.7,93.4,92.1,83.4,86.4,NA,NA,NA,NA,NA,NA,NA,NA,NA,NA,NA,NA,NA,NA,NA,NA,NA,NA,NA,NA,NA,NA,NA,NA,NA,NA,NA,NA,NA,NA,NA,NA,NA,NA,NA,NA,NA,NA,NA,NA,NA,NA,NA,NA,NA,NA,NA,NA,NA,NA,NA
6. Households with electricity (%),99.7,99.5,99.6,100,99.7,99.8,99.7,100,99.9,100,99.9,99.9,99.9,99.8,99.3,99.5,100,100,100,100,99.5,99.7,99.5,99.5,99.7,99.8,98.4,98.9,99.4,98.8,99,99,99.2,99.3,99,99.1,98.6,99,98.3,98.6,98.3,98.6,100,99.1,99.8,86.8,88.5,99.4,99.2,91.1,93.2,NA,NA,NA,NA,NA,NA,NA,NA,NA,NA,NA,NA,NA,NA,NA,NA,NA,NA,NA,NA,NA,NA,NA,NA,NA,NA,NA,NA,NA,NA,NA,NA,NA,NA,NA,NA,NA,NA,NA,NA,NA,NA,NA,NA,NA,NA,NA,NA,NA,NA,NA
7. Households with an improved drinking-water source1 (%),99.8,99.1,99.5,99.6,99.8,99.7,99.3,100,99.7,99.7,99.8,98.3,98.8,100,100,100,99.8,99.6,99.7,93.7,95.2,94.7,89.4,91.4,100,99.8,97.9,98.2,97.6,92.1,93.9,87.3,89.8,99.8,97.2,98.3,93.8,93,95.6,96,92.2,93.5,98.6,95.1,97.9,75.2,78.9,46,51.1,92.4,93.6,NA,NA,NA,NA,NA,NA,NA,NA,NA,NA,NA,NA,NA,NA,NA,NA,NA,NA,NA,NA,NA,NA,NA,NA,NA,NA,NA,NA,NA,NA,NA,NA,NA,NA,NA,NA,NA,NA,NA,NA,NA,NA,NA,NA,NA,NA,NA,NA,NA,NA,NA
8. Households using improved sanitation facility2 (%),95.7,70.5,86.9,94.9,85.6,89.9,91.5,72.4,80.2,84,86,74.9,78,93.3,84.7,87.5,90.2,91.8,91,80.8,79.4,79.9,82.2,84.6,85.9,87.5,76.9,79.5,86.9,83.3,84.5,81.3,82.6,79.6,75,77,85.6,86.4,72,74.3,70.5,69.7,63.9,75.4,66.3,44.6,46.7,79,78,60.2,66.4,NA,NA,NA,NA,NA,NA,NA,NA,NA,NA,NA,NA,NA,NA,NA,NA,NA,NA,NA,NA,NA,NA,NA,NA,NA,NA,NA,NA,NA,NA,NA,NA,NA,NA,NA,NA,NA,NA,NA,NA,NA,NA,NA,NA,NA,NA,NA,NA,NA,NA,NA
9. Households using clean fuel for cooking3 (%),95.2,44.3,77.3,89.9,48.9,67.8,91.2,41.4,61.6,49.5,59.1,29.8,41.1,86.9,38.8,54.7,88.9,38,63.6,80.6,30.9,48.4,24.1,36.8,25.6,39.1,21.8,41.8,79.8,18.3,38.8,22.9,33.4,74.4,23.9,45.8,25.9,43.9,25.8,32.9,22,39.1,92.3,41.6,82,10.6,17.2,89.1,82.6,16.7,30.6,NA,NA,NA,NA,NA,NA,NA,NA,NA,NA,NA,NA,NA,NA,NA,NA,NA,NA,NA,NA,NA,NA,NA,NA,NA,NA,NA,NA,NA,NA,NA,NA,NA,NA,NA,NA,NA,NA,NA,NA,NA,NA,NA,NA,NA,NA,NA,NA,NA,NA,NA
10. Households using iodized salt (%),99.4,96.3,98.3,98.6,93.7,96,98.9,95.2,96.7,94,95.1,87.2,89.6,97.1,93,94.4,97.6,98.8,98.2,98.6,97.4,97.8,95.1,94.6,96.2,96.7,86.1,88.3,94.6,89.7,91.4,90.5,91.1,99.7,97.8,98.6,90.5,93.1,88.4,89.9,97.2,97.1,94.8,94.5,94.8,65.3,67.5,91.8,91.8,80.2,83,NA,NA,NA,NA,NA,NA,NA,NA,NA,NA,NA,NA,NA,NA,NA,NA,NA,NA,NA,NA,NA,NA,NA,NA,NA,NA,NA,NA,NA,NA,NA,NA,NA,NA,NA,NA,NA,NA,NA,NA,NA,NA,NA,NA,NA,NA,NA,NA,NA,NA,NA
11. Households with any usual member covered by a health scheme or health insurance (%),13.3,9.2,11.9,30.9,4.4,16.7,16.7,7,11,7.2,8.1,11.5,13.9,16.9,8.7,11.4,6.8,12.1,9.5,10.1,9,9.4,10.5,9.5,3.6,3.1,9.8,8.4,18.1,6.5,10.3,9,11.2,8.1,11.3,9.9,10.7,13.4,9.1,10.4,15.2,18.1,19.5,13.8,18.4,8.1,7.9,19.7,18.8,9.9,10.5,NA,NA,NA,NA,NA,NA,NA,NA,NA,NA,NA,NA,NA,NA,NA,NA,NA,NA,NA,NA,NA,NA,NA,NA,NA,NA,NA,NA,NA,NA,NA,NA,NA,NA,NA,NA,NA,NA,NA,NA,NA,NA,NA,NA,NA,NA,NA,NA,NA,NA,NA
12. Women who are literate (%),89.8,79,85.7,94.9,85.8,90,89.4,80.9,84.3,79,80.4,70.6,73.1,87.3,74.4,78.4,77.8,79.5,78.6,84.5,80.8,82.1,74.9,77.2,69.2,71.8,65.2,70.3,84.9,67.7,73.3,75.1,76.2,80.2,76.5,78,81.9,82.5,77.1,79,77.9,77.6,73.1,79.2,74.6,33.6,35.6,76.6,74.2,54.1,59.8,NA,NA,NA,NA,NA,NA,NA,NA,NA,NA,NA,NA,NA,NA,NA,NA,NA,NA,NA,NA,NA,NA,NA,NA,NA,NA,NA,NA,NA,NA,NA,NA,NA,NA,NA,NA,NA,NA,NA,NA,NA,NA,NA,NA,NA,NA,NA,NA,NA,NA,NA
13. Men who are literate (%),93.7,98.8,95.9,97.3,96,96.5,100,91.6,94.7,92.4,92,82.4,84.9,93.8,84,86.5,90.3,95.1,93,96.7,90.4,92.5,87.5,89.5,90.9,87.3,75,79,100,83.6,89.4,86,87.3,88.1,89.7,89,96.3,94.8,96.2,93.3,97.8,97.9,88.8,97.1,90.9,78.3,78,96.4,96.3,89.6,92.2,NA,NA,NA,NA,NA,NA,NA,NA,NA,NA,NA,NA,NA,NA,NA,NA,NA,NA,NA,NA,NA,NA,NA,NA,NA,NA,NA,NA,NA,NA,NA,NA,NA,NA,NA,NA,NA,NA,NA,NA,NA,NA,NA,NA,NA,NA,NA,NA,NA,NA,NA
14. Women with 10 or more years of schooling (%),79.2,47.2,67,75.4,54.5,64.2,67.5,39.3,50.5,42.4,49.5,35.9,40.8,66.2,37.8,46.6,56,51.8,54,59.3,51.9,54.4,43.7,47.8,34.7,38.3,30.2,36.2,59.2,35,42.8,43.1,45.3,56.2,39.9,46.7,51.9,53.2,47.2,49.6,44.2,43.1,51.9,48.4,51,9.3,12.7,43.8,42,26.3,33.2,NA,NA,NA,NA,NA,NA,NA,NA,NA,NA,NA,NA,NA,NA,NA,NA,NA,NA,NA,NA,NA,NA,NA,NA,NA,NA,NA,NA,NA,NA,NA,NA,NA,NA,NA,NA,NA,NA,NA,NA,NA,NA,NA,NA,NA,NA,NA,NA,NA,NA,NA
15. Women age 20-24 years married before age 18 years (%),8.6,11.2,9.6,7.7,6.9,7.2,12.9,3.6,6.9,12.3,9.9,20.6,16.8,8.7,8.3,8.4,13.4,17,15.1,19,21.1,20.4,15.5,15.8,17.9,16.4,13.1,15.6,7.1,18.8,15.5,20.7,21.5,26.9,18.6,21.8,17.4,15.6,15.9,16.8,21.6,20,42.3,24.9,36.8,38.3,37.6,21.5,21.2,31.3,28.3,NA,NA,NA,NA,NA,NA,NA,NA,NA,NA,NA,NA,NA,NA,NA,NA,NA,NA,NA,NA,NA,NA,NA,NA,NA,NA,NA,NA,NA,NA,NA,NA,NA,NA,NA,NA,NA,NA,NA,NA,NA,NA,NA,NA,NA,NA,NA,NA,NA,NA,NA
16. Men age 25-29 years married before age 21 years (%),NA,NA,NA,NA,NA,14.5,NA,NA,17.7,NA,38.1,NA,33.7,NA,NA,26.1,NA,NA,27.7,NA,NA,26,31.3,25.1,NA,16.2,NA,23.6,NA,NA,48.6,NA,22.1,NA,NA,NA,NA,NA,NA,30.1,NA,41.9,NA,NA,49.9,74.8,70.4,NA,NA,NA,42.9,*,*,*,*,*,NA,*,*,NA,*,NA,*,NA,*,*,NA,*,*,NA,*,*,NA,NA,NA,*,NA,*,NA,*,*,NA,*,NA,*,*,*,*,*,*,NA,*,NA,*,*,NA,NA,NA,*,*,*,NA
17. Women age 15-19 years who were already mothers or pregnant at the time of the survey (%),2.1,0,1.2,5,1,2.6,1.7,1.2,1.4,4.2,4.1,5.6,4.6,6.9,3.6,4.5,7.2,5.7,6.5,2.2,9,6.8,4.4,4.1,3.7,3.8,4.9,3.9,2.8,5.6,4.6,4,4.3,10.2,10.3,10.2,3.9,6.5,5.1,4.5,12.7,10.8,0,4.3,1.3,14.3,14.2,5.6,5.8,14.1,12.5,NA,NA,NA,NA,NA,NA,NA,NA,NA,NA,NA,NA,NA,NA,NA,NA,NA,NA,NA,NA,NA,NA,NA,NA,NA,NA,NA,NA,NA,NA,NA,NA,NA,NA,NA,NA,NA,NA,NA,NA,NA,NA,NA,NA,NA,NA,NA,NA,NA,NA,NA
18. Any method (%),81,77.6,79.7,77.4,77.7,77.6,69.2,75.4,73,74.9,74,78.3,76,74.5,75.9,75.4,79.3,76.8,78.1,77,78.2,77.8,76.6,76.6,77.5,76.9,76,73.5,74.8,71.6,72.6,74.7,73.5,74.2,66.4,69.7,72.5,74.4,69.8,70.8,46.2,47.8,55.1,37.7,51.1,13.5,15.5,29.7,28.3,30.1,31.2,NA,NA,NA,NA,NA,NA,NA,NA,NA,NA,NA,NA,NA,NA,NA,NA,NA,NA,NA,NA,NA,NA,NA,NA,NA,NA,NA,NA,NA,NA,NA,NA,NA,NA,NA,NA,NA,NA,NA,NA,NA,NA,NA,NA,NA,NA,NA,NA,NA,NA,NA
19. Any modern method (%),77.6,77.1,77.4,77,75.7,76.3,65.3,66.5,66,71.5,69.9,74.3,72,72.7,72.9,72.8,71.1,66.3,68.9,66.5,68.5,67.8,71.9,71.8,70.3,70.3,73.2,68.2,70.8,70.3,70.5,72.2,70.7,66.8,61.5,63.7,66.1,67.2,63.8,64.6,43.9,43.8,50.7,37.3,47.7,12.9,14.4,26.5,25.5,29.3,30,NA,NA,NA,NA,NA,NA,NA,NA,NA,NA,NA,NA,NA,NA,NA,NA,NA,NA,NA,NA,NA,NA,NA,NA,NA,NA,NA,NA,NA,NA,NA,NA,NA,NA,NA,NA,NA,NA,NA,NA,NA,NA,NA,NA,NA,NA,NA,NA,NA,NA,NA
20. Female sterilization (%),39,51.8,44.1,51.9,51.7,51.8,34,39,37.1,44.9,43.1,41.3,37.1,37.4,45.1,42.7,47.4,45.2,46.4,46.8,48.4,47.9,51.8,49.6,48.2,47.2,47.3,41.2,42.7,54.2,50.8,51.5,47.3,29.1,42.1,36.7,52.7,50.2,47.8,46.1,30.8,29.6,29.4,25.6,28.5,7.7,8.6,12.7,12.7,23,21.4,NA,NA,NA,NA,NA,NA,NA,NA,NA,NA,NA,NA,NA,NA,NA,NA,NA,NA,NA,NA,NA,NA,NA,NA,NA,NA,NA,NA,NA,NA,NA,NA,NA,NA,NA,NA,NA,NA,NA,NA,NA,NA,NA,NA,NA,NA,NA,NA,NA,NA,NA
21. Male sterilization (%),0.6,0,0.4,0.3,0,0.1,1.2,1.3,1.2,0.5,0.5,1.3,1.2,1.5,3.1,2.6,0,0,0,0,0,0,0.4,0.5,0.5,0.4,0.2,0.3,0,0,0,0.6,0.5,1.7,1.6,1.7,0,0.2,0.9,0.9,1,1.1,0.7,0.3,0.6,0.1,0.1,0.3,0.3,0,0,NA,NA,NA,NA,NA,NA,NA,NA,NA,NA,NA,NA,NA,NA,NA,NA,NA,NA,NA,NA,NA,NA,NA,NA,NA,NA,NA,NA,NA,NA,NA,NA,NA,NA,NA,NA,NA,NA,NA,NA,NA,NA,NA,NA,NA,NA,NA,NA,NA,NA,NA
22. IUD/PPIUD (%),9.9,8,9.1,10.4,12.2,11.3,6.9,7.9,7.5,6.1,6.2,9.4,8.5,10.1,4.2,6,9.8,6.1,8.1,6.4,6.8,6.7,6.4,7.8,6.6,6.7,5.4,5.7,7.2,4.6,5.4,5.7,6.3,10.8,6.8,8.4,4.5,4,4,4.3,3.3,2.7,4.6,1.8,4,1.2,1.2,3,2.7,1,2.3,NA,NA,NA,NA,NA,NA,NA,NA,NA,NA,NA,NA,NA,NA,NA,NA,NA,NA,NA,NA,NA,NA,NA,NA,NA,NA,NA,NA,NA,NA,NA,NA,NA,NA,NA,NA,NA,NA,NA,NA,NA,NA,NA,NA,NA,NA,NA,NA,NA,NA,NA
23. Pill (%),3.1,2.4,2.8,1.2,1.7,1.5,2.5,2.5,2.5,3.3,3.4,2.9,2.5,1.8,2.3,2.1,3.9,7,5.3,3.9,4.9,4.6,2,1.8,1.5,1.7,1.6,1.7,4,1.2,2,2.9,3.5,7.4,2.3,4.4,2.5,3.2,2.4,3.1,1.7,1.8,4.7,2,4.1,1.9,1.5,1.4,1.5,0.8,1,NA,NA,NA,NA,NA,NA,NA,NA,NA,NA,NA,NA,NA,NA,NA,NA,NA,NA,NA,NA,NA,NA,NA,NA,NA,NA,NA,NA,NA,NA,NA,NA,NA,NA,NA,NA,NA,NA,NA,NA,NA,NA,NA,NA,NA,NA,NA,NA,NA,NA,NA
24. Condom (%),24.8,14.9,20.9,13.2,10.1,11.6,20.7,15.1,17.3,16.6,16.7,18.5,21.6,21.1,17.8,18.8,9.6,6,7.9,8.9,8.3,8.5,11.2,12.1,13.5,14.3,18.2,18.9,16.3,9.9,11.8,10.6,12.4,17.5,8.4,12.2,6.3,9.6,8.4,9.8,6.9,8.6,10.2,7.7,9.6,1.7,2.6,8.8,8.1,4.4,5.1,NA,NA,NA,NA,NA,NA,NA,NA,NA,NA,NA,NA,NA,NA,NA,NA,NA,NA,NA,NA,NA,NA,NA,NA,NA,NA,NA,NA,NA,NA,NA,NA,NA,NA,NA,NA,NA,NA,NA,NA,NA,NA,NA,NA,NA,NA,NA,NA,NA,NA,NA
25. Total unmet need (%),2.7,2.8,2.8,1.8,2,1.9,4.3,4.3,4.3,5.9,6.3,3.6,5.3,6.2,4.5,5,5.1,3.4,4.3,4.5,5.8,5.4,3.2,3.4,2.8,2.6,5.2,5.4,6.7,7.9,7.5,6.4,6.9,5.4,8.5,7.2,7.1,6.6,7.7,7.5,13.8,13.4,14.1,14.2,14.1,29.4,31,21,21.9,20,19,NA,NA,NA,NA,NA,NA,NA,NA,NA,NA,NA,NA,NA,NA,NA,NA,NA,NA,NA,NA,NA,NA,NA,NA,NA,NA,NA,NA,NA,NA,NA,NA,NA,NA,NA,NA,NA,NA,NA,NA,NA,NA,NA,NA,NA,NA,NA,NA,NA,NA,NA
26. Unmet need for spacing (%),2.1,1.8,2,0.2,1.5,0.9,2.8,2.5,2.6,3.5,3.2,1.5,2.4,3.1,1.4,1.9,2.2,2.8,2.5,2.1,2.3,2.2,1.9,1.9,1.1,1.1,4.1,3.9,2.3,3.2,2.9,2.8,3.3,0.8,5.3,3.4,1.2,1.4,4,3.6,4.2,4.6,5.5,5.6,5.5,13.2,12.5,6.6,7.7,6.5,6.4,NA,NA,NA,NA,NA,NA,NA,NA,NA,NA,NA,NA,NA,NA,NA,NA,NA,NA,NA,NA,NA,NA,NA,NA,NA,NA,NA,NA,NA,NA,NA,NA,NA,NA,NA,NA,NA,NA,NA,NA,NA,NA,NA,NA,NA,NA,NA,NA,NA,NA,NA
27. Health worker ever talked to female non-users about family planning5 (%),28,26.3,27.4,25.4,24.7,25,27.5,27.9,27.7,38.2,42.7,30.2,31.9,28.8,42.7,38.4,34.6,18.4,26.6,38.4,22.2,27.5,25.2,31.3,29.3,28,30.1,24.2,19.2,31.2,27.1,21.4,21,23,24.5,23.9,25.3,23.5,24.6,24.9,17.3,15.7,23.8,16.4,21.3,7.3,7.9,18.8,18.4,11.8,12.5,NA,NA,NA,NA,NA,NA,NA,NA,NA,NA,NA,NA,NA,NA,NA,NA,NA,NA,NA,NA,NA,NA,NA,NA,NA,NA,NA,NA,NA,NA,NA,NA,NA,NA,NA,NA,NA,NA,NA,NA,NA,NA,NA,NA,NA,NA,NA,NA,NA,NA,NA
28. Current users ever told about side effects of current method (%),87.6,77.4,83.3,75.7,68.7,71.9,82.9,69.4,73.5,54.9,59.2,71.7,75.1,63.1,81.4,75.7,80.7,32.5,59,84.5,68.3,72.7,65.4,64.7,66.6,65.5,65.6,63.5,69,61.8,63.7,66.9,67.6,65.9,57.1,60.9,44.9,40.9,65.8,68.6,38.2,36.6,72.6,30.3,64.2,38.5,37.8,42.4,40.3,32.8,38.2,NA,NA,NA,NA,NA,NA,NA,NA,NA,NA,NA,NA,NA,NA,NA,NA,NA,NA,NA,NA,NA,NA,NA,NA,NA,NA,NA,NA,NA,NA,NA,NA,NA,NA,NA,NA,NA,NA,NA,NA,NA,NA,NA,NA,NA,NA,NA,NA,NA,NA,NA
29. Mothers who had antenatal check-up in the first trimester (%),96.2,72.9,86.7,81.6,74.9,78.2,86.8,92.9,90.5,74.4,74.5,81.6,78.6,78.3,81,80.2,77.9,66.9,72.6,71.4,73.5,72.9,81.4,82.5,88.4,87.5,71.5,77.2,67.6,57.4,59.8,66.1,70.9,71.3,74.4,73.2,59.4,68.6,72.9,74.1,59.3,54.7,40.8,29.5,38.3,12.1,12.8,49.5,48.3,23.1,30.7,NA,NA,NA,NA,NA,NA,NA,NA,NA,NA,NA,NA,NA,NA,NA,NA,NA,NA,NA,NA,NA,NA,NA,NA,NA,NA,NA,NA,NA,NA,NA,NA,NA,NA,NA,NA,NA,NA,NA,NA,NA,NA,NA,NA,NA,NA,NA,NA,NA,NA,NA
30. Mothers who had at least 4 antenatal care visits (%),88.4,71.6,81.5,68,61.6,64.7,62.4,84,75.4,62,65,54.9,61,65.3,62.2,63.1,53.4,26.1,40.3,33.6,40.9,38.7,56.6,57.1,59.7,60.7,46.4,55.9,68.4,31.8,40.5,49.9,53.8,49,48,48.4,45.7,52.7,46.1,44.3,28.5,28.7,37.9,15.8,33.1,5.6,6.5,33.4,30.1,14.2,19,NA,NA,NA,NA,NA,NA,NA,NA,NA,NA,NA,NA,NA,NA,NA,NA,NA,NA,NA,NA,NA,NA,NA,NA,NA,NA,NA,NA,NA,NA,NA,NA,NA,NA,NA,NA,NA,NA,NA,NA,NA,NA,NA,NA,NA,NA,NA,NA,NA,NA,NA
31. Mothers whose last birth was protected against neonatal tetanus6 (%),98,98.3,98.1,100,100,100,94.3,100,97.7,93.5,94.7,95.9,95.1,96.3,98.9,98.1,98.3,99.1,98.7,97.3,97.8,97.6,98.5,97.7,96.3,96.6,98.2,98.7,99,97.4,97.8,94.3,94.5,94.4,97.5,96.3,94.2,95.1,95.9,95,80.8,83.6,93.9,89.7,93,66.8,67.6,89.4,90,67.5,68.4,NA,NA,NA,NA,NA,NA,NA,NA,NA,NA,NA,NA,NA,NA,NA,NA,NA,NA,NA,NA,NA,NA,NA,NA,NA,NA,NA,NA,NA,NA,NA,NA,NA,NA,NA,NA,NA,NA,NA,NA,NA,NA,NA,NA,NA,NA,NA,NA,NA,NA,NA
32. Mothers who consumed iron folic acid for 100 days or more when they were pregnant (%),54.1,48.8,51.9,47.4,48.9,48.2,56,65.2,61.5,32.6,39.6,54.9,54.9,57,58.1,57.8,33.4,29.8,31.7,39.1,25.8,29.9,29.8,33.2,43.9,49.1,48.1,41.2,24.1,35.7,32.9,32,31.9,30.3,26,27.7,30.2,30.5,35.4,35.6,22.6,24,20.4,15.8,19.4,6.9,6.2,20.4,18.5,5.5,8.1,NA,NA,NA,NA,NA,NA,NA,NA,NA,NA,NA,NA,NA,NA,NA,NA,NA,NA,NA,NA,NA,NA,NA,NA,NA,NA,NA,NA,NA,NA,NA,NA,NA,NA,NA,NA,NA,NA,NA,NA,NA,NA,NA,NA,NA,NA,NA,NA,NA,NA,NA
33. Mothers who had full antenatal care7 (%),50.2,44.4,47.8,39.9,40.5,40.2,39.9,56.3,49.8,15.2,22.4,28.8,33.9,39.2,39.7,39.6,19.2,12.7,16.1,11.5,14.7,13.7,22.8,25.5,24.6,29,27.4,25.2,12,8.6,9.4,15.1,17.8,19.6,10.4,14,10.1,16.3,16.9,15.1,7.3,7.5,15.7,4.5,13.3,2.2,2.3,11.2,9.9,0,1.7,NA,NA,NA,NA,NA,NA,NA,NA,NA,NA,NA,NA,NA,NA,NA,NA,NA,NA,NA,NA,NA,NA,NA,NA,NA,NA,NA,NA,NA,NA,NA,NA,NA,NA,NA,NA,NA,NA,NA,NA,NA,NA,NA,NA,NA,NA,NA,NA,NA,NA,NA
34. Registered pregnancies for which the mother received Mother and Child Protection (MCP) card (%),91.7,95.4,93.3,100,100,100,90.2,93.4,92.2,94.8,93.2,98.3,98.7,99.3,99.4,99.4,98.4,89.7,94.5,96.2,96,96,99.1,98.9,81.4,83.4,96.4,93,85.8,100,97,96.2,94.4,88.9,75.7,80.5,95.9,93.1,96.2,95.7,79.6,81.1,90.9,84.1,89.4,66,70.7,87,87,84.2,83.8,NA,NA,NA,NA,NA,NA,NA,NA,NA,NA,NA,NA,NA,NA,NA,NA,NA,NA,NA,NA,NA,NA,NA,NA,NA,NA,NA,NA,NA,NA,NA,NA,NA,NA,NA,NA,NA,NA,NA,NA,NA,NA,NA,NA,NA,NA,NA,NA,NA,NA,NA
35. Mothers who received postnatal care from a doctor/nurse/LHV/ANM/midwife/other health personnel within 2 days of delivery (%),67.4,82.2,73.5,82,64.2,72.8,92,82.2,86.1,82.2,81.2,78.4,81.5,81.6,86.6,85.2,59.9,73.7,66.5,66.9,78.7,75,67.8,66.1,74.7,77.5,72.1,77.4,62.9,77.7,74.2,74.5,77.3,73.7,78.3,76.5,57.5,62.2,77,76.8,73.8,71.1,60.6,44.7,57.1,27,27.3,61,60.2,28.4,28.6,NA,NA,NA,NA,NA,NA,NA,NA,NA,NA,NA,NA,NA,NA,NA,NA,NA,NA,NA,NA,NA,NA,NA,NA,NA,NA,NA,NA,NA,NA,NA,NA,NA,NA,NA,NA,NA,NA,NA,NA,NA,NA,NA,NA,NA,NA,NA,NA,NA,NA,NA
36. Mothers who received financial assistance under Janani Suraksha Yojana (JSY) for births delivered in an institution (%),7,16.6,11.1,27.7,20.1,23.8,3,17,11.3,19.1,16,21,17.2,11.1,21.4,18.5,1,13.1,6.8,5.9,31.3,23.7,19.2,19.5,17.4,20.6,22.5,17.4,12.9,16.4,15.6,9.2,8.7,6.3,12,9.8,6.5,6.1,20.7,24.2,11.4,11.7,0.6,3.8,1.4,4.4,7,10.4,10.6,2.5,2.1,NA,NA,NA,NA,NA,NA,NA,NA,NA,NA,NA,NA,NA,NA,NA,NA,NA,NA,NA,NA,NA,NA,NA,NA,NA,NA,NA,NA,NA,NA,NA,NA,NA,NA,NA,NA,NA,NA,NA,NA,NA,NA,NA,NA,NA,NA,NA,NA,NA,NA,NA
37. Average out of pocket expenditure per delivery in public health facility (Rs.),872,922,896,476,1026,785,1082,1015,1044,973,923,392,519,931,674,728,2871,575,1927,3094,2406,2589,845,1099,940,850,415,500,2231,688,949,631,1108,1017,2387,1909,586,1217,1190,1081,1646,1369,2716,3167,2843,1762,1864,4235,3856,1763,2306,NA,NA,NA,NA,NA,NA,NA,NA,NA,NA,NA,NA,NA,NA,NA,NA,NA,NA,NA,NA,NA,NA,NA,NA,NA,NA,NA,NA,NA,NA,NA,NA,NA,NA,NA,NA,NA,NA,NA,NA,NA,NA,NA,NA,NA,NA,NA,NA,NA,NA,NA
38. Children born at home who were taken to a health facility for check-up within 24 hours of birth (%),NA,NA,NA,NA,NA,NA,NA,NA,NA,NA,NA,2.9,2.4,NA,NA,NA,NA,NA,10.3,NA,NA,0,NA,NA,NA,NA,4.4,3.8,NA,NA,NA,3.5,3,NA,NA,0,NA,NA,NA,NA,NA,NA,0,NA,0,0.3,0.3,1.5,1.3,0,0,*,*,*,*,*,*,*,*,*,*,*,NA,NA,*,*,*,*,*,NA,*,*,NA,*,*,*,*,NA,NA,*,*,*,NA,NA,*,*,NA,*,*,*,*,*,*,NA,*,NA,NA,NA,NA,NA,NA,NA
39. Children who received postnatal care from a doctor/nurse/LHV/ANM/midwife/other health personnel within 2 days of delivery (%),33.2,40.5,36.2,12.6,19.2,16,29,32.9,31.4,46,39.5,19.7,23.5,26.3,24.4,24.9,20.9,14.2,17.7,13.3,24.7,21.2,18.2,19.8,39.9,39.9,22.8,19.6,18.4,33,29.6,20.2,21.3,31.2,34.9,33.4,30.8,24.8,27.3,28.8,21.3,23.3,14.9,9.2,13.7,4.2,4.7,17.8,16.4,8.5,7.6,NA,NA,NA,NA,NA,NA,NA,NA,NA,NA,NA,NA,NA,NA,NA,NA,NA,NA,NA,NA,NA,NA,NA,NA,NA,NA,NA,NA,NA,NA,NA,NA,NA,NA,NA,NA,NA,NA,NA,NA,NA,NA,NA,NA,NA,NA,NA,NA,NA,NA,NA
40. Institutional births (%),94.9,98.7,96.5,97.6,95,96.1,95.8,93.6,94.4,92.4,91.7,83.1,83.6,92.9,92.7,92.7,79.7,76.8,78.2,81,84.9,83.7,93,92.9,91.5,91.2,83,85.1,91.5,90.6,90.8,86.6,87.2,85.2,87,86.3,91.2,86.9,96.3,96.8,90.6,90.2,71.9,81.4,74.2,36.9,37.7,73.3,72,49.2,56.3,NA,NA,NA,NA,NA,NA,NA,NA,NA,NA,NA,NA,NA,NA,NA,NA,NA,NA,NA,NA,NA,NA,NA,NA,NA,NA,NA,NA,NA,NA,NA,NA,NA,NA,NA,NA,NA,NA,NA,NA,NA,NA,NA,NA,NA,NA,NA,NA,NA,NA,NA
41. Institutional births in public facility (%),72.4,86.4,78.2,65,77.9,72.3,65.4,58.8,61.3,57.5,53.3,56.1,52.6,48.4,72,65.5,53.8,39.8,46.7,48.9,57,54.5,78.4,73.3,62.1,62.4,58.4,51.1,42.9,59.8,55.9,45.5,46.5,60,70.2,66.3,69.2,66.3,75.5,75.9,50.7,49.8,33.5,50.8,37.6,25,23.8,46.8,45.6,28.9,29.9,NA,NA,NA,NA,NA,NA,NA,NA,NA,NA,NA,NA,NA,NA,NA,NA,NA,NA,NA,NA,NA,NA,NA,NA,NA,NA,NA,NA,NA,NA,NA,NA,NA,NA,NA,NA,NA,NA,NA,NA,NA,NA,NA,NA,NA,NA,NA,NA,NA,NA,NA
42. Home delivery conducted by skilled health personnel (out of total deliveries) (%),1.7,1.3,1.5,1.4,1.5,1.5,3.3,2.8,3,3.6,3.5,6.5,5.4,2.9,4.8,4.3,12.5,8.3,10.4,12.2,4.4,6.9,1.2,1.9,4.9,5.8,8,6.6,5.5,2.3,3,5.3,4.7,4.5,2.7,3.4,3.4,3.8,2.6,2.2,6.3,5.3,4.9,3.8,4.6,7.6,8.6,10.9,10.9,13.5,11.6,NA,NA,NA,NA,NA,NA,NA,NA,NA,NA,NA,NA,NA,NA,NA,NA,NA,NA,NA,NA,NA,NA,NA,NA,NA,NA,NA,NA,NA,NA,NA,NA,NA,NA,NA,NA,NA,NA,NA,NA,NA,NA,NA,NA,NA,NA,NA,NA,NA,NA,NA
43. Births assisted by a doctor/nurse/LHV/ANM/other health personnel (%),95.4,100,97.3,99,96.5,97.6,99.1,96.4,97.4,95.9,95.2,89.5,89.5,95.8,96.6,96.4,87.2,85.1,86.1,85.3,83.5,84.1,94,94.6,96.4,97,91,91.7,96.4,92.8,93.6,91,91.2,89.7,88.8,89.1,93.7,89.7,98.8,98.4,91.4,91.7,70.9,78.3,72.7,44,45.8,82.1,80.9,58.9,64.3,NA,NA,NA,NA,NA,NA,NA,NA,NA,NA,NA,NA,NA,NA,NA,NA,NA,NA,NA,NA,NA,NA,NA,NA,NA,NA,NA,NA,NA,NA,NA,NA,NA,NA,NA,NA,NA,NA,NA,NA,NA,NA,NA,NA,NA,NA,NA,NA,NA,NA,NA
44. Births delivered by caesarean section (%),10.6,14.6,12.2,17.7,3.9,9.9,13.1,20,17.3,20.9,19.7,14.6,14.1,20,13,14.9,8.3,13.8,11.1,11.3,10.6,10.8,5.5,7,9,9.1,14.7,17.3,16.1,15,15.3,9.4,10.8,17.6,6.3,10.6,12.8,9.8,12,12.3,14.5,14.4,9.5,6.1,8.7,3.6,4.2,15.3,14.4,6.3,8.5,NA,NA,NA,NA,NA,NA,NA,NA,NA,NA,NA,NA,NA,NA,NA,NA,NA,NA,NA,NA,NA,NA,NA,NA,NA,NA,NA,NA,NA,NA,NA,NA,NA,NA,NA,NA,NA,NA,NA,NA,NA,NA,NA,NA,NA,NA,NA,NA,NA,NA,NA
45. Births in a private health facility delivered by caesarean section (%),24.2,NA,22.4,22.2,6.5,15.8,26,28.7,27.8,33.5,29.9,35.5,31.7,29.5,39.7,35.1,21,35.1,29.4,23.1,16.9,19,23.7,20.4,16,15.6,34.7,31.3,22,26.6,25.1,21.4,21.4,39.5,11,24.6,28.3,25.2,32,33.4,22.8,25.5,20,10.8,18.1,20.5,23.5,31.7,31.3,20.6,22.2,NA,*,NA,NA,NA,NA,NA,NA,NA,NA,NA,NA,NA,NA,NA,NA,NA,NA,NA,NA,NA,NA,NA,NA,NA,NA,NA,NA,NA,NA,NA,NA,NA,NA,NA,NA,NA,NA,NA,NA,NA,NA,NA,NA,NA,NA,NA,NA,NA,NA,NA
46. Births in a public health facility delivered by caesarean section (%),7,14.4,10.4,16.2,3.6,8.5,8,17,13.3,16.1,15.4,9,8.2,14.2,6.7,8.2,5.3,1.9,3.9,7.9,10.4,9.7,2.6,4.1,6.8,7.4,10.6,12.9,12.5,11.4,11.6,1.3,4.4,12.8,6.3,8.6,9.4,6.9,7,7.1,10.6,8.2,5.4,5.5,5.4,4.6,4,14.8,13.6,7.3,8.9,NA,NA,NA,NA,NA,NA,NA,NA,NA,NA,NA,NA,NA,NA,NA,NA,NA,NA,NA,NA,NA,NA,NA,NA,NA,NA,NA,NA,NA,NA,NA,NA,NA,NA,NA,NA,NA,NA,NA,NA,NA,NA,NA,NA,NA,NA,NA,NA,NA,NA,NA
47. Children age 12-23 months fully immunized (BCG measles and 3 doses each of polio/DPT) (%),NA,96.6,96.9,NA,95.7,97.4,NA,NA,87.9,91.3,88.2,89.2,90.5,86.7,92.5,91,63.9,NA,68.4,48.6,72.4,64.1,88.1,89,86.9,87.6,77.6,75.2,NA,77,75.3,71,66.1,57.9,67,64.1,54.6,50,73.3,73,43.9,41.2,27.3,10.8,23.6,11,13.1,51.4,46.3,21.6,25.3,*,NA,NA,*,NA,NA,*,*,NA,NA,NA,NA,NA,NA,NA,NA,NA,*,NA,NA,NA,NA,NA,NA,NA,NA,NA,NA,*,NA,NA,NA,NA,NA,NA,NA,NA,NA,NA,NA,NA,NA,NA,NA,NA,NA,NA,NA,NA,NA,NA
48. Children age 12-23 months who have received BCG (%),NA,100,100,NA,100,100,NA,NA,100,100,100,98.1,98.5,100,100,100,100,NA,100,97,96.3,96.6,97.2,97.7,98.2,98.7,100,100,NA,97.4,96.9,97.7,96.6,100,98.5,99,97.8,97.2,100,100,97.9,94,100,93.4,98.5,59.1,62.3,83.4,84.7,66.7,68.6,*,NA,NA,*,NA,NA,*,*,NA,NA,NA,NA,NA,NA,NA,NA,NA,*,NA,NA,NA,NA,NA,NA,NA,NA,NA,NA,*,NA,NA,NA,NA,NA,NA,NA,NA,NA,NA,NA,NA,NA,NA,NA,NA,NA,NA,NA,NA,NA,NA
49. Children age 12-23 months who have received 3 doses of polio vaccine (%),NA,96.6,96.9,NA,100,100,NA,NA,89.5,91.3,89.7,91,93.3,90.1,100,97.5,85.5,NA,81.4,70.9,82.8,78.7,95.7,96.5,89,90.5,82.7,79,NA,91.7,87.2,85.6,81.5,73,79.5,77.4,69.7,74.2,82.1,84.5,68,65.1,53.3,33,48.7,33.4,36.7,65.1,64.7,41.3,42.9,*,NA,NA,*,NA,NA,*,*,NA,NA,NA,NA,NA,NA,NA,NA,NA,*,NA,NA,NA,NA,NA,NA,NA,NA,NA,NA,*,NA,NA,NA,NA,NA,NA,NA,NA,NA,NA,NA,NA,NA,NA,NA,NA,NA,NA,NA,NA,NA,NA
50. Children age 12-23 months who have received 3 doses of DPT vaccine (%),NA,100,100,NA,100,100,NA,NA,94.7,100,95.8,92.7,94.5,97.5,98.1,97.9,88.1,NA,89.2,65.5,86.5,79.2,92.3,93.7,97.6,97,92,88.9,NA,94.5,90.5,86.6,86.7,76,83.8,81.2,80.4,76.9,91,90.1,68.9,61.4,45.5,35.7,43.3,24,23.8,69.5,67.6,48.2,47.7,*,NA,NA,*,NA,NA,*,*,NA,NA,NA,NA,NA,NA,NA,NA,NA,*,NA,NA,NA,NA,NA,NA,NA,NA,NA,NA,*,NA,NA,NA,NA,NA,NA,NA,NA,NA,NA,NA,NA,NA,NA,NA,NA,NA,NA,NA,NA,NA,NA
51. Children age 12-23 months who have received measles vaccine (%),NA,100,100,NA,95.7,97.4,NA,NA,98.4,100,100,92.6,93.1,96.6,92.5,93.5,75.3,NA,85.2,87.4,89.4,88.7,92.7,92.8,96.1,95.8,87.4,87.1,NA,82.8,83.7,80.5,78.8,85.8,85.5,85.6,76.3,70.2,91.6,90.9,79.3,76.8,73.2,68.9,72.3,27.9,32.3,68.3,64.7,51.1,53.1,*,NA,NA,*,NA,NA,*,*,NA,NA,NA,NA,NA,NA,NA,NA,NA,*,NA,NA,NA,NA,NA,NA,NA,NA,NA,NA,*,NA,NA,NA,NA,NA,NA,NA,NA,NA,NA,NA,NA,NA,NA,NA,NA,NA,NA,NA,NA,NA,NA
52. Children age 12-23 months who have received 3 doses of Hepatitis B vaccine (%),NA,93.1,95.6,NA,97.4,98.4,NA,NA,82.1,83.1,71.7,90.8,91.2,82.2,93.9,90.9,70.2,NA,66.4,34,66.2,55,80,82.4,70.8,74.2,74.5,74.6,NA,73.3,70,51.8,53.1,43.9,33.6,37,23.9,22.6,65.2,63.8,24.4,24.3,19,8.9,16.7,12.9,14.6,47.1,39.4,16.1,13.8,*,NA,NA,*,NA,NA,*,*,NA,NA,NA,NA,NA,NA,NA,NA,NA,*,NA,NA,NA,NA,NA,NA,NA,NA,NA,NA,*,NA,NA,NA,NA,NA,NA,NA,NA,NA,NA,NA,NA,NA,NA,NA,NA,NA,NA,NA,NA,NA,NA
53. Children age 9-59 months who received a vitamin A dose in last 6 months (%),76.5,73.5,75.3,81.5,78,79.4,62,49.5,54.3,83.2,82.2,84.7,82.7,78.2,83.4,81.9,74.1,68.5,71.3,73.1,84.3,80.5,71.4,74.5,64.8,65,70.7,66.1,82.9,92.3,90.2,71.1,66.2,66.9,59.6,62.4,78.2,80.5,84.8,86.1,59.4,59.2,76.6,53.2,71.3,23.5,24.4,50.7,54,40.2,43.7,NA,NA,NA,NA,NA,NA,NA,NA,NA,NA,NA,NA,NA,NA,NA,NA,NA,NA,NA,NA,NA,NA,NA,NA,NA,NA,NA,NA,NA,NA,NA,NA,NA,NA,NA,NA,NA,NA,NA,NA,NA,NA,NA,NA,NA,NA,NA,NA,NA,NA,NA
54. Children age 12-23 months who received most of the vaccinations in public health facility (%),NA,100,94.4,NA,93.8,96.2,NA,NA,98.2,96.6,94.8,100,100,87.9,96.2,94,90.9,NA,94.6,91.3,96.4,94.7,98.7,96.8,95.1,94.9,98.4,94.1,NA,100,94.1,97.1,97.4,97.7,100,99.2,97.9,98.4,94.2,95,91.3,93.3,79,93.5,82.1,93.1,94.8,98.6,97.4,94.6,92.9,*,NA,NA,*,NA,NA,*,*,NA,NA,NA,NA,NA,NA,NA,NA,NA,*,NA,NA,NA,NA,NA,NA,NA,NA,NA,NA,*,NA,NA,NA,NA,NA,NA,NA,NA,NA,NA,NA,NA,NA,NA,NA,NA,NA,NA,NA,NA,NA,NA
55. Children age 12-23 months who received most of the vaccinations in private health facility (%),NA,0,5.6,NA,6.2,3.8,NA,NA,1.8,3.4,5.2,0,0,12.1,3.8,6,9.1,NA,5.4,8.7,3.6,5.4,1.3,3.2,4.9,5.1,1.6,5.9,NA,0,5.9,2.9,2.6,2.3,0,0.8,2.1,1.6,5.8,5,8.7,6.7,21,6.5,17.9,3.5,2.6,1.4,2.6,5.4,7.1,*,NA,NA,*,NA,NA,*,*,NA,NA,NA,NA,NA,NA,NA,NA,NA,*,NA,NA,NA,NA,NA,NA,NA,NA,NA,NA,*,NA,NA,NA,NA,NA,NA,NA,NA,NA,NA,NA,NA,NA,NA,NA,NA,NA,NA,NA,NA,NA,NA
56. Prevalence of diarrhoea (reported) in the last 2 weeks preceding the survey (%),1.5,4.8,2.9,11.2,7.4,9,10.9,17.9,15.2,9,8.3,7.2,9.7,6.2,5.6,5.8,5.4,3.2,4.3,1.3,1.7,1.6,8.6,7.9,10.8,10.9,7.3,8.1,5.1,5.6,5.5,7.4,7.9,4,6,5.3,4.8,3.7,10.5,9.4,6.6,6.9,5.9,2.3,5,12.3,12.7,8.8,8.9,8.1,8.5,NA,NA,NA,NA,NA,NA,NA,NA,NA,NA,NA,NA,NA,NA,NA,NA,NA,NA,NA,NA,NA,NA,NA,NA,NA,NA,NA,NA,NA,NA,NA,NA,NA,NA,NA,NA,NA,NA,NA,NA,NA,NA,NA,NA,NA,NA,NA,NA,NA,NA,NA
57. Children with diarrhoea in the last 2 weeks who received oral rehydration salts (ORS) (%),NA,NA,NA,NA,NA,85.1,NA,79.9,83.8,NA,67.1,NA,85.3,NA,NA,NA,NA,NA,NA,NA,NA,NA,73.3,76.5,65.8,72.1,71.4,53.1,NA,NA,NA,NA,57.7,NA,NA,NA,NA,NA,66.7,68,NA,NA,NA,NA,NA,30.3,33.9,NA,54,22.7,39.2,*,*,*,*,*,NA,*,NA,NA,*,NA,*,NA,*,*,*,*,*,*,*,*,*,NA,NA,NA,NA,NA,NA,*,*,*,*,NA,*,*,*,*,*,NA,NA,*,*,*,*,*,NA,NA,*,NA,NA,NA
58. Children with diarrhoea in the last 2 weeks who received zinc (%),NA,NA,NA,NA,NA,7.8,NA,15.2,18,NA,31.2,NA,31.8,NA,NA,NA,NA,NA,NA,NA,NA,NA,28.8,31.1,26.7,24.6,37.8,35.2,NA,NA,NA,NA,35.6,NA,NA,NA,NA,NA,24.7,23.8,NA,NA,NA,NA,NA,16.5,13,NA,8.2,6.6,7.8,*,*,*,*,*,NA,*,NA,NA,*,NA,*,NA,*,*,*,*,*,*,*,*,*,NA,NA,NA,NA,NA,NA,*,*,*,*,NA,*,*,*,*,*,NA,NA,*,*,*,*,*,NA,NA,*,NA,NA,NA
59. Children with diarrhoea in the last 2 weeks taken to a health facility (%),NA,NA,NA,NA,NA,76.3,NA,97.4,96.1,NA,95.8,NA,89.4,NA,NA,NA,NA,NA,NA,NA,NA,NA,43,49.8,81.2,84.6,85.3,75.2,NA,NA,NA,NA,80.2,NA,NA,NA,NA,NA,66.6,67.9,NA,NA,NA,NA,NA,67,68,NA,78.9,71,79.3,*,*,*,*,*,NA,*,NA,NA,*,NA,*,NA,*,*,*,*,*,*,*,*,*,NA,NA,NA,NA,NA,NA,*,*,*,*,NA,*,*,*,*,*,NA,NA,*,*,*,*,*,NA,NA,*,NA,NA,NA
60. Prevalence of symptoms of acute respiratory infection (ARI) in the last 2 weeks preceding the survey (%),0,0.8,0.3,2.6,1.2,1.8,0.7,2.1,1.5,2.2,1.7,2.7,2.6,1.4,1.3,1.4,0,0,0,1.2,1.1,1.1,0.9,1.2,3.4,3.7,2.8,3.8,0.8,1,0.9,5.1,5,0,3,1.9,2.1,2.5,2.8,2.4,1.3,1.9,2.5,2.3,2.5,8,8,5.1,5.2,5.6,7.1,NA,NA,NA,NA,NA,NA,NA,NA,NA,NA,NA,NA,NA,NA,NA,NA,NA,NA,NA,NA,NA,NA,NA,NA,NA,NA,NA,NA,NA,NA,NA,NA,NA,NA,NA,NA,NA,NA,NA,NA,NA,NA,NA,NA,NA,NA,NA,NA,NA,NA,NA
61. Children with fever or symptoms of ARI in the last 2 weeks preceding the survey taken to a health facility (%),NA,NA,NA,NA,NA,NA,NA,72.6,72.5,NA,NA,NA,92.1,NA,NA,NA,NA,NA,NA,NA,NA,NA,NA,NA,96.5,92,84.3,80.7,NA,NA,NA,81.9,80.2,NA,NA,96,NA,NA,72.6,75.8,76.7,75.3,NA,NA,82.2,71.9,72,77.3,77.4,80.4,82,*,*,*,*,*,*,*,NA,NA,*,*,*,NA,*,*,*,*,*,*,*,*,*,*,*,NA,NA,NA,NA,*,*,*,NA,NA,*,*,NA,*,*,NA,NA,NA,NA,*,*,NA,NA,NA,NA,NA,NA,NA
62. Children under age 3 years breastfed within one hour of birth8 (%),48.9,40.1,45,54.8,57.4,56.2,55.8,34.4,42.9,43.1,43.3,48.1,49.7,45.1,56.9,54.2,11.9,18.9,15.4,16.5,30.3,25.6,66.1,65.5,52.9,55.2,55.7,45,54.6,36.5,40.3,41.4,39.7,53.6,50.6,51.7,41.2,29.5,73.8,73.1,36.7,38.3,17.9,19.5,18.3,34.9,30.7,56.4,54.3,30.7,28.3,NA,NA,NA,NA,NA,NA,NA,NA,NA,NA,NA,NA,NA,NA,NA,NA,NA,NA,NA,NA,NA,NA,NA,NA,NA,NA,NA,NA,NA,NA,NA,NA,NA,NA,NA,NA,NA,NA,NA,NA,NA,NA,NA,NA,NA,NA,NA,NA,NA,NA,NA
63. Children under age 6 months exclusively breastfed9 (%),NA,NA,NA,NA,NA,35,NA,NA,49.2,NA,38.1,52.1,41.1,NA,NA,NA,NA,NA,40.6,NA,NA,42.6,NA,37.6,39,34.7,57.3,50.9,NA,NA,54,62.4,54.9,NA,NA,69.5,NA,70.8,36.3,34.3,NA,73.1,NA,NA,60,60.2,55.8,40.1,36.5,49.1,50.8,*,*,*,*,*,NA,*,*,NA,*,NA,NA,NA,*,*,*,*,*,NA,*,*,NA,*,NA,NA,NA,NA,NA,*,*,NA,NA,NA,*,*,NA,*,NA,NA,NA,*,NA,*,*,NA,NA,NA,NA,NA,NA,NA
64. Children age 6-8 months receiving solid or semi-solid food and breastmilk9 (%),NA,NA,NA,NA,NA,NA,NA,NA,NA,NA,NA,NA,NA,NA,NA,29.3,NA,NA,NA,NA,NA,NA,NA,NA,39.4,38.8,35.4,30.7,NA,NA,NA,NA,NA,NA,NA,NA,NA,NA,NA,NA,NA,NA,NA,NA,NA,22,20.6,NA,NA,NA,29.1,*,*,*,*,*,*,*,*,*,*,*,*,*,*,*,NA,*,*,*,*,*,*,*,*,NA,NA,NA,NA,*,*,*,*,*,*,*,*,*,*,*,*,*,*,*,*,*,NA,NA,*,*,*,NA
65. Breastfeeding children age 6-23 months receiving an adequate diet9 10 (%),4.2,10.1,6.4,9,15.2,12.7,NA,18.1,12.5,7,9.1,5.7,7.8,0,7.3,5.3,2.7,0,1.4,0,6,4.1,7.5,10.4,11.3,12.1,0,0,NA,1.9,2.1,4.5,4.8,5,4.1,4.4,18.5,12.6,19.4,20.7,1.5,2.5,7.6,2.4,6.3,4.6,3.5,11.4,12.8,5.1,4.8,NA,NA,NA,NA,NA,NA,*,NA,NA,NA,NA,NA,NA,NA,NA,NA,NA,NA,NA,NA,NA,NA,NA,NA,NA,NA,NA,NA,*,NA,NA,NA,NA,NA,NA,NA,NA,NA,NA,NA,NA,NA,NA,NA,NA,NA,NA,NA,NA,NA,NA
66. Non-breastfeeding children age 6-23 months receiving an adequate diet9 10 (%),NA,NA,NA,NA,NA,NA,NA,NA,NA,NA,NA,NA,NA,NA,NA,12.6,NA,NA,NA,NA,NA,NA,NA,NA,NA,NA,NA,0,NA,NA,NA,NA,NA,NA,NA,NA,NA,NA,NA,NA,NA,NA,NA,NA,NA,4.7,4.4,NA,NA,NA,16,*,*,*,*,*,*,*,*,*,*,*,*,*,*,*,NA,*,*,*,*,*,*,*,*,*,*,*,NA,*,*,*,*,*,*,*,*,*,*,*,*,*,*,*,*,*,NA,NA,*,*,*,NA
67. Total children age 6-23 months receiving an adequate diet9 10 (%),3.6,10.8,6.2,11.1,13.5,12.5,2.8,17.5,12.4,10.8,11,4.7,6.3,0,9.8,7.1,8.4,0,4.7,2.8,5.4,4.6,6.7,8.9,10.1,10.8,0,0,2.4,3.4,3.2,4.2,4.6,6.5,5.2,5.6,17.4,12.5,18.4,19.3,3,4.6,5.6,6.3,5.8,4.6,3.7,13.8,14.8,6,7.4,NA,NA,NA,NA,NA,NA,NA,NA,NA,NA,NA,NA,NA,NA,NA,NA,NA,NA,NA,NA,NA,NA,NA,NA,NA,NA,NA,NA,NA,NA,NA,NA,NA,NA,NA,NA,NA,NA,NA,NA,NA,NA,NA,NA,NA,NA,NA,NA,NA,NA,NA
68. Children under 5 years who are stunted11 (%),18.2,26.1,21.5,13.1,24.5,19.8,34.4,27.4,30,32.4,31.9,35.8,33.6,34.6,43.5,41,48.7,40.1,44.6,52.5,34.6,40.2,27.2,26,30.1,28.5,34.5,34.2,25.9,25.5,25.6,36.8,35.1,38.4,35.5,36.6,19,22.3,24.7,23.5,28.3,27.8,44.3,28.5,41.2,53,52.3,28,29.7,37.6,34,NA,NA,NA,NA,NA,NA,NA,NA,NA,NA,NA,NA,NA,NA,NA,NA,NA,NA,NA,NA,NA,NA,NA,NA,NA,NA,NA,NA,NA,NA,NA,NA,NA,NA,NA,NA,NA,NA,NA,NA,NA,NA,NA,NA,NA,NA,NA,NA,NA,NA,NA
69. Children under 5 years who are wasted11 (%),29.1,35.5,31.8,54.8,26.2,37.9,35.4,21.7,26.8,22,24.1,23.9,23.8,13.5,22.2,19.8,18.6,31.9,25.1,20.6,22.1,21.6,29.5,26.7,18.2,20.7,24.4,22.5,20.5,24.5,23.5,16.1,15.7,14.9,12.9,13.6,12,15.5,18.9,19.2,17.4,18.3,16.3,24,17.9,17.2,17.2,19.5,19.7,21.2,21.4,NA,NA,NA,NA,NA,NA,NA,NA,NA,NA,NA,NA,NA,NA,NA,NA,NA,NA,NA,NA,NA,NA,NA,NA,NA,NA,NA,NA,NA,NA,NA,NA,NA,NA,NA,NA,NA,NA,NA,NA,NA,NA,NA,NA,NA,NA,NA,NA,NA,NA,NA
70. Children under 5 years who are severely wasted12 (%),10.8,17.4,13.6,32.1,8.9,18.4,15.3,9.5,11.6,8.2,11.9,10.2,10.2,4.8,8,7.1,9.5,14.3,11.8,7.1,10.9,9.7,15.5,14,5.7,8,7.5,7.2,7.1,9.9,9.3,6.1,4.9,2.3,5.8,4.5,5.6,5.5,6.9,6.8,6.9,7,8.9,12.1,9.5,7.3,7.5,8.9,8.9,11.2,10.2,NA,NA,NA,NA,NA,NA,NA,NA,NA,NA,NA,NA,NA,NA,NA,NA,NA,NA,NA,NA,NA,NA,NA,NA,NA,NA,NA,NA,NA,NA,NA,NA,NA,NA,NA,NA,NA,NA,NA,NA,NA,NA,NA,NA,NA,NA,NA,NA,NA,NA,NA
71. Children under 5 years who are underweight11 (%),23.7,29.7,26.2,37.4,29.9,32.9,34.9,30,31.8,25.4,27.1,39.3,37.5,25.1,35.3,32.5,42.3,39.3,40.8,33.2,29.1,30.4,30.2,29.3,32.2,30,30.9,30.1,25.6,22.9,23.5,27.3,26.9,24.1,25.9,25.2,17,21,25.8,26.1,21.5,23,31.5,27.1,30.6,40.9,40.2,20.9,20.5,28.1,27.5,NA,NA,NA,NA,NA,NA,NA,NA,NA,NA,NA,NA,NA,NA,NA,NA,NA,NA,NA,NA,NA,NA,NA,NA,NA,NA,NA,NA,NA,NA,NA,NA,NA,NA,NA,NA,NA,NA,NA,NA,NA,NA,NA,NA,NA,NA,NA,NA,NA,NA,NA
72. Women whose Body Mass Index (BMI) is below normal (BMI <18.5 kg/m2) (%),3.9,11.7,6.8,8.3,13.5,11.1,11.3,19.3,16.2,10.7,9.2,16.4,15.3,7.9,15.1,12.9,9.1,11.8,10.4,15.1,13.7,14.1,17.3,17,23.5,22.2,23.2,20.6,10.4,17.2,14.9,23.4,21.4,13.6,17.9,16.1,12.2,12.4,20.1,19.2,22.6,21.4,11,17.1,12.5,26.9,27.1,13.2,14.4,17.9,16.9,NA,NA,NA,NA,NA,NA,NA,NA,NA,NA,NA,NA,NA,NA,NA,NA,NA,NA,NA,NA,NA,NA,NA,NA,NA,NA,NA,NA,NA,NA,NA,NA,NA,NA,NA,NA,NA,NA,NA,NA,NA,NA,NA,NA,NA,NA,NA,NA,NA,NA,NA
73. Men whose Body Mass Index (BMI) is below normal (BMI <18.5 kg/m2) (%),4.6,10.6,7.2,4,16.7,11.4,1.2,9,6.1,4.5,3.9,17.7,16.1,3.7,7.3,6.4,10.6,1.3,5.5,4.4,4.3,4.3,12.1,11,14.6,13.2,15.2,10.9,7.6,11.1,9.9,21,19.8,13.3,8.7,10.7,11,12.1,18,14.7,17.6,14.4,5.8,11.1,7.1,30.2,30.4,10.8,10.7,13.8,12.2,NA,NA,NA,NA,NA,NA,NA,NA,NA,NA,NA,NA,NA,NA,NA,NA,NA,NA,NA,NA,NA,NA,NA,NA,NA,NA,NA,NA,NA,NA,NA,NA,NA,NA,NA,NA,NA,NA,NA,NA,NA,NA,NA,NA,NA,NA,NA,NA,NA,NA,NA
74. Women who are overweight or obese (BMI >=25.0 kg/m2) (%),24,21,22.9,12.1,13.3,12.7,20.8,17.9,19,19.5,19.6,22,25.3,33.7,23,26.3,26.6,24.9,25.8,28.2,32.8,31.3,15.8,17.5,13.5,15.1,19,23,22.3,15.6,17.8,19.1,22.1,24.9,19.2,21.6,23.5,21.6,14.5,14.4,19.8,20.1,20.2,20.1,20.2,9.2,12.2,25,23.7,11.8,19.1,NA,NA,NA,NA,NA,NA,NA,NA,NA,NA,NA,NA,NA,NA,NA,NA,NA,NA,NA,NA,NA,NA,NA,NA,NA,NA,NA,NA,NA,NA,NA,NA,NA,NA,NA,NA,NA,NA,NA,NA,NA,NA,NA,NA,NA,NA,NA,NA,NA,NA,NA
75. Men who are overweight or obese (BMI >=25.0 kg/m2) (%),5.4,18.2,10.9,19.6,7.1,12.3,24.7,19.2,21.2,18.2,18.8,25.4,25,19.2,30.4,27.5,25.1,26.9,26.1,36.3,29.1,31.5,11.8,14.5,17.7,17.8,18.8,20.8,23,19.4,20.7,21.3,23.6,19.6,11.1,14.8,18.1,14.4,14.6,11.9,16.1,16.8,21.7,22,21.8,11.3,13,19.4,18.8,20.8,24.7,NA,NA,NA,NA,NA,NA,NA,NA,NA,NA,NA,NA,NA,NA,NA,NA,NA,NA,NA,NA,NA,NA,NA,NA,NA,NA,NA,NA,NA,NA,NA,NA,NA,NA,NA,NA,NA,NA,NA,NA,NA,NA,NA,NA,NA,NA,NA,NA,NA,NA,NA
76. Children age 6-59 months who are anaemic (<11.0 g/dl) (%),58.9,78,66.4,87.6,66.2,75.1,65.9,53.2,58,63.9,63.4,69.7,68,62.9,80.4,75.5,70.5,60.4,65.5,54.3,60.7,58.6,75.8,76.6,73.6,70.5,74,72.4,73.5,64.3,66.4,74.4,74.8,72,78.8,76.3,69.8,70.9,74.9,73.7,81,77.8,63,78.2,66.2,84.2,83.7,75.3,75,78.2,75.2,NA,NA,NA,NA,NA,NA,NA,NA,NA,NA,NA,NA,NA,NA,NA,NA,NA,NA,NA,NA,NA,NA,NA,NA,NA,NA,NA,NA,NA,NA,NA,NA,NA,NA,NA,NA,NA,NA,NA,NA,NA,NA,NA,NA,NA,NA,NA,NA,NA,NA,NA
77. Non-pregnant women age 15-49 years who are anaemic (<12.0 g/dl) (%),55.1,58.8,56.5,67.6,71.6,69.8,59.3,55.8,57.1,57.3,55.9,61.3,60.1,58,71,67.1,64.8,70.1,67.2,58.3,70.5,66.5,61.4,62.7,66.5,65.3,60.5,59.7,58.1,61,60.1,65.2,65.6,53.8,60.8,57.8,58.6,61.2,64.5,64.3,66.5,65.6,75.4,68.1,73.6,68.6,69.1,54.3,55.5,63.7,60.3,NA,NA,NA,NA,NA,NA,NA,NA,NA,NA,NA,NA,NA,NA,NA,NA,NA,NA,NA,NA,NA,NA,NA,NA,NA,NA,NA,NA,NA,NA,NA,NA,NA,NA,NA,NA,NA,NA,NA,NA,NA,NA,NA,NA,NA,NA,NA,NA,NA,NA,NA
78. Pregnant women age 15-49 years who are anaemic (<11.0 g/dl) (%),NA,41.2,38.7,61.3,47.7,54.7,44.8,NA,55.8,31.3,32.9,50.2,54.4,62.6,68.5,66.3,51.3,49.3,50.2,50.7,NA,65.5,58.9,62.3,64.1,67.6,59.7,52.8,NA,52.6,49.8,40.8,42.3,NA,59.2,58.7,63,59.8,43.1,43,NA,48.4,NA,81.9,66.5,79.9,78.6,27.9,31,53.8,58.6,*,NA,NA,NA,NA,NA,NA,*,NA,NA,NA,NA,NA,NA,NA,NA,NA,NA,NA,NA,*,NA,NA,NA,NA,NA,NA,NA,*,NA,NA,NA,NA,*,NA,NA,NA,NA,NA,NA,*,NA,*,NA,NA,NA,NA,NA,NA,NA,NA
79. All women age 15-49 years who are anaemic (%),54.2,57.3,55.4,67,70,68.6,58.2,56.3,57.1,55.8,54.6,60.6,59.8,58.4,70.9,67,64.1,68.7,66.2,57.9,70.7,66.5,61.2,62.7,66.4,65.4,60.4,59.3,57.5,60.5,59.5,64.3,64.8,53.9,60.7,57.8,58.8,61.1,63.7,63.5,65.8,65.1,74.6,68.8,73.2,69.9,70.1,52.7,54.1,63,60.2,NA,NA,NA,NA,NA,NA,NA,NA,NA,NA,NA,NA,NA,NA,NA,NA,NA,NA,NA,NA,NA,NA,NA,NA,NA,NA,NA,NA,NA,NA,NA,NA,NA,NA,NA,NA,NA,NA,NA,NA,NA,NA,NA,NA,NA,NA,NA,NA,NA,NA,NA
80. Men age 15-49 years who are anaemic (<13.0 g/dl) (%),36.9,19.4,29.3,26.9,24.5,25.5,34.8,33.1,33.7,29.4,25.9,13.1,13.6,19.3,13.1,14.6,10.1,7.6,8.7,10.1,30.6,23.7,23.6,21.5,27.6,32,21.9,19.5,29.2,30.7,30.2,11.7,14.2,11.5,19.4,16,18.4,18.3,36.3,34.1,10.2,17,23.5,21.8,23.1,21,23.6,13.5,14.7,11.3,11.9,NA,NA,NA,NA,NA,NA,NA,NA,NA,NA,NA,NA,NA,NA,NA,NA,NA,NA,NA,NA,NA,NA,NA,NA,NA,NA,NA,NA,NA,NA,NA,NA,NA,NA,NA,NA,NA,NA,NA,NA,NA,NA,NA,NA,NA,NA,NA,NA,NA,NA,NA
81. Blood sugar level - high (>140 mg/dl) (%),5.6,5.2,5.4,5.4,3.6,4.4,4.7,4.9,4.9,2.8,2.9,5.1,4.8,3.7,4.1,4,12.2,4.4,8.6,4.1,4.7,4.5,3.5,3.1,3,3.9,3.5,4.1,3,3,3,4.2,4.3,6.2,3.3,4.5,6,5.2,2.6,2.8,5.9,6.6,6.4,6.7,6.5,4.4,4.4,6.3,6.4,4.4,5.3,NA,NA,NA,NA,NA,NA,NA,NA,NA,NA,NA,NA,NA,NA,NA,NA,NA,NA,NA,NA,NA,NA,NA,NA,NA,NA,NA,NA,NA,NA,NA,NA,NA,NA,NA,NA,NA,NA,NA,NA,NA,NA,NA,NA,NA,NA,NA,NA,NA,NA,NA
82. Blood sugar level - very high (>160 mg/dl) (%),0.9,1.7,1.2,2.3,1.4,1.8,2.4,1.5,1.8,0.7,0.7,1.4,1.5,1.4,2.3,2,6.6,1.7,4.3,2,1.7,1.8,0.7,0.8,1.4,1.6,1.1,1.2,1.5,0.9,1.1,1.5,1.7,1.8,1.2,1.5,1.9,1.8,0.9,0.9,2.1,1.8,1.6,2.4,1.8,1.3,1.3,3.1,3,1.6,2.3,NA,NA,NA,NA,NA,NA,NA,NA,NA,NA,NA,NA,NA,NA,NA,NA,NA,NA,NA,NA,NA,NA,NA,NA,NA,NA,NA,NA,NA,NA,NA,NA,NA,NA,NA,NA,NA,NA,NA,NA,NA,NA,NA,NA,NA,NA,NA,NA,NA,NA,NA
83. Blood sugar level - high (>140 mg/dl) (%),4.4,7.7,5.8,4.4,5.7,5.1,3.4,7.6,6.1,4.2,4.9,5.5,5.6,3.7,10.1,8.5,11.8,6.6,9,6.6,2.2,3.7,2.6,3.5,5.4,4,1.5,1.6,2.6,6.9,5.4,4.6,4.6,5.2,6.6,6,5.4,5.2,5.5,4.3,13.7,11.4,9.7,8.8,9.5,3.4,4.2,8.5,9.4,6.5,4.6,NA,NA,NA,NA,NA,NA,NA,NA,NA,NA,NA,NA,NA,NA,NA,NA,NA,NA,NA,NA,NA,NA,NA,NA,NA,NA,NA,NA,NA,NA,NA,NA,NA,NA,NA,NA,NA,NA,NA,NA,NA,NA,NA,NA,NA,NA,NA,NA,NA,NA,NA
84. Blood sugar level - very high (>160 mg/dl) (%),1.4,5.1,3,2.7,2.1,2.4,0,2.2,1.4,3.3,4.2,2.8,2.6,0,2.2,1.6,6.6,1.4,3.7,2.2,1.1,1.5,1.8,1.4,3.3,2.6,1.5,1.1,0.8,1.2,1.1,1.5,1.1,3.1,1.3,2.1,0.8,1.2,2.9,2.2,4.6,3.1,1.9,0,1.5,1.8,3.2,1.8,3.4,1.9,1.4,NA,NA,NA,NA,NA,NA,NA,NA,NA,NA,NA,NA,NA,NA,NA,NA,NA,NA,NA,NA,NA,NA,NA,NA,NA,NA,NA,NA,NA,NA,NA,NA,NA,NA,NA,NA,NA,NA,NA,NA,NA,NA,NA,NA,NA,NA,NA,NA,NA,NA,NA
85. Slightly above normal (Systolic 140-159 mm of Hg and/or Diastolic 90-99 mm of Hg) (%),8.6,8,8.4,12.2,6.2,8.9,11.9,8.9,10.1,9.4,8.5,6.9,7.2,6.6,3.7,4.6,3,4.1,3.5,5.2,3.2,3.8,5.6,5.6,12.9,13.1,7.6,7.7,11.6,7.9,9.1,7.4,7.4,7.8,6.6,7.1,6.6,6.5,9.7,10.4,8.1,10,5.5,8.2,6.1,8.4,8.2,9,8.5,8,8.5,NA,NA,NA,NA,NA,NA,NA,NA,NA,NA,NA,NA,NA,NA,NA,NA,NA,NA,NA,NA,NA,NA,NA,NA,NA,NA,NA,NA,NA,NA,NA,NA,NA,NA,NA,NA,NA,NA,NA,NA,NA,NA,NA,NA,NA,NA,NA,NA,NA,NA,NA
86. Moderately high (Systolic 160-179 mm of Hg and/or Diastolic 100-109 mm of Hg) (%),1,1.8,1.3,2.5,1.5,2,1.4,0.9,1.1,0.9,0.8,0.9,1.1,1.7,0.6,0.9,0.2,0.4,0.3,0,0.9,0.6,0.4,0.4,0.9,1.2,1.3,1.5,1.2,0.2,0.5,0.5,1.1,2,1.2,1.5,1.2,1.2,1.2,1.3,0.9,1.4,0.9,0.8,0.8,0.6,1.3,2.2,2.1,0.8,0.8,NA,NA,NA,NA,NA,NA,NA,NA,NA,NA,NA,NA,NA,NA,NA,NA,NA,NA,NA,NA,NA,NA,NA,NA,NA,NA,NA,NA,NA,NA,NA,NA,NA,NA,NA,NA,NA,NA,NA,NA,NA,NA,NA,NA,NA,NA,NA,NA,NA,NA,NA
87. Very high (Systolic ?180 mm of Hg and/or Diastolic ?110 mm of Hg) (%),0.1,0.8,0.4,0.8,0.4,0.6,0.3,0.4,0.3,0.3,0.3,0.2,0.4,0.5,0,0.2,0.3,0.5,0.4,0.9,1,0.9,0.4,0.4,0.6,0.5,0.8,1,0.2,0.2,0.2,0.3,0.5,0.8,1.1,1,0.8,0.7,0.1,0.4,0.4,0.5,0.9,0.8,0.9,0.6,0.5,0.5,0.5,0.9,0.8,NA,NA,NA,NA,NA,NA,NA,NA,NA,NA,NA,NA,NA,NA,NA,NA,NA,NA,NA,NA,NA,NA,NA,NA,NA,NA,NA,NA,NA,NA,NA,NA,NA,NA,NA,NA,NA,NA,NA,NA,NA,NA,NA,NA,NA,NA,NA,NA,NA,NA,NA
88. Slightly above normal (Systolic 140-159 mm of Hg and/or Diastolic 90-99 mm of Hg) (%),10.1,12.8,11.3,9.7,8,8.7,20,19.1,19.4,15.5,14.5,16.6,13,10.2,10,10.1,7.7,5.3,6.4,11.8,8.1,9.3,12.7,16.1,11.4,23.2,15.5,16.4,24.9,13.9,17.8,14.6,13.4,19.4,17.9,18.6,19,16.1,15.1,11.7,22.9,20.3,19.5,18.9,19.4,11.8,9.8,11.3,12.7,15.1,15.7,NA,NA,NA,NA,NA,NA,NA,NA,NA,NA,NA,NA,NA,NA,NA,NA,NA,NA,NA,NA,NA,NA,NA,NA,NA,NA,NA,NA,NA,NA,NA,NA,NA,NA,NA,NA,NA,NA,NA,NA,NA,NA,NA,NA,NA,NA,NA,NA,NA,NA,NA
89. Moderately high (Systolic 160-179 mm of Hg and/or Diastolic 100-109 mm of Hg) (%),2.9,1.3,2.2,3.9,0,1.6,0,0,0,1.5,1.6,0.9,0.6,0,2.6,1.9,0,0,0,3.3,0,1.1,2,1.6,2.1,2.4,0.8,1.1,1.7,0,0.6,2.3,1.7,4.1,1,2.4,3.7,2.7,2.1,2.4,4.7,3.8,0,4.2,1,2.1,1.4,2,2.6,4.5,5.6,NA,NA,NA,NA,NA,NA,NA,NA,NA,NA,NA,NA,NA,NA,NA,NA,NA,NA,NA,NA,NA,NA,NA,NA,NA,NA,NA,NA,NA,NA,NA,NA,NA,NA,NA,NA,NA,NA,NA,NA,NA,NA,NA,NA,NA,NA,NA,NA,NA,NA,NA
90. Very high (Systolic ?180 mm of Hg and/or Diastolic ?110 mm of Hg) (%),0,1.4,0.6,2.5,0,1,0,1.2,0.8,0.9,0.6,1.8,1.3,0,0,0,0,0,0,1,0,0.4,0,0,0.7,0.5,1.1,0.8,0,1.2,0.8,0.8,1.2,2,0,0.9,0,0.7,0.5,0.4,1.8,1.2,0,0,0,0,0,0,0.7,1,2.3,NA,NA,NA,NA,NA,NA,NA,NA,NA,NA,NA,NA,NA,NA,NA,NA,NA,NA,NA,NA,NA,NA,NA,NA,NA,NA,NA,NA,NA,NA,NA,NA,NA,NA,NA,NA,NA,NA,NA,NA,NA,NA,NA,NA,NA,NA,NA,NA,NA,NA,NA
91. Cervix (%),66.6,57,63,53.9,57.3,55.7,51.8,40.8,45.2,46.1,47.7,54.1,56.6,53.4,59.2,57.4,39.3,35.2,37.4,29.5,30.7,30.3,62.7,58.3,42.1,42.4,51.8,44.7,45.6,24.8,31.5,24.3,24.4,28.9,25.1,26.7,9,12.5,24.2,24.5,21,20.3,15.8,12.5,15,9,8.8,13.4,12.8,7.2,6.6,NA,NA,NA,NA,NA,NA,NA,NA,NA,NA,NA,NA,NA,NA,NA,NA,NA,NA,NA,NA,NA,NA,NA,NA,NA,NA,NA,NA,NA,NA,NA,NA,NA,NA,NA,NA,NA,NA,NA,NA,NA,NA,NA,NA,NA,NA,NA,NA,NA,NA,NA
92. Breast (%),25.5,16.6,22.1,18.3,17.9,18.1,28.4,19.7,23.2,29,31.6,8.1,9,19.3,16.3,17.2,27.5,21.8,24.8,21.5,19.2,20,8.8,12.6,30.5,30.2,17.7,15,30.4,18.7,22.5,13.1,12.1,9.4,11.2,10.4,8.2,8.2,14.6,18.5,10.5,9.7,14.3,7.5,12.6,4.6,4.1,9,9.5,6.4,9.8,NA,NA,NA,NA,NA,NA,NA,NA,NA,NA,NA,NA,NA,NA,NA,NA,NA,NA,NA,NA,NA,NA,NA,NA,NA,NA,NA,NA,NA,NA,NA,NA,NA,NA,NA,NA,NA,NA,NA,NA,NA,NA,NA,NA,NA,NA,NA,NA,NA,NA,NA
93. Oral cavity (%),39.1,45.6,41.6,48.9,29.1,38.3,27.5,29.5,28.7,58.9,58.5,22.4,29.2,34,37.3,36.2,24.3,17.9,21.3,25.1,26.9,26.3,25.8,28,39.2,40.5,29.6,23.6,50.5,35.2,40.2,20.3,21.1,20.9,18.9,19.7,16.7,16.9,28.3,30.7,14.5,14.5,24.1,21.2,23.4,6.2,6.4,14.9,15.1,13.4,15.3,NA,NA,NA,NA,NA,NA,NA,NA,NA,NA,NA,NA,NA,NA,NA,NA,NA,NA,NA,NA,NA,NA,NA,NA,NA,NA,NA,NA,NA,NA,NA,NA,NA,NA,NA,NA,NA,NA,NA,NA,NA,NA,NA,NA,NA,NA,NA,NA,NA,NA,NA
